{
  "dataset_revision": "fd7df84ac089bbec763b1c6bb1b56e985df5cc5c",
  "task_name": "AutoRAGRetrieval",
  "mteb_version": "1.38.27",
  "scores": {
    "test": [
      {
        "ndcg_at_1": 0.79825,
        "ndcg_at_3": 0.88565,
        "ndcg_at_5": 0.89282,
        "ndcg_at_10": 0.90131,
        "ndcg_at_20": 0.90355,
        "ndcg_at_100": 0.90524,
        "ndcg_at_1000": 0.90524,
        "map_at_1": 0.79825,
        "map_at_3": 0.86696,
        "map_at_5": 0.87091,
        "map_at_10": 0.87439,
        "map_at_20": 0.87501,
        "map_at_100": 0.87526,
        "map_at_1000": 0.87526,
        "recall_at_1": 0.79825,
        "recall_at_3": 0.9386,
        "recall_at_5": 0.95614,
        "recall_at_10": 0.98246,
        "recall_at_20": 0.99123,
        "recall_at_100": 1.0,
        "recall_at_1000": 1.0,
        "precision_at_1": 0.79825,
        "precision_at_3": 0.31287,
        "precision_at_5": 0.19123,
        "precision_at_10": 0.09825,
        "precision_at_20": 0.04956,
        "precision_at_100": 0.01,
        "precision_at_1000": 0.001,
        "mrr_at_1": 0.815789,
        "mrr_at_3": 0.877193,
        "mrr_at_5": 0.88114,
        "mrr_at_10": 0.883368,
        "mrr_at_20": 0.883953,
        "mrr_at_100": 0.884204,
        "mrr_at_1000": 0.884204,
        "nauc_ndcg_at_1_max": 0.059464,
        "nauc_ndcg_at_1_std": -0.784643,
        "nauc_ndcg_at_1_diff1": 0.837246,
        "nauc_ndcg_at_3_max": 0.061553,
        "nauc_ndcg_at_3_std": -0.707988,
        "nauc_ndcg_at_3_diff1": 0.73298,
        "nauc_ndcg_at_5_max": 0.075074,
        "nauc_ndcg_at_5_std": -0.748506,
        "nauc_ndcg_at_5_diff1": 0.739293,
        "nauc_ndcg_at_10_max": 0.061789,
        "nauc_ndcg_at_10_std": -0.731187,
        "nauc_ndcg_at_10_diff1": 0.763826,
        "nauc_ndcg_at_20_max": 0.041938,
        "nauc_ndcg_at_20_std": -0.744991,
        "nauc_ndcg_at_20_diff1": 0.768962,
        "nauc_ndcg_at_100_max": 0.064254,
        "nauc_ndcg_at_100_std": -0.737446,
        "nauc_ndcg_at_100_diff1": 0.769836,
        "nauc_ndcg_at_1000_max": 0.064254,
        "nauc_ndcg_at_1000_std": -0.737446,
        "nauc_ndcg_at_1000_diff1": 0.769836,
        "nauc_map_at_1_max": 0.059464,
        "nauc_map_at_1_std": -0.784643,
        "nauc_map_at_1_diff1": 0.837246,
        "nauc_map_at_3_max": 0.064441,
        "nauc_map_at_3_std": -0.729338,
        "nauc_map_at_3_diff1": 0.764444,
        "nauc_map_at_5_max": 0.072746,
        "nauc_map_at_5_std": -0.746666,
        "nauc_map_at_5_diff1": 0.768208,
        "nauc_map_at_10_max": 0.069044,
        "nauc_map_at_10_std": -0.73862,
        "nauc_map_at_10_diff1": 0.775622,
        "nauc_map_at_20_max": 0.064797,
        "nauc_map_at_20_std": -0.741639,
        "nauc_map_at_20_diff1": 0.776793,
        "nauc_map_at_100_max": 0.067302,
        "nauc_map_at_100_std": -0.740802,
        "nauc_map_at_100_diff1": 0.776906,
        "nauc_map_at_1000_max": 0.067302,
        "nauc_map_at_1000_std": -0.740802,
        "nauc_map_at_1000_diff1": 0.776906,
        "nauc_recall_at_1_max": 0.059464,
        "nauc_recall_at_1_std": -0.784643,
        "nauc_recall_at_1_diff1": 0.837246,
        "nauc_recall_at_3_max": 0.041335,
        "nauc_recall_at_3_std": -0.586633,
        "nauc_recall_at_3_diff1": 0.551476,
        "nauc_recall_at_5_max": 0.087251,
        "nauc_recall_at_5_std": -0.791904,
        "nauc_recall_at_5_diff1": 0.516633,
        "nauc_recall_at_10_max": -0.138561,
        "nauc_recall_at_10_std": -0.658118,
        "nauc_recall_at_10_diff1": 0.638583,
        "nauc_recall_at_20_max": -1.14691,
        "nauc_recall_at_20_std": -1.14691,
        "nauc_recall_at_20_diff1": 0.722407,
        "nauc_recall_at_100_max": NaN,
        "nauc_recall_at_100_std": NaN,
        "nauc_recall_at_100_diff1": NaN,
        "nauc_recall_at_1000_max": NaN,
        "nauc_recall_at_1000_std": NaN,
        "nauc_recall_at_1000_diff1": NaN,
        "nauc_precision_at_1_max": 0.059464,
        "nauc_precision_at_1_std": -0.784643,
        "nauc_precision_at_1_diff1": 0.837246,
        "nauc_precision_at_3_max": 0.041335,
        "nauc_precision_at_3_std": -0.586633,
        "nauc_precision_at_3_diff1": 0.551476,
        "nauc_precision_at_5_max": 0.087251,
        "nauc_precision_at_5_std": -0.791904,
        "nauc_precision_at_5_diff1": 0.516633,
        "nauc_precision_at_10_max": -0.138561,
        "nauc_precision_at_10_std": -0.658118,
        "nauc_precision_at_10_diff1": 0.638583,
        "nauc_precision_at_20_max": -1.14691,
        "nauc_precision_at_20_std": -1.14691,
        "nauc_precision_at_20_diff1": 0.722407,
        "nauc_precision_at_100_max": 1.0,
        "nauc_precision_at_100_std": 1.0,
        "nauc_precision_at_100_diff1": 1.0,
        "nauc_precision_at_1000_max": 1.0,
        "nauc_precision_at_1000_std": 1.0,
        "nauc_precision_at_1000_diff1": 1.0,
        "nauc_mrr_at_1_max": 0.213616,
        "nauc_mrr_at_1_std": -0.705192,
        "nauc_mrr_at_1_diff1": 0.822872,
        "nauc_mrr_at_3_max": 0.194909,
        "nauc_mrr_at_3_std": -0.65429,
        "nauc_mrr_at_3_diff1": 0.749407,
        "nauc_mrr_at_5_max": 0.208432,
        "nauc_mrr_at_5_std": -0.670392,
        "nauc_mrr_at_5_diff1": 0.752948,
        "nauc_mrr_at_10_max": 0.200003,
        "nauc_mrr_at_10_std": -0.671655,
        "nauc_mrr_at_10_diff1": 0.761727,
        "nauc_mrr_at_20_max": 0.196453,
        "nauc_mrr_at_20_std": -0.674317,
        "nauc_mrr_at_20_diff1": 0.762824,
        "nauc_mrr_at_100_max": 0.199512,
        "nauc_mrr_at_100_std": -0.673242,
        "nauc_mrr_at_100_diff1": 0.762916,
        "nauc_mrr_at_1000_max": 0.199512,
        "nauc_mrr_at_1000_std": -0.673242,
        "nauc_mrr_at_1000_diff1": 0.762916,
        "main_score": 0.90131,
        "hf_subset": "default",
        "languages": [
          "kor-Hang"
        ]
      }
    ]
  },
  "evaluation_time": 199.8633623123169,
  "kg_co2_emissions": null
}