{
  "dataset_revision": "75b399394a9803252cfec289d103de462763db7c",
  "task_name": "BelebeleRetrieval",
  "mteb_version": "1.38.27",
  "scores": {
    "test": [
      {
        "ndcg_at_1": 0.92444,
        "ndcg_at_3": 0.94165,
        "ndcg_at_5": 0.94629,
        "ndcg_at_10": 0.94984,
        "ndcg_at_20": 0.95213,
        "ndcg_at_100": 0.95373,
        "ndcg_at_1000": 0.95459,
        "map_at_1": 0.92444,
        "map_at_3": 0.93759,
        "map_at_5": 0.9402,
        "map_at_10": 0.94164,
        "map_at_20": 0.94229,
        "map_at_100": 0.9425,
        "map_at_1000": 0.94253,
        "recall_at_1": 0.92444,
        "recall_at_3": 0.95333,
        "recall_at_5": 0.96444,
        "recall_at_10": 0.97556,
        "recall_at_20": 0.98444,
        "recall_at_100": 0.99333,
        "recall_at_1000": 1.0,
        "precision_at_1": 0.92444,
        "precision_at_3": 0.31778,
        "precision_at_5": 0.19289,
        "precision_at_10": 0.09756,
        "precision_at_20": 0.04922,
        "precision_at_100": 0.00993,
        "precision_at_1000": 0.001,
        "mrr_at_1": 0.924444,
        "mrr_at_3": 0.937593,
        "mrr_at_5": 0.940204,
        "mrr_at_10": 0.941524,
        "mrr_at_20": 0.942264,
        "mrr_at_100": 0.942486,
        "mrr_at_1000": 0.942511,
        "nauc_ndcg_at_1_max": 0.881639,
        "nauc_ndcg_at_1_std": 0.863377,
        "nauc_ndcg_at_1_diff1": 0.900382,
        "nauc_ndcg_at_3_max": 0.905631,
        "nauc_ndcg_at_3_std": 0.883749,
        "nauc_ndcg_at_3_diff1": 0.921196,
        "nauc_ndcg_at_5_max": 0.899808,
        "nauc_ndcg_at_5_std": 0.877083,
        "nauc_ndcg_at_5_diff1": 0.916719,
        "nauc_ndcg_at_10_max": 0.899175,
        "nauc_ndcg_at_10_std": 0.875871,
        "nauc_ndcg_at_10_diff1": 0.916367,
        "nauc_ndcg_at_20_max": 0.896713,
        "nauc_ndcg_at_20_std": 0.87557,
        "nauc_ndcg_at_20_diff1": 0.912361,
        "nauc_ndcg_at_100_max": 0.899543,
        "nauc_ndcg_at_100_std": 0.877668,
        "nauc_ndcg_at_100_diff1": 0.915731,
        "nauc_ndcg_at_1000_max": 0.89807,
        "nauc_ndcg_at_1000_std": 0.876514,
        "nauc_ndcg_at_1000_diff1": 0.914567,
        "nauc_map_at_1_max": 0.881639,
        "nauc_map_at_1_std": 0.863377,
        "nauc_map_at_1_diff1": 0.900382,
        "nauc_map_at_3_max": 0.899904,
        "nauc_map_at_3_std": 0.879103,
        "nauc_map_at_3_diff1": 0.916292,
        "nauc_map_at_5_max": 0.896747,
        "nauc_map_at_5_std": 0.875524,
        "nauc_map_at_5_diff1": 0.913851,
        "nauc_map_at_10_max": 0.896379,
        "nauc_map_at_10_std": 0.874984,
        "nauc_map_at_10_diff1": 0.913592,
        "nauc_map_at_20_max": 0.895775,
        "nauc_map_at_20_std": 0.874894,
        "nauc_map_at_20_diff1": 0.912613,
        "nauc_map_at_100_max": 0.896243,
        "nauc_map_at_100_std": 0.875286,
        "nauc_map_at_100_diff1": 0.913141,
        "nauc_map_at_1000_max": 0.896197,
        "nauc_map_at_1000_std": 0.87524,
        "nauc_map_at_1000_diff1": 0.913106,
        "nauc_recall_at_1_max": 0.881639,
        "nauc_recall_at_1_std": 0.863377,
        "nauc_recall_at_1_diff1": 0.900382,
        "nauc_recall_at_3_max": 0.927026,
        "nauc_recall_at_3_std": 0.90096,
        "nauc_recall_at_3_diff1": 0.939476,
        "nauc_recall_at_5_max": 0.912392,
        "nauc_recall_at_5_std": 0.882265,
        "nauc_recall_at_5_diff1": 0.928732,
        "nauc_recall_at_10_max": 0.914905,
        "nauc_recall_at_10_std": 0.877769,
        "nauc_recall_at_10_diff1": 0.932731,
        "nauc_recall_at_20_max": 0.894291,
        "nauc_recall_at_20_std": 0.875617,
        "nauc_recall_at_20_diff1": 0.894291,
        "nauc_recall_at_100_max": 0.978214,
        "nauc_recall_at_100_std": 0.934641,
        "nauc_recall_at_100_diff1": 0.978214,
        "nauc_recall_at_1000_max": NaN,
        "nauc_recall_at_1000_std": NaN,
        "nauc_recall_at_1000_diff1": NaN,
        "nauc_precision_at_1_max": 0.881639,
        "nauc_precision_at_1_std": 0.863377,
        "nauc_precision_at_1_diff1": 0.900382,
        "nauc_precision_at_3_max": 0.927026,
        "nauc_precision_at_3_std": 0.90096,
        "nauc_precision_at_3_diff1": 0.939476,
        "nauc_precision_at_5_max": 0.912392,
        "nauc_precision_at_5_std": 0.882265,
        "nauc_precision_at_5_diff1": 0.928732,
        "nauc_precision_at_10_max": 0.914905,
        "nauc_precision_at_10_std": 0.877769,
        "nauc_precision_at_10_diff1": 0.932731,
        "nauc_precision_at_20_max": 0.894291,
        "nauc_precision_at_20_std": 0.875617,
        "nauc_precision_at_20_diff1": 0.894291,
        "nauc_precision_at_100_max": 0.978214,
        "nauc_precision_at_100_std": 0.934641,
        "nauc_precision_at_100_diff1": 0.978214,
        "nauc_precision_at_1000_max": NaN,
        "nauc_precision_at_1000_std": NaN,
        "nauc_precision_at_1000_diff1": NaN,
        "nauc_mrr_at_1_max": 0.881639,
        "nauc_mrr_at_1_std": 0.865539,
        "nauc_mrr_at_1_diff1": 0.900382,
        "nauc_mrr_at_3_max": 0.899904,
        "nauc_mrr_at_3_std": 0.880412,
        "nauc_mrr_at_3_diff1": 0.916292,
        "nauc_mrr_at_5_max": 0.896747,
        "nauc_mrr_at_5_std": 0.87689,
        "nauc_mrr_at_5_diff1": 0.913851,
        "nauc_mrr_at_10_max": 0.896682,
        "nauc_mrr_at_10_std": 0.876726,
        "nauc_mrr_at_10_diff1": 0.913862,
        "nauc_mrr_at_20_max": 0.89591,
        "nauc_mrr_at_20_std": 0.876433,
        "nauc_mrr_at_20_diff1": 0.912758,
        "nauc_mrr_at_100_max": 0.896358,
        "nauc_mrr_at_100_std": 0.876806,
        "nauc_mrr_at_100_diff1": 0.913272,
        "nauc_mrr_at_1000_max": 0.896332,
        "nauc_mrr_at_1000_std": 0.876783,
        "nauc_mrr_at_1000_diff1": 0.913252,
        "main_score": 0.94984,
        "hf_subset": "kor_Hang-kor_Hang",
        "languages": [
          "kor-Hang",
          "kor-Hang"
        ]
      },
      {
        "ndcg_at_1": 0.88111,
        "ndcg_at_3": 0.92082,
        "ndcg_at_5": 0.92632,
        "ndcg_at_10": 0.92945,
        "ndcg_at_20": 0.93295,
        "ndcg_at_100": 0.93407,
        "ndcg_at_1000": 0.9352,
        "map_at_1": 0.88111,
        "map_at_3": 0.91111,
        "map_at_5": 0.91417,
        "map_at_10": 0.9154,
        "map_at_20": 0.91643,
        "map_at_100": 0.91661,
        "map_at_1000": 0.91666,
        "recall_at_1": 0.88111,
        "recall_at_3": 0.94889,
        "recall_at_5": 0.96222,
        "recall_at_10": 0.97222,
        "recall_at_20": 0.98556,
        "recall_at_100": 0.99111,
        "recall_at_1000": 1.0,
        "precision_at_1": 0.88111,
        "precision_at_3": 0.3163,
        "precision_at_5": 0.19244,
        "precision_at_10": 0.09722,
        "precision_at_20": 0.04928,
        "precision_at_100": 0.00991,
        "precision_at_1000": 0.001,
        "mrr_at_1": 0.881111,
        "mrr_at_3": 0.911296,
        "mrr_at_5": 0.914241,
        "mrr_at_10": 0.915841,
        "mrr_at_20": 0.916878,
        "mrr_at_100": 0.917059,
        "mrr_at_1000": 0.917109,
        "nauc_ndcg_at_1_max": 0.81301,
        "nauc_ndcg_at_1_std": 0.774611,
        "nauc_ndcg_at_1_diff1": 0.87714,
        "nauc_ndcg_at_3_max": 0.835561,
        "nauc_ndcg_at_3_std": 0.796932,
        "nauc_ndcg_at_3_diff1": 0.898793,
        "nauc_ndcg_at_5_max": 0.830024,
        "nauc_ndcg_at_5_std": 0.791714,
        "nauc_ndcg_at_5_diff1": 0.894321,
        "nauc_ndcg_at_10_max": 0.825649,
        "nauc_ndcg_at_10_std": 0.787798,
        "nauc_ndcg_at_10_diff1": 0.892156,
        "nauc_ndcg_at_20_max": 0.826291,
        "nauc_ndcg_at_20_std": 0.787826,
        "nauc_ndcg_at_20_diff1": 0.891331,
        "nauc_ndcg_at_100_max": 0.826022,
        "nauc_ndcg_at_100_std": 0.787841,
        "nauc_ndcg_at_100_diff1": 0.890817,
        "nauc_ndcg_at_1000_max": 0.825723,
        "nauc_ndcg_at_1000_std": 0.787614,
        "nauc_ndcg_at_1000_diff1": 0.890027,
        "nauc_map_at_1_max": 0.81301,
        "nauc_map_at_1_std": 0.774611,