{
  "dataset_revision": "75b399394a9803252cfec289d103de462763db7c",
  "task_name": "BelebeleRetrieval",
  "mteb_version": "1.38.30",
  "scores": {
    "test": [
      {
        "ndcg_at_1": 0.93889,
        "ndcg_at_3": 0.95835,
        "ndcg_at_5": 0.96337,
        "ndcg_at_10": 0.96551,
        "ndcg_at_20": 0.96669,
        "ndcg_at_100": 0.96777,
        "ndcg_at_1000": 0.96777,
        "map_at_1": 0.93889,
        "map_at_3": 0.95389,
        "map_at_5": 0.95667,
        "map_at_10": 0.95754,
        "map_at_20": 0.9579,
        "map_at_100": 0.95806,
        "map_at_1000": 0.95806,
        "recall_at_1": 0.93889,
        "recall_at_3": 0.97111,
        "recall_at_5": 0.98333,
        "recall_at_10": 0.99,
        "recall_at_20": 0.99444,
        "recall_at_100": 1.0,
        "recall_at_1000": 1.0,
        "precision_at_1": 0.93889,
        "precision_at_3": 0.3237,
        "precision_at_5": 0.19667,
        "precision_at_10": 0.099,
        "precision_at_20": 0.04972,
        "precision_at_100": 0.01,
        "precision_at_1000": 0.001,
        "mrr_at_1": 0.938889,
        "mrr_at_3": 0.954259,
        "mrr_at_5": 0.956759,
        "mrr_at_10": 0.957746,
        "mrr_at_20": 0.958007,
        "mrr_at_100": 0.958173,
        "mrr_at_1000": 0.958173,
        "nauc_ndcg_at_1_max": 0.88248,
        "nauc_ndcg_at_1_std": 0.87743,
        "nauc_ndcg_at_1_diff1": 0.899202,
        "nauc_ndcg_at_3_max": 0.907232,
        "nauc_ndcg_at_3_std": 0.899822,
        "nauc_ndcg_at_3_diff1": 0.922886,
        "nauc_ndcg_at_5_max": 0.910259,
        "nauc_ndcg_at_5_std": 0.903559,
        "nauc_ndcg_at_5_diff1": 0.926525,
        "nauc_ndcg_at_10_max": 0.907401,
        "nauc_ndcg_at_10_std": 0.900285,
        "nauc_ndcg_at_10_diff1": 0.92346,
        "nauc_ndcg_at_20_max": 0.904121,
        "nauc_ndcg_at_20_std": 0.897899,
        "nauc_ndcg_at_20_diff1": 0.920749,
        "nauc_ndcg_at_100_max": 0.901698,
        "nauc_ndcg_at_100_std": 0.895266,
        "nauc_ndcg_at_100_diff1": 0.918082,
        "nauc_ndcg_at_1000_max": 0.901698,
        "nauc_ndcg_at_1000_std": 0.895266,
        "nauc_ndcg_at_1000_diff1": 0.918082,
        "nauc_map_at_1_max": 0.88248,
        "nauc_map_at_1_std": 0.87743,
        "nauc_map_at_1_diff1": 0.899202,
        "nauc_map_at_3_max": 0.90107,
        "nauc_map_at_3_std": 0.894377,
        "nauc_map_at_3_diff1": 0.916876,
        "nauc_map_at_5_max": 0.901791,
        "nauc_map_at_5_std": 0.895423,
        "nauc_map_at_5_diff1": 0.91794,
        "nauc_map_at_10_max": 0.900677,
        "nauc_map_at_10_std": 0.894177,
        "nauc_map_at_10_diff1": 0.916816,
        "nauc_map_at_20_max": 0.899844,
        "nauc_map_at_20_std": 0.893555,
        "nauc_map_at_20_diff1": 0.916119,
        "nauc_map_at_100_max": 0.89952,
        "nauc_map_at_100_std": 0.893206,
        "nauc_map_at_100_diff1": 0.915787,
        "nauc_map_at_1000_max": 0.89952,
        "nauc_map_at_1000_std": 0.893206,
        "nauc_map_at_1000_diff1": 0.915787,
        "nauc_recall_at_1_max": 0.88248,
        "nauc_recall_at_1_std": 0.87743,
        "nauc_recall_at_1_diff1": 0.899202,
        "nauc_recall_at_3_max": 0.934461,
        "nauc_recall_at_3_std": 0.923777,
        "nauc_recall_at_3_diff1": 0.949544,
        "nauc_recall_at_5_max": 0.973856,
        "nauc_recall_at_5_std": 0.965142,
        "nauc_recall_at_5_diff1": 0.991285,
        "nauc_recall_at_10_max": 0.985476,
        "nauc_recall_at_10_std": 0.970951,
        "nauc_recall_at_10_diff1": 1.0,
        "nauc_recall_at_20_max": 0.973856,
        "nauc_recall_at_20_std": 0.973856,
        "nauc_recall_at_20_diff1": 1.0,
        "nauc_recall_at_100_max": NaN,
        "nauc_recall_at_100_std": NaN,
        "nauc_recall_at_100_diff1": NaN,
        "nauc_recall_at_1000_max": NaN,
        "nauc_recall_at_1000_std": NaN,
        "nauc_recall_at_1000_diff1": NaN,
        "nauc_precision_at_1_max": 0.88248,
        "nauc_precision_at_1_std": 0.87743,
        "nauc_precision_at_1_diff1": 0.899202,
        "nauc_precision_at_3_max": 0.934461,
        "nauc_precision_at_3_std": 0.923777,
        "nauc_precision_at_3_diff1": 0.949544,
        "nauc_precision_at_5_max": 0.973856,
        "nauc_precision_at_5_std": 0.965142,
        "nauc_precision_at_5_diff1": 0.991285,
        "nauc_precision_at_10_max": 0.985476,
        "nauc_precision_at_10_std": 0.970951,
        "nauc_precision_at_10_diff1": 1.0,
        "nauc_precision_at_20_max": 0.973856,
        "nauc_precision_at_20_std": 0.973856,
        "nauc_precision_at_20_diff1": 1.0,
        "nauc_precision_at_100_max": 1.0,
        "nauc_precision_at_100_std": 1.0,
        "nauc_precision_at_100_diff1": 1.0,
        "nauc_precision_at_1000_max": NaN,
        "nauc_precision_at_1000_std": NaN,
        "nauc_precision_at_1000_diff1": NaN,
        "nauc_mrr_at_1_max": 0.88248,
        "nauc_mrr_at_1_std": 0.87743,
        "nauc_mrr_at_1_diff1": 0.899202,
        "nauc_mrr_at_3_max": 0.900269,
        "nauc_mrr_at_3_std": 0.893522,
        "nauc_mrr_at_3_diff1": 0.916203,
        "nauc_mrr_at_5_max": 0.901581,
        "nauc_mrr_at_5_std": 0.895199,
        "nauc_mrr_at_5_diff1": 0.917764,
        "nauc_mrr_at_10_max": 0.900198,
        "nauc_mrr_at_10_std": 0.893667,
        "nauc_mrr_at_10_diff1": 0.916415,
        "nauc_mrr_at_20_max": 0.899579,
        "nauc_mrr_at_20_std": 0.893273,
        "nauc_mrr_at_20_diff1": 0.915897,
        "nauc_mrr_at_100_max": 0.899253,
        "nauc_mrr_at_100_std": 0.892922,
        "nauc_mrr_at_100_diff1": 0.915563,
        "nauc_mrr_at_1000_max": 0.899253,
        "nauc_mrr_at_1000_std": 0.892922,
        "nauc_mrr_at_1000_diff1": 0.915563,
        "main_score": 0.96551,
        "hf_subset": "kor_Hang-kor_Hang",
        "languages": [
          "kor-Hang",
          "kor-Hang"
        ]
      },
      {
        "ndcg_at_1": 0.09778,
        "ndcg_at_3": 0.10128,
        "ndcg_at_5": 0.10128,
        "ndcg_at_10": 0.10128,
        "ndcg_at_20": 0.10128,
        "ndcg_at_100": 0.10128,
        "ndcg_at_1000": 0.10128,
        "map_at_1": 0.09778,
        "map_at_3": 0.10056,
        "map_at_5": 0.10056,
        "map_at_10": 0.10056,
        "map_at_20": 0.10056,
        "map_at_100": 0.10056,
        "map_at_1000": 0.10056,
        "recall_at_1": 0.09778,
        "recall_at_3": 0.10333,
        "recall_at_5": 0.10333,
        "recall_at_10": 0.10333,
        "recall_at_20": 0.10333,
        "recall_at_100": 0.10333,
        "recall_at_1000": 0.10333,
        "precision_at_1": 0.09778,
        "precision_at_3": 0.03444,
        "precision_at_5": 0.02067,
        "precision_at_10": 0.01033,
        "precision_at_20": 0.00517,
        "precision_at_100": 0.00103,
        "precision_at_1000": 0.0001,
        "mrr_at_1": 0.097778,
        "mrr_at_3": 0.100556,
        "mrr_at_5": 0.100556,
        "mrr_at_10": 0.100556,
        "mrr_at_20": 0.100556,
        "mrr_at_100": 0.100556,
        "mrr_at_1000": 0.100556,
        "nauc_ndcg_at_1_max": 0.919323,
        "nauc_ndcg_at_1_std": 0.916762,
        "nauc_ndcg_at_1_diff1": 0.932513,
        "nauc_ndcg_at_3_max": 0.921565,
        "nauc_ndcg_at_3_std": 0.919075,
        "nauc_ndcg_at_3_diff1": 0.929675,
        "nauc_ndcg_at_5_max": 0.921565,
        "nauc_ndcg_at_5_std": 0.919075,
        "nauc_ndcg_at_5_diff1": 0.929675,
        "nauc_ndcg_at_10_max": 0.921565,
        "nauc_ndcg_at_10_std": 0.919075,
        "nauc_ndcg_at_10_diff1": 0.929675,
        "nauc_ndcg_at_20_max": 0.921565,
        "nauc_ndcg_at_20_std": 0.919075,
        "nauc_ndcg_at_20_diff1": 0.929675,
        "nauc_ndcg_at_100_max": 0.921565,
        "nauc_ndcg_at_100_std": 0.919075,
        "nauc_ndcg_at_100_diff1": 0.929675,
        "nauc_ndcg_at_1000_max": 0.921565,
        "nauc_ndcg_at_1000_std": 0.919075,
        "nauc_ndcg_at_1000_diff1": 0.929675,
        "nauc_map_at_1_max": 0.919323,
        "nauc_map_at_1_std": 0.916762,
        "nauc_map_at_1_diff1": 0.932513,
        "nauc_map_at_3_max": 0.92111,