{
  "dataset_revision": "d243889a3eb6654029dbd7e7f9319ae31d58f97c",
  "task_name": "Ko-StrategyQA",
  "mteb_version": "1.38.27",
  "scores": {
    "dev": [
      {
        "ndcg_at_1": 0.80912,
        "ndcg_at_3": 0.7976,
        "ndcg_at_5": 0.82021,
        "ndcg_at_10": 0.83193,
        "ndcg_at_20": 0.83948,
        "ndcg_at_100": 0.85184,
        "ndcg_at_1000": 0.86026,
        "map_at_1": 0.52442,
        "map_at_3": 0.764,
        "map_at_5": 0.78971,
        "map_at_10": 0.7978,
        "map_at_20": 0.8006,
        "map_at_100": 0.80308,
        "map_at_1000": 0.80354,
        "recall_at_1": 0.52442,
        "recall_at_3": 0.79971,
        "recall_at_5": 0.84555,
        "recall_at_10": 0.87467,
        "recall_at_20": 0.89797,
        "recall_at_100": 0.95059,
        "recall_at_1000": 1.0,
        "precision_at_1": 0.80912,
        "precision_at_3": 0.47635,
        "precision_at_5": 0.31081,
        "precision_at_10": 0.16216,
        "precision_at_20": 0.08378,
        "precision_at_100": 0.01796,
        "precision_at_1000": 0.00193,
        "mrr_at_1": 0.824324,
        "mrr_at_3": 0.852759,
        "mrr_at_5": 0.855884,
        "mrr_at_10": 0.857254,
        "mrr_at_20": 0.859155,
        "mrr_at_100": 0.860061,
        "mrr_at_1000": 0.860209,
        "nauc_ndcg_at_1_max": 0.666611,
        "nauc_ndcg_at_1_std": 0.477673,
        "nauc_ndcg_at_1_diff1": 0.565689,
        "nauc_ndcg_at_3_max": 0.710627,
        "nauc_ndcg_at_3_std": 0.564443,
        "nauc_ndcg_at_3_diff1": 0.493624,
        "nauc_ndcg_at_5_max": 0.744976,
        "nauc_ndcg_at_5_std": 0.633923,
        "nauc_ndcg_at_5_diff1": 0.505851,
        "nauc_ndcg_at_10_max": 0.757552,
        "nauc_ndcg_at_10_std": 0.647553,
        "nauc_ndcg_at_10_diff1": 0.507911,
        "nauc_ndcg_at_20_max": 0.754628,
        "nauc_ndcg_at_20_std": 0.648656,
        "nauc_ndcg_at_20_diff1": 0.510631,
        "nauc_ndcg_at_100_max": 0.743765,
        "nauc_ndcg_at_100_std": 0.628663,
        "nauc_ndcg_at_100_diff1": 0.511213,
        "nauc_ndcg_at_1000_max": 0.732317,
        "nauc_ndcg_at_1000_std": 0.610315,
        "nauc_ndcg_at_1000_diff1": 0.507696,
        "nauc_map_at_1_max": 0.311024,
        "nauc_map_at_1_std": -0.022365,
        "nauc_map_at_1_diff1": 0.645461,
        "nauc_map_at_3_max": 0.667752,
        "nauc_map_at_3_std": 0.492171,
        "nauc_map_at_3_diff1": 0.474078,
        "nauc_map_at_5_max": 0.701769,
        "nauc_map_at_5_std": 0.567694,
        "nauc_map_at_5_diff1": 0.484495,
        "nauc_map_at_10_max": 0.708825,
        "nauc_map_at_10_std": 0.574568,
        "nauc_map_at_10_diff1": 0.4851,
        "nauc_map_at_20_max": 0.707625,
        "nauc_map_at_20_std": 0.575698,
        "nauc_map_at_20_diff1": 0.485415,
        "nauc_map_at_100_max": 0.705161,
        "nauc_map_at_100_std": 0.571531,
        "nauc_map_at_100_diff1": 0.48503,
        "nauc_map_at_1000_max": 0.704603,
        "nauc_map_at_1000_std": 0.570644,
        "nauc_map_at_1000_diff1": 0.484856,
        "nauc_recall_at_1_max": 0.311024,
        "nauc_recall_at_1_std": -0.022365,
        "nauc_recall_at_1_diff1": 0.645461,
        "nauc_recall_at_3_max": 0.738433,
        "nauc_recall_at_3_std": 0.607966,
        "nauc_recall_at_3_diff1": 0.467929,
        "nauc_recall_at_5_max": 0.819102,
        "nauc_recall_at_5_std": 0.771249,
        "nauc_recall_at_5_diff1": 0.493271,
        "nauc_recall_at_10_max": 0.870161,
        "nauc_recall_at_10_std": 0.834186,
        "nauc_recall_at_10_diff1": 0.505242,
        "nauc_recall_at_20_max": 0.882584,
        "nauc_recall_at_20_std": 0.877545,
        "nauc_recall_at_20_diff1": 0.521815,
        "nauc_recall_at_100_max": 0.905313,
        "nauc_recall_at_100_std": 0.894727,
        "nauc_recall_at_100_diff1": 0.565241,
        "nauc_recall_at_1000_max": NaN,
        "nauc_recall_at_1000_std": NaN,
        "nauc_recall_at_1000_diff1": NaN,
        "nauc_precision_at_1_max": 0.666611,
        "nauc_precision_at_1_std": 0.477673,
        "nauc_precision_at_1_diff1": 0.565689,
        "nauc_precision_at_3_max": 0.352057,
        "nauc_precision_at_3_std": 0.577619,
        "nauc_precision_at_3_diff1": -0.193751,
        "nauc_precision_at_5_max": 0.260997,
        "nauc_precision_at_5_std": 0.530877,
        "nauc_precision_at_5_diff1": -0.221226,
        "nauc_precision_at_10_max": 0.211619,
        "nauc_precision_at_10_std": 0.48861,
        "nauc_precision_at_10_diff1": -0.255913,
        "nauc_precision_at_20_max": 0.1592,
        "nauc_precision_at_20_std": 0.45678,
        "nauc_precision_at_20_diff1": -0.292245,
        "nauc_precision_at_100_max": 0.015242,
        "nauc_precision_at_100_std": 0.320071,
        "nauc_precision_at_100_diff1": -0.385047,
        "nauc_precision_at_1000_max": -0.163789,
        "nauc_precision_at_1000_std": 0.137622,
        "nauc_precision_at_1000_diff1": -0.48497,
        "nauc_mrr_at_1_max": 0.797447,
        "nauc_mrr_at_1_std": 0.639539,
        "nauc_mrr_at_1_diff1": 0.519072,
        "nauc_mrr_at_3_max": 0.835006,
        "nauc_mrr_at_3_std": 0.723525,
        "nauc_mrr_at_3_diff1": 0.536017,
        "nauc_mrr_at_5_max": 0.835557,
        "nauc_mrr_at_5_std": 0.724769,
        "nauc_mrr_at_5_diff1": 0.536671,
        "nauc_mrr_at_10_max": 0.834373,
        "nauc_mrr_at_10_std": 0.722678,
        "nauc_mrr_at_10_diff1": 0.53601,
        "nauc_mrr_at_20_max": 0.83378,
        "nauc_mrr_at_20_std": 0.72107,
        "nauc_mrr_at_20_diff1": 0.536792,
        "nauc_mrr_at_100_max": 0.833387,
        "nauc_mrr_at_100_std": 0.719986,
        "nauc_mrr_at_100_diff1": 0.536504,
        "nauc_mrr_at_1000_max": 0.833261,
        "nauc_mrr_at_1000_std": 0.719755,
        "nauc_mrr_at_1000_diff1": 0.536319,
        "main_score": 0.83193,
        "hf_subset": "default",
        "languages": [
          "kor-Hang"
        ]
      }
    ]
  },
  "evaluation_time": 1333.1531960964203,
  "kg_co2_emissions": null
}