{
  "dataset_revision": "main",
  "task_name": "MIRACLRetrieval",
  "mteb_version": "1.38.27",
  "scores": {
    "dev": [
      {
        "ndcg_at_1": 0.61033,
        "ndcg_at_3": 0.67412,
        "ndcg_at_5": 0.68944,
        "ndcg_at_10": 0.7367,
        "ndcg_at_20": 0.76178,
        "ndcg_at_100": 0.77955,
        "ndcg_at_1000": 0.78055,
        "map_at_1": 0.39387,
        "map_at_3": 0.55294,
        "map_at_5": 0.5981,
        "map_at_10": 0.64481,
        "map_at_20": 0.66085,
        "map_at_100": 0.66779,
        "map_at_1000": 0.66788,
        "recall_at_1": 0.39387,
        "recall_at_3": 0.64569,
        "recall_at_5": 0.73187,
        "recall_at_10": 0.86723,
        "recall_at_20": 0.93537,
        "recall_at_100": 0.99335,
        "recall_at_1000": 1.0,
        "precision_at_1": 0.61033,
        "precision_at_3": 0.41784,
        "precision_at_5": 0.31362,
        "precision_at_10": 0.20235,
        "precision_at_20": 0.11408,
        "precision_at_100": 0.02554,
        "precision_at_1000": 0.00257,
        "mrr_at_1": 0.680751,
        "mrr_at_3": 0.779343,
        "mrr_at_5": 0.784977,
        "mrr_at_10": 0.790551,
        "mrr_at_20": 0.792089,
        "mrr_at_100": 0.792749,
        "mrr_at_1000": 0.792764,
        "nauc_ndcg_at_1_max": 0.067399,
        "nauc_ndcg_at_1_std": -0.262998,
        "nauc_ndcg_at_1_diff1": 0.290813,
        "nauc_ndcg_at_3_max": 0.155387,
        "nauc_ndcg_at_3_std": -0.337083,
        "nauc_ndcg_at_3_diff1": 0.233861,
        "nauc_ndcg_at_5_max": 0.180191,
        "nauc_ndcg_at_5_std": -0.370181,
        "nauc_ndcg_at_5_diff1": 0.263217,
        "nauc_ndcg_at_10_max": 0.20253,
        "nauc_ndcg_at_10_std": -0.343195,
        "nauc_ndcg_at_10_diff1": 0.235309,
        "nauc_ndcg_at_20_max": 0.195863,
        "nauc_ndcg_at_20_std": -0.317799,
        "nauc_ndcg_at_20_diff1": 0.22561,
        "nauc_ndcg_at_100_max": 0.196122,
        "nauc_ndcg_at_100_std": -0.266721,
        "nauc_ndcg_at_100_diff1": 0.209739,
        "nauc_ndcg_at_1000_max": 0.192854,
        "nauc_ndcg_at_1000_std": -0.270751,
        "nauc_ndcg_at_1000_diff1": 0.215188,
        "nauc_map_at_1_max": 0.127572,
        "nauc_map_at_1_std": -0.495208,
        "nauc_map_at_1_diff1": 0.477316,
        "nauc_map_at_3_max": 0.15163,
        "nauc_map_at_3_std": -0.505058,
        "nauc_map_at_3_diff1": 0.382781,
        "nauc_map_at_5_max": 0.162082,
        "nauc_map_at_5_std": -0.473626,
        "nauc_map_at_5_diff1": 0.360572,
        "nauc_map_at_10_max": 0.188206,
        "nauc_map_at_10_std": -0.411617,
        "nauc_map_at_10_diff1": 0.311901,
        "nauc_map_at_20_max": 0.19038,
        "nauc_map_at_20_std": -0.390339,
        "nauc_map_at_20_diff1": 0.295804,
        "nauc_map_at_100_max": 0.192361,
        "nauc_map_at_100_std": -0.372759,
        "nauc_map_at_100_diff1": 0.289283,
        "nauc_map_at_1000_max": 0.192371,
        "nauc_map_at_1000_std": -0.372644,
        "nauc_map_at_1000_diff1": 0.289373,
        "nauc_recall_at_1_max": 0.127572,
        "nauc_recall_at_1_std": -0.495208,
        "nauc_recall_at_1_diff1": 0.477316,
        "nauc_recall_at_3_max": 0.14611,
        "nauc_recall_at_3_std": -0.531738,
        "nauc_recall_at_3_diff1": 0.318085,
        "nauc_recall_at_5_max": 0.181343,
        "nauc_recall_at_5_std": -0.481215,
        "nauc_recall_at_5_diff1": 0.277398,
        "nauc_recall_at_10_max": 0.239914,
        "nauc_recall_at_10_std": -0.433421,
        "nauc_recall_at_10_diff1": 0.134341,
        "nauc_recall_at_20_max": 0.234027,
        "nauc_recall_at_20_std": -0.455649,
        "nauc_recall_at_20_diff1": 0.105746,
        "nauc_recall_at_100_max": 0.8427,
        "nauc_recall_at_100_std": 0.687688,
        "nauc_recall_at_100_diff1": -0.898224,
        "nauc_recall_at_1000_max": NaN,
        "nauc_recall_at_1000_std": NaN,
        "nauc_recall_at_1000_diff1": NaN,
        "nauc_precision_at_1_max": 0.067399,
        "nauc_precision_at_1_std": -0.262998,
        "nauc_precision_at_1_diff1": 0.290813,
        "nauc_precision_at_3_max": 0.075763,
        "nauc_precision_at_3_std": 0.278602,
        "nauc_precision_at_3_diff1": -0.307786,
        "nauc_precision_at_5_max": 0.066042,
        "nauc_precision_at_5_std": 0.398778,
        "nauc_precision_at_5_diff1": -0.347202,
        "nauc_precision_at_10_max": 0.064138,
        "nauc_precision_at_10_std": 0.535871,
        "nauc_precision_at_10_diff1": -0.433275,
        "nauc_precision_at_20_max": 0.034889,
        "nauc_precision_at_20_std": 0.542944,
        "nauc_precision_at_20_diff1": -0.427541,
        "nauc_precision_at_100_max": 0.013098,
        "nauc_precision_at_100_std": 0.593445,
        "nauc_precision_at_100_diff1": -0.424433,
        "nauc_precision_at_1000_max": 0.009906,
        "nauc_precision_at_1000_std": 0.593015,
        "nauc_precision_at_1000_diff1": -0.420694,
        "nauc_mrr_at_1_max": 0.247526,
        "nauc_mrr_at_1_std": -0.080456,
        "nauc_mrr_at_1_diff1": 0.148562,
        "nauc_mrr_at_3_max": 0.276338,
        "nauc_mrr_at_3_std": -0.033003,
        "nauc_mrr_at_3_diff1": 0.042775,
        "nauc_mrr_at_5_max": 0.269837,
        "nauc_mrr_at_5_std": -0.030093,
        "nauc_mrr_at_5_diff1": 0.05742,
        "nauc_mrr_at_10_max": 0.267398,
        "nauc_mrr_at_10_std": -0.039491,
        "nauc_mrr_at_10_diff1": 0.058613,
        "nauc_mrr_at_20_max": 0.265231,
        "nauc_mrr_at_20_std": -0.038985,
        "nauc_mrr_at_20_diff1": 0.06145,
        "nauc_mrr_at_100_max": 0.266028,
        "nauc_mrr_at_100_std": -0.039515,
        "nauc_mrr_at_100_diff1": 0.06213,
        "nauc_mrr_at_1000_max": 0.265965,
        "nauc_mrr_at_1000_std": -0.039604,
        "nauc_mrr_at_1000_diff1": 0.062233,
        "main_score": 0.7367,
        "hf_subset": "ko",
        "languages": [
          "kor-Kore"
        ]
      }
    ]
  },
  "evaluation_time": 330.32058024406433,
  "kg_co2_emissions": null
}