{
  "dataset_revision": "main",
  "task_name": "MIRACLRetrieval",
  "mteb_version": "1.38.30",
  "scores": {
    "dev": [
      {
        "ndcg_at_1": 0.76995,
        "ndcg_at_3": 0.81607,
        "ndcg_at_5": 0.83487,
        "ndcg_at_10": 0.86599,
        "ndcg_at_20": 0.8809,
        "ndcg_at_100": 0.88314,
        "ndcg_at_1000": 0.88314,
        "map_at_1": 0.48557,
        "map_at_3": 0.69244,
        "map_at_5": 0.75924,
        "map_at_10": 0.80455,
        "map_at_20": 0.818,
        "map_at_100": 0.81907,
        "map_at_1000": 0.81907,
        "recall_at_1": 0.48557,
        "recall_at_3": 0.7634,
        "recall_at_5": 0.86597,
        "recall_at_10": 0.95841,
        "recall_at_20": 0.99343,
        "recall_at_100": 1.0,
        "recall_at_1000": 1.0,
        "precision_at_1": 0.76995,
        "precision_at_3": 0.51017,
        "precision_at_5": 0.38685,
        "precision_at_10": 0.2338,
        "precision_at_20": 0.127,
        "precision_at_100": 0.02568,
        "precision_at_1000": 0.00257,
        "mrr_at_1": 0.910798,
        "mrr_at_3": 0.93662,
        "mrr_at_5": 0.938732,
        "mrr_at_10": 0.942337,
        "mrr_at_20": 0.942729,
        "mrr_at_100": 0.942729,
        "mrr_at_1000": 0.942729,
        "nauc_ndcg_at_1_max": -0.060016,
        "nauc_ndcg_at_1_std": -0.411504,
        "nauc_ndcg_at_1_diff1": 0.484371,
        "nauc_ndcg_at_3_max": -0.002874,
        "nauc_ndcg_at_3_std": -0.522574,
        "nauc_ndcg_at_3_diff1": 0.450726,
        "nauc_ndcg_at_5_max": 0.062595,
        "nauc_ndcg_at_5_std": -0.514701,
        "nauc_ndcg_at_5_diff1": 0.431466,
        "nauc_ndcg_at_10_max": 0.053353,
        "nauc_ndcg_at_10_std": -0.504204,
        "nauc_ndcg_at_10_diff1": 0.455725,
        "nauc_ndcg_at_20_max": 0.059439,
        "nauc_ndcg_at_20_std": -0.413375,
        "nauc_ndcg_at_20_diff1": 0.433394,
        "nauc_ndcg_at_100_max": 0.046009,
        "nauc_ndcg_at_100_std": -0.418535,
        "nauc_ndcg_at_100_diff1": 0.435852,
        "nauc_ndcg_at_1000_max": 0.046009,
        "nauc_ndcg_at_1000_std": -0.418535,
        "nauc_ndcg_at_1000_diff1": 0.435852,
        "nauc_map_at_1_max": 0.018436,
        "nauc_map_at_1_std": -0.599223,
        "nauc_map_at_1_diff1": 0.587775,
        "nauc_map_at_3_max": -0.015464,
        "nauc_map_at_3_std": -0.702098,
        "nauc_map_at_3_diff1": 0.565759,
        "nauc_map_at_5_max": 0.011713,
        "nauc_map_at_5_std": -0.652276,
        "nauc_map_at_5_diff1": 0.524717,
        "nauc_map_at_10_max": 0.027584,
        "nauc_map_at_10_std": -0.564482,
        "nauc_map_at_10_diff1": 0.495084,
        "nauc_map_at_20_max": 0.044153,
        "nauc_map_at_20_std": -0.493605,
        "nauc_map_at_20_diff1": 0.470879,
        "nauc_map_at_100_max": 0.03986,
        "nauc_map_at_100_std": -0.495834,
        "nauc_map_at_100_diff1": 0.472029,
        "nauc_map_at_1000_max": 0.03986,
        "nauc_map_at_1000_std": -0.495834,
        "nauc_map_at_1000_diff1": 0.472029,
        "nauc_recall_at_1_max": 0.018436,
        "nauc_recall_at_1_std": -0.599223,
        "nauc_recall_at_1_diff1": 0.587775,
        "nauc_recall_at_3_max": -0.02494,
        "nauc_recall_at_3_std": -0.774273,
        "nauc_recall_at_3_diff1": 0.511916,
        "nauc_recall_at_5_max": 0.094596,
        "nauc_recall_at_5_std": -0.704113,
        "nauc_recall_at_5_diff1": 0.391505,
        "nauc_recall_at_10_max": 0.179255,
        "nauc_recall_at_10_std": -0.756021,
        "nauc_recall_at_10_diff1": 0.403437,
        "nauc_recall_at_20_max": 0.670522,
        "nauc_recall_at_20_std": -0.086599,
        "nauc_recall_at_20_diff1": 0.232349,
        "nauc_recall_at_100_max": NaN,
        "nauc_recall_at_100_std": NaN,
        "nauc_recall_at_100_diff1": NaN,
        "nauc_recall_at_1000_max": NaN,
        "nauc_recall_at_1000_std": NaN,
        "nauc_recall_at_1000_diff1": NaN,
        "nauc_precision_at_1_max": -0.060016,
        "nauc_precision_at_1_std": -0.411504,
        "nauc_precision_at_1_diff1": 0.484371,
        "nauc_precision_at_3_max": -0.012414,
        "nauc_precision_at_3_std": 0.302665,
        "nauc_precision_at_3_diff1": -0.272744,
        "nauc_precision_at_5_max": 0.040665,
        "nauc_precision_at_5_std": 0.462625,
        "nauc_precision_at_5_diff1": -0.370554,
        "nauc_precision_at_10_max": 0.049943,
        "nauc_precision_at_10_std": 0.572047,
        "nauc_precision_at_10_diff1": -0.407195,
        "nauc_precision_at_20_max": 0.058953,
        "nauc_precision_at_20_std": 0.630409,
        "nauc_precision_at_20_diff1": -0.421532,
        "nauc_precision_at_100_max": 0.04794,
        "nauc_precision_at_100_std": 0.624615,
        "nauc_precision_at_100_diff1": -0.420705,
        "nauc_precision_at_1000_max": 0.04794,
        "nauc_precision_at_1000_std": 0.624615,
        "nauc_precision_at_1000_diff1": -0.420705,
        "nauc_mrr_at_1_max": 0.478633,
        "nauc_mrr_at_1_std": 0.274322,
        "nauc_mrr_at_1_diff1": -0.128647,
        "nauc_mrr_at_3_max": 0.43858,
        "nauc_mrr_at_3_std": 0.272398,
        "nauc_mrr_at_3_diff1": -0.124718,
        "nauc_mrr_at_5_max": 0.464393,
        "nauc_mrr_at_5_std": 0.301185,
        "nauc_mrr_at_5_diff1": -0.159243,
        "nauc_mrr_at_10_max": 0.462675,
        "nauc_mrr_at_10_std": 0.290034,
        "nauc_mrr_at_10_diff1": -0.142149,
        "nauc_mrr_at_20_max": 0.459004,
        "nauc_mrr_at_20_std": 0.285184,
        "nauc_mrr_at_20_diff1": -0.139278,
        "nauc_mrr_at_100_max": 0.459004,
        "nauc_mrr_at_100_std": 0.285184,
        "nauc_mrr_at_100_diff1": -0.139278,
        "nauc_mrr_at_1000_max": 0.459004,
        "nauc_mrr_at_1000_std": 0.285184,
        "nauc_mrr_at_1000_diff1": -0.139278,
        "main_score": 0.86599,
        "hf_subset": "ko",
        "languages": [
          "kor-Kore"
        ]
      }
    ]
  },
  "evaluation_time": 14.299801111221313,
  "kg_co2_emissions": null
}