{
  "dataset_revision": "fc24a3ce8f09746410daee3d5cd823ff7a0675b7",
  "task_name": "MrTidyRetrieval",
  "mteb_version": "1.38.27",
  "scores": {
    "test": [
      {
        "ndcg_at_1": 0.56057,
        "ndcg_at_3": 0.65668,
        "ndcg_at_5": 0.68301,
        "ndcg_at_10": 0.7089,
        "ndcg_at_20": 0.72098,
        "ndcg_at_100": 0.73451,
        "ndcg_at_1000": 0.73878,
        "map_at_1": 0.51584,
        "map_at_3": 0.62088,
        "map_at_5": 0.63794,
        "map_at_10": 0.65049,
        "map_at_20": 0.65477,
        "map_at_100": 0.65715,
        "map_at_1000": 0.65736,
        "recall_at_1": 0.51584,
        "recall_at_3": 0.72644,
        "recall_at_5": 0.78583,
        "recall_at_10": 0.85986,
        "recall_at_20": 0.90182,
        "recall_at_100": 0.96912,
        "recall_at_1000": 1.0,
        "precision_at_1": 0.56057,
        "precision_at_3": 0.27316,
        "precision_at_5": 0.1791,
        "precision_at_10": 0.09929,
        "precision_at_20": 0.05285,
        "precision_at_100": 0.01135,
        "precision_at_1000": 0.00117,
        "mrr_at_1": 0.648456,
        "mrr_at_3": 0.703484,
        "mrr_at_5": 0.715123,
        "mrr_at_10": 0.722929,
        "mrr_at_20": 0.725334,
        "mrr_at_100": 0.72699,
        "mrr_at_1000": 0.727174,
        "nauc_ndcg_at_1_max": 0.30026,
        "nauc_ndcg_at_1_std": -0.282211,
        "nauc_ndcg_at_1_diff1": 0.429323,
        "nauc_ndcg_at_3_max": 0.313396,
        "nauc_ndcg_at_3_std": -0.297275,
        "nauc_ndcg_at_3_diff1": 0.335587,
        "nauc_ndcg_at_5_max": 0.280896,
        "nauc_ndcg_at_5_std": -0.314022,
        "nauc_ndcg_at_5_diff1": 0.346429,
        "nauc_ndcg_at_10_max": 0.291833,
        "nauc_ndcg_at_10_std": -0.30558,
        "nauc_ndcg_at_10_diff1": 0.347671,
        "nauc_ndcg_at_20_max": 0.299242,
        "nauc_ndcg_at_20_std": -0.299573,
        "nauc_ndcg_at_20_diff1": 0.34909,
        "nauc_ndcg_at_100_max": 0.305876,
        "nauc_ndcg_at_100_std": -0.293465,
        "nauc_ndcg_at_100_diff1": 0.355296,
        "nauc_ndcg_at_1000_max": 0.30178,
        "nauc_ndcg_at_1000_std": -0.295385,
        "nauc_ndcg_at_1000_diff1": 0.357291,
        "nauc_map_at_1_max": 0.273946,
        "nauc_map_at_1_std": -0.293165,
        "nauc_map_at_1_diff1": 0.428698,
        "nauc_map_at_3_max": 0.311846,
        "nauc_map_at_3_std": -0.300506,
        "nauc_map_at_3_diff1": 0.353436,
        "nauc_map_at_5_max": 0.291911,
        "nauc_map_at_5_std": -0.310148,
        "nauc_map_at_5_diff1": 0.359267,
        "nauc_map_at_10_max": 0.298046,
        "nauc_map_at_10_std": -0.30541,
        "nauc_map_at_10_diff1": 0.359498,
        "nauc_map_at_20_max": 0.3002,
        "nauc_map_at_20_std": -0.302384,
        "nauc_map_at_20_diff1": 0.359434,
        "nauc_map_at_100_max": 0.300959,
        "nauc_map_at_100_std": -0.301349,
        "nauc_map_at_100_diff1": 0.360575,
        "nauc_map_at_1000_max": 0.3007,
        "nauc_map_at_1000_std": -0.301525,
        "nauc_map_at_1000_diff1": 0.360749,
        "nauc_recall_at_1_max": 0.273946,
        "nauc_recall_at_1_std": -0.293165,
        "nauc_recall_at_1_diff1": 0.428698,
        "nauc_recall_at_3_max": 0.300621,
        "nauc_recall_at_3_std": -0.309837,
        "nauc_recall_at_3_diff1": 0.263247,
        "nauc_recall_at_5_max": 0.199706,
        "nauc_recall_at_5_std": -0.367301,
        "nauc_recall_at_5_diff1": 0.284066,
        "nauc_recall_at_10_max": 0.225767,
        "nauc_recall_at_10_std": -0.350457,
        "nauc_recall_at_10_diff1": 0.267803,
        "nauc_recall_at_20_max": 0.267177,
        "nauc_recall_at_20_std": -0.33436,
        "nauc_recall_at_20_diff1": 0.259987,
        "nauc_recall_at_100_max": 0.461875,
        "nauc_recall_at_100_std": -0.226052,
        "nauc_recall_at_100_diff1": 0.279639,
        "nauc_recall_at_1000_max": NaN,
        "nauc_recall_at_1000_std": NaN,
        "nauc_recall_at_1000_diff1": NaN,
        "nauc_precision_at_1_max": 0.30026,
        "nauc_precision_at_1_std": -0.282211,
        "nauc_precision_at_1_diff1": 0.429323,
        "nauc_precision_at_3_max": 0.282073,
        "nauc_precision_at_3_std": -0.183451,
        "nauc_precision_at_3_diff1": 0.12702,
        "nauc_precision_at_5_max": 0.156313,
        "nauc_precision_at_5_std": -0.15767,
        "nauc_precision_at_5_diff1": 0.085619,
        "nauc_precision_at_10_max": 0.126048,
        "nauc_precision_at_10_std": -0.061537,
        "nauc_precision_at_10_diff1": 0.007978,
        "nauc_precision_at_20_max": 0.102645,
        "nauc_precision_at_20_std": 0.012212,
        "nauc_precision_at_20_diff1": -0.039128,
        "nauc_precision_at_100_max": 0.070383,
        "nauc_precision_at_100_std": 0.128729,
        "nauc_precision_at_100_diff1": -0.101256,
        "nauc_precision_at_1000_max": 0.018329,
        "nauc_precision_at_1000_std": 0.162954,
        "nauc_precision_at_1000_diff1": -0.143104,
        "nauc_mrr_at_1_max": 0.473282,
        "nauc_mrr_at_1_std": -0.066215,
        "nauc_mrr_at_1_diff1": 0.202967,
        "nauc_mrr_at_3_max": 0.432933,
        "nauc_mrr_at_3_std": -0.126175,
        "nauc_mrr_at_3_diff1": 0.214202,
        "nauc_mrr_at_5_max": 0.420418,
        "nauc_mrr_at_5_std": -0.13088,
        "nauc_mrr_at_5_diff1": 0.215568,
        "nauc_mrr_at_10_max": 0.424029,
        "nauc_mrr_at_10_std": -0.12797,
        "nauc_mrr_at_10_diff1": 0.216486,
        "nauc_mrr_at_20_max": 0.426181,
        "nauc_mrr_at_20_std": -0.127615,
        "nauc_mrr_at_20_diff1": 0.21621,
        "nauc_mrr_at_100_max": 0.42761,
        "nauc_mrr_at_100_std": -0.126468,
        "nauc_mrr_at_100_diff1": 0.215901,
        "nauc_mrr_at_1000_max": 0.427466,
        "nauc_mrr_at_1000_std": -0.126418,
        "nauc_mrr_at_1000_diff1": 0.215917,
        "main_score": 0.7089,
        "hf_subset": "korean",
        "languages": [
          "kor-Kore"
        ]
      }
    ]
  },
  "evaluation_time": 657.1633412837982,
  "kg_co2_emissions": null
}