{
  "dataset_revision": "fc24a3ce8f09746410daee3d5cd823ff7a0675b7",
  "task_name": "MrTidyRetrieval",
  "mteb_version": "1.38.30",
  "scores": {
    "test": [
      {
        "ndcg_at_1": 0.5962,
        "ndcg_at_3": 0.7268,
        "ndcg_at_5": 0.75474,
        "ndcg_at_10": 0.77793,
        "ndcg_at_20": 0.78876,
        "ndcg_at_100": 0.79223,
        "ndcg_at_1000": 0.79223,
        "map_at_1": 0.54909,
        "map_at_3": 0.68738,
        "map_at_5": 0.70605,
        "map_at_10": 0.71711,
        "map_at_20": 0.72103,
        "map_at_100": 0.72166,
        "map_at_1000": 0.72166,
        "recall_at_1": 0.54909,
        "recall_at_3": 0.81512,
        "recall_at_5": 0.87846,
        "recall_at_10": 0.94537,
        "recall_at_20": 0.98337,
        "recall_at_100": 1.0,
        "recall_at_1000": 1.0,
        "precision_at_1": 0.5962,
        "precision_at_3": 0.31116,
        "precision_at_5": 0.20333,
        "precision_at_10": 0.10998,
        "precision_at_20": 0.05748,
        "precision_at_100": 0.01169,
        "precision_at_1000": 0.00117,
        "mrr_at_1": 0.695962,
        "mrr_at_3": 0.767221,
        "mrr_at_5": 0.77791,
        "mrr_at_10": 0.785429,
        "mrr_at_20": 0.78782,
        "mrr_at_100": 0.788314,
        "mrr_at_1000": 0.788314,
        "nauc_ndcg_at_1_max": 0.172194,
        "nauc_ndcg_at_1_std": -0.296057,
        "nauc_ndcg_at_1_diff1": 0.45945,
        "nauc_ndcg_at_3_max": 0.165724,
        "nauc_ndcg_at_3_std": -0.309532,
        "nauc_ndcg_at_3_diff1": 0.40528,
        "nauc_ndcg_at_5_max": 0.167505,
        "nauc_ndcg_at_5_std": -0.325363,
        "nauc_ndcg_at_5_diff1": 0.411887,
        "nauc_ndcg_at_10_max": 0.146505,
        "nauc_ndcg_at_10_std": -0.358005,
        "nauc_ndcg_at_10_diff1": 0.432393,
        "nauc_ndcg_at_20_max": 0.180846,
        "nauc_ndcg_at_20_std": -0.321297,
        "nauc_ndcg_at_20_diff1": 0.427551,
        "nauc_ndcg_at_100_max": 0.17475,
        "nauc_ndcg_at_100_std": -0.321689,
        "nauc_ndcg_at_100_diff1": 0.428698,
        "nauc_ndcg_at_1000_max": 0.17475,
        "nauc_ndcg_at_1000_std": -0.321689,
        "nauc_ndcg_at_1000_diff1": 0.428698,
        "nauc_map_at_1_max": 0.163478,
        "nauc_map_at_1_std": -0.293046,
        "nauc_map_at_1_diff1": 0.460278,
        "nauc_map_at_3_max": 0.166296,
        "nauc_map_at_3_std": -0.322386,
        "nauc_map_at_3_diff1": 0.432603,
        "nauc_map_at_5_max": 0.167892,
        "nauc_map_at_5_std": -0.330887,
        "nauc_map_at_5_diff1": 0.435754,
        "nauc_map_at_10_max": 0.162672,
        "nauc_map_at_10_std": -0.340901,
        "nauc_map_at_10_diff1": 0.441841,
        "nauc_map_at_20_max": 0.171851,
        "nauc_map_at_20_std": -0.329883,
        "nauc_map_at_20_diff1": 0.440133,
        "nauc_map_at_100_max": 0.171005,
        "nauc_map_at_100_std": -0.330005,
        "nauc_map_at_100_diff1": 0.440367,
        "nauc_map_at_1000_max": 0.171005,
        "nauc_map_at_1000_std": -0.330005,
        "nauc_map_at_1000_diff1": 0.440367,
        "nauc_recall_at_1_max": 0.163478,
        "nauc_recall_at_1_std": -0.293046,
        "nauc_recall_at_1_diff1": 0.460278,
        "nauc_recall_at_3_max": 0.134865,
        "nauc_recall_at_3_std": -0.289967,
        "nauc_recall_at_3_diff1": 0.318987,
        "nauc_recall_at_5_max": 0.124444,
        "nauc_recall_at_5_std": -0.343649,
        "nauc_recall_at_5_diff1": 0.313944,
        "nauc_recall_at_10_max": -0.148804,
        "nauc_recall_at_10_std": -0.72691,
        "nauc_recall_at_10_diff1": 0.444229,
        "nauc_recall_at_20_max": 0.479415,
        "nauc_recall_at_20_std": -0.310211,
        "nauc_recall_at_20_diff1": 0.377563,
        "nauc_recall_at_100_max": NaN,
        "nauc_recall_at_100_std": NaN,
        "nauc_recall_at_100_diff1": NaN,
        "nauc_recall_at_1000_max": NaN,
        "nauc_recall_at_1000_std": NaN,
        "nauc_recall_at_1000_diff1": NaN,
        "nauc_precision_at_1_max": 0.172194,
        "nauc_precision_at_1_std": -0.296057,
        "nauc_precision_at_1_diff1": 0.45945,
        "nauc_precision_at_3_max": 0.066315,
        "nauc_precision_at_3_std": -0.130434,
        "nauc_precision_at_3_diff1": 0.101341,
        "nauc_precision_at_5_max": 0.031196,
        "nauc_precision_at_5_std": -0.088502,
        "nauc_precision_at_5_diff1": 0.018322,
        "nauc_precision_at_10_max": -0.040107,
        "nauc_precision_at_10_std": -0.06291,
        "nauc_precision_at_10_diff1": -0.059862,
        "nauc_precision_at_20_max": 0.028182,
        "nauc_precision_at_20_std": 0.114897,
        "nauc_precision_at_20_diff1": -0.154507,
        "nauc_precision_at_100_max": -3.4e-05,
        "nauc_precision_at_100_std": 0.142057,
        "nauc_precision_at_100_diff1": -0.186834,
        "nauc_precision_at_1000_max": -3.4e-05,
        "nauc_precision_at_1000_std": 0.142057,
        "nauc_precision_at_1000_diff1": -0.186834,
        "nauc_mrr_at_1_max": 0.391066,
        "nauc_mrr_at_1_std": 0.045047,
        "nauc_mrr_at_1_diff1": 0.195735,
        "nauc_mrr_at_3_max": 0.35063,
        "nauc_mrr_at_3_std": -0.029153,
        "nauc_mrr_at_3_diff1": 0.212447,
        "nauc_mrr_at_5_max": 0.354451,
        "nauc_mrr_at_5_std": -0.031738,
        "nauc_mrr_at_5_diff1": 0.212995,
        "nauc_mrr_at_10_max": 0.346789,
        "nauc_mrr_at_10_std": -0.037877,
        "nauc_mrr_at_10_diff1": 0.215814,
        "nauc_mrr_at_20_max": 0.357555,
        "nauc_mrr_at_20_std": -0.027867,
        "nauc_mrr_at_20_diff1": 0.213278,
        "nauc_mrr_at_100_max": 0.356845,
        "nauc_mrr_at_100_std": -0.027301,
        "nauc_mrr_at_100_diff1": 0.212915,
        "nauc_mrr_at_1000_max": 0.356845,
        "nauc_mrr_at_1000_std": -0.027301,
        "nauc_mrr_at_1000_diff1": 0.212915,
        "main_score": 0.77793,
        "hf_subset": "korean",
        "languages": [
          "kor-Kore"
        ]
      }
    ]
  },
  "evaluation_time": 28.65553903579712,
  "kg_co2_emissions": null
}