{
  "dataset_revision": "d67138e705d963e346253a80e59676ddb418810a",
  "task_name": "MultiLongDocRetrieval",
  "mteb_version": "1.38.27",
  "scores": {
    "test": [
      {
        "ndcg_at_1": 0.235,
        "ndcg_at_3": 0.27274,
        "ndcg_at_5": 0.28737,
        "ndcg_at_10": 0.30477,
        "ndcg_at_20": 0.31877,
        "ndcg_at_100": 0.3473,
        "ndcg_at_1000": 0.39491,
        "map_at_1": 0.235,
        "map_at_3": 0.26333,
        "map_at_5": 0.27158,
        "map_at_10": 0.27853,
        "map_at_20": 0.28241,
        "map_at_100": 0.28594,
        "map_at_1000": 0.28735,
        "recall_at_1": 0.235,
        "recall_at_3": 0.3,
        "recall_at_5": 0.335,
        "recall_at_10": 0.39,
        "recall_at_20": 0.445,
        "recall_at_100": 0.605,
        "recall_at_1000": 1.0,
        "precision_at_1": 0.235,
        "precision_at_3": 0.1,
        "precision_at_5": 0.067,
        "precision_at_10": 0.039,
        "precision_at_20": 0.02225,
        "precision_at_100": 0.00605,
        "precision_at_1000": 0.001,
        "mrr_at_1": 0.235,
        "mrr_at_3": 0.265,
        "mrr_at_5": 0.272,
        "mrr_at_10": 0.279226,
        "mrr_at_20": 0.283248,
        "mrr_at_100": 0.287159,
        "mrr_at_1000": 0.288634,
        "nauc_ndcg_at_1_max": 0.532483,
        "nauc_ndcg_at_1_std": 0.46361,
        "nauc_ndcg_at_1_diff1": 0.571303,
        "nauc_ndcg_at_3_max": 0.511973,
        "nauc_ndcg_at_3_std": 0.436697,
        "nauc_ndcg_at_3_diff1": 0.555172,
        "nauc_ndcg_at_5_max": 0.499254,
        "nauc_ndcg_at_5_std": 0.427304,
        "nauc_ndcg_at_5_diff1": 0.541884,
        "nauc_ndcg_at_10_max": 0.493922,
        "nauc_ndcg_at_10_std": 0.422391,
        "nauc_ndcg_at_10_diff1": 0.543889,
        "nauc_ndcg_at_20_max": 0.477167,
        "nauc_ndcg_at_20_std": 0.404321,
        "nauc_ndcg_at_20_diff1": 0.525227,
        "nauc_ndcg_at_100_max": 0.45475,
        "nauc_ndcg_at_100_std": 0.380023,
        "nauc_ndcg_at_100_diff1": 0.508995,
        "nauc_ndcg_at_1000_max": 0.4776,
        "nauc_ndcg_at_1000_std": 0.404574,
        "nauc_ndcg_at_1000_diff1": 0.527037,
        "nauc_map_at_1_max": 0.532483,
        "nauc_map_at_1_std": 0.46361,
        "nauc_map_at_1_diff1": 0.571303,
        "nauc_map_at_3_max": 0.518862,
        "nauc_map_at_3_std": 0.445024,
        "nauc_map_at_3_diff1": 0.561609,
        "nauc_map_at_5_max": 0.511043,
        "nauc_map_at_5_std": 0.439102,
        "nauc_map_at_5_diff1": 0.553509,
        "nauc_map_at_10_max": 0.508102,
        "nauc_map_at_10_std": 0.43639,
        "nauc_map_at_10_diff1": 0.553712,
        "nauc_map_at_20_max": 0.503525,
        "nauc_map_at_20_std": 0.431445,
        "nauc_map_at_20_diff1": 0.548426,
        "nauc_map_at_100_max": 0.500364,
        "nauc_map_at_100_std": 0.428226,
        "nauc_map_at_100_diff1": 0.546051,
        "nauc_map_at_1000_max": 0.500797,
        "nauc_map_at_1000_std": 0.428684,
        "nauc_map_at_1000_diff1": 0.546375,
        "nauc_recall_at_1_max": 0.532483,
        "nauc_recall_at_1_std": 0.46361,
        "nauc_recall_at_1_diff1": 0.571303,
        "nauc_recall_at_3_max": 0.492433,
        "nauc_recall_at_3_std": 0.413268,
        "nauc_recall_at_3_diff1": 0.536644,
        "nauc_recall_at_5_max": 0.465824,
        "nauc_recall_at_5_std": 0.394285,
        "nauc_recall_at_5_diff1": 0.508556,
        "nauc_recall_at_10_max": 0.454432,
        "nauc_recall_at_10_std": 0.383829,
        "nauc_recall_at_10_diff1": 0.518024,
        "nauc_recall_at_20_max": 0.391136,
        "nauc_recall_at_20_std": 0.315662,
        "nauc_recall_at_20_diff1": 0.448975,
        "nauc_recall_at_100_max": 0.252311,
        "nauc_recall_at_100_std": 0.16269,
        "nauc_recall_at_100_diff1": 0.347413,
        "nauc_recall_at_1000_max": NaN,
        "nauc_recall_at_1000_std": NaN,
        "nauc_recall_at_1000_diff1": NaN,
        "nauc_precision_at_1_max": 0.532483,
        "nauc_precision_at_1_std": 0.46361,
        "nauc_precision_at_1_diff1": 0.571303,
        "nauc_precision_at_3_max": 0.492433,
        "nauc_precision_at_3_std": 0.413268,
        "nauc_precision_at_3_diff1": 0.536644,
        "nauc_precision_at_5_max": 0.465824,
        "nauc_precision_at_5_std": 0.394285,
        "nauc_precision_at_5_diff1": 0.508556,
        "nauc_precision_at_10_max": 0.454432,
        "nauc_precision_at_10_std": 0.383829,
        "nauc_precision_at_10_diff1": 0.518024,
        "nauc_precision_at_20_max": 0.391136,
        "nauc_precision_at_20_std": 0.315662,
        "nauc_precision_at_20_diff1": 0.448975,
        "nauc_precision_at_100_max": 0.252311,
        "nauc_precision_at_100_std": 0.16269,
        "nauc_precision_at_100_diff1": 0.347413,
        "nauc_precision_at_1000_max": 1.0,
        "nauc_precision_at_1000_std": 1.0,
        "nauc_precision_at_1000_diff1": 1.0,
        "nauc_mrr_at_1_max": 0.532483,
        "nauc_mrr_at_1_std": 0.46361,
        "nauc_mrr_at_1_diff1": 0.571303,
        "nauc_mrr_at_3_max": 0.51395,
        "nauc_mrr_at_3_std": 0.440177,
        "nauc_mrr_at_3_diff1": 0.557413,
        "nauc_mrr_at_5_max": 0.509821,
        "nauc_mrr_at_5_std": 0.437896,
        "nauc_mrr_at_5_diff1": 0.552466,
        "nauc_mrr_at_10_max": 0.50649,
        "nauc_mrr_at_10_std": 0.434751,
        "nauc_mrr_at_10_diff1": 0.552412,
        "nauc_mrr_at_20_max": 0.501599,
        "nauc_mrr_at_20_std": 0.429447,
        "nauc_mrr_at_20_diff1": 0.546885,
        "nauc_mrr_at_100_max": 0.497689,
        "nauc_mrr_at_100_std": 0.425389,
        "nauc_mrr_at_100_diff1": 0.543989,
        "nauc_mrr_at_1000_max": 0.498131,
        "nauc_mrr_at_1000_std": 0.425838,
        "nauc_mrr_at_1000_diff1": 0.544332,
        "main_score": 0.30477,
        "hf_subset": "ko",
        "languages": [
          "kor-Hang"
        ]
      }
    ]
  },
  "evaluation_time": 6610.662902593613,
  "kg_co2_emissions": null
}