{
  "dataset_revision": "main",
  "task_name": "PublicHealthQA",
  "mteb_version": "1.38.30",
  "scores": {
    "test": [
      {
        "ndcg_at_1": 0.38961,
        "ndcg_at_3": 0.44357,
        "ndcg_at_5": 0.47039,
        "ndcg_at_10": 0.47039,
        "ndcg_at_20": 0.47665,
        "ndcg_at_100": 0.48428,
        "ndcg_at_1000": 0.48428,
        "map_at_1": 0.38961,
        "map_at_3": 0.43074,
        "map_at_5": 0.44567,
        "map_at_10": 0.44567,
        "map_at_20": 0.44722,
        "map_at_100": 0.4484,
        "map_at_1000": 0.4484,
        "recall_at_1": 0.38961,
        "recall_at_3": 0.48052,
        "recall_at_5": 0.54545,
        "recall_at_10": 0.54545,
        "recall_at_20": 0.57143,
        "recall_at_100": 0.61039,
        "recall_at_1000": 0.61039,
        "precision_at_1": 0.38961,
        "precision_at_3": 0.16017,
        "precision_at_5": 0.10909,
        "precision_at_10": 0.05455,
        "precision_at_20": 0.02857,
        "precision_at_100": 0.0061,
        "precision_at_1000": 0.00061,
        "mrr_at_1": 0.376623,
        "mrr_at_3": 0.417749,
        "mrr_at_5": 0.435931,
        "mrr_at_10": 0.435931,
        "mrr_at_20": 0.43748,
        "mrr_at_100": 0.438656,
        "mrr_at_1000": 0.438656,
        "nauc_ndcg_at_1_max": 0.314362,
        "nauc_ndcg_at_1_std": -0.054353,
        "nauc_ndcg_at_1_diff1": 0.562869,
        "nauc_ndcg_at_3_max": 0.314993,
        "nauc_ndcg_at_3_std": -0.072685,
        "nauc_ndcg_at_3_diff1": 0.574424,
        "nauc_ndcg_at_5_max": 0.346084,
        "nauc_ndcg_at_5_std": -0.02852,
        "nauc_ndcg_at_5_diff1": 0.522109,
        "nauc_ndcg_at_10_max": 0.346084,
        "nauc_ndcg_at_10_std": -0.02852,
        "nauc_ndcg_at_10_diff1": 0.522109,
        "nauc_ndcg_at_20_max": 0.340858,
        "nauc_ndcg_at_20_std": -0.018724,
        "nauc_ndcg_at_20_diff1": 0.526221,
        "nauc_ndcg_at_100_max": 0.347146,
        "nauc_ndcg_at_100_std": -0.003085,
        "nauc_ndcg_at_100_diff1": 0.515426,
        "nauc_ndcg_at_1000_max": 0.347146,
        "nauc_ndcg_at_1000_std": -0.003085,
        "nauc_ndcg_at_1000_diff1": 0.515426,
        "nauc_map_at_1_max": 0.314362,
        "nauc_map_at_1_std": -0.054353,
        "nauc_map_at_1_diff1": 0.562869,
        "nauc_map_at_3_max": 0.312364,
        "nauc_map_at_3_std": -0.069818,
        "nauc_map_at_3_diff1": 0.57449,
        "nauc_map_at_5_max": 0.329018,
        "nauc_map_at_5_std": -0.047552,
        "nauc_map_at_5_diff1": 0.545813,
        "nauc_map_at_10_max": 0.329018,
        "nauc_map_at_10_std": -0.047552,
        "nauc_map_at_10_diff1": 0.545813,
        "nauc_map_at_20_max": 0.327822,
        "nauc_map_at_20_std": -0.044769,
        "nauc_map_at_20_diff1": 0.546475,
        "nauc_map_at_100_max": 0.32887,
        "nauc_map_at_100_std": -0.042276,
        "nauc_map_at_100_diff1": 0.544771,
        "nauc_map_at_1000_max": 0.32887,
        "nauc_map_at_1000_std": -0.042276,
        "nauc_map_at_1000_diff1": 0.544771,
        "nauc_recall_at_1_max": 0.314362,
        "nauc_recall_at_1_std": -0.054353,
        "nauc_recall_at_1_diff1": 0.562869,
        "nauc_recall_at_3_max": 0.323707,
        "nauc_recall_at_3_std": -0.080392,
        "nauc_recall_at_3_diff1": 0.573029,
        "nauc_recall_at_5_max": 0.40425,
        "nauc_recall_at_5_std": 0.039364,
        "nauc_recall_at_5_diff1": 0.440833,
        "nauc_recall_at_10_max": 0.40425,
        "nauc_recall_at_10_std": 0.039364,
        "nauc_recall_at_10_diff1": 0.440833,
        "nauc_recall_at_20_max": 0.38191,
        "nauc_recall_at_20_std": 0.080781,
        "nauc_recall_at_20_diff1": 0.460018,
        "nauc_recall_at_100_max": 0.417891,
        "nauc_recall_at_100_std": 0.172012,
        "nauc_recall_at_100_diff1": 0.397018,
        "nauc_recall_at_1000_max": 0.417891,
        "nauc_recall_at_1000_std": 0.172012,
        "nauc_recall_at_1000_diff1": 0.397018,
        "nauc_precision_at_1_max": 0.314362,
        "nauc_precision_at_1_std": -0.054353,
        "nauc_precision_at_1_diff1": 0.562869,
        "nauc_precision_at_3_max": 0.323707,
        "nauc_precision_at_3_std": -0.080392,
        "nauc_precision_at_3_diff1": 0.573029,
        "nauc_precision_at_5_max": 0.40425,
        "nauc_precision_at_5_std": 0.039364,
        "nauc_precision_at_5_diff1": 0.440833,
        "nauc_precision_at_10_max": 0.40425,
        "nauc_precision_at_10_std": 0.039364,
        "nauc_precision_at_10_diff1": 0.440833,
        "nauc_precision_at_20_max": 0.38191,
        "nauc_precision_at_20_std": 0.080781,
        "nauc_precision_at_20_diff1": 0.460018,
        "nauc_precision_at_100_max": 0.417891,
        "nauc_precision_at_100_std": 0.172012,
        "nauc_precision_at_100_diff1": 0.397018,
        "nauc_precision_at_1000_max": 0.417891,
        "nauc_precision_at_1000_std": 0.172012,
        "nauc_precision_at_1000_diff1": 0.397018,
        "nauc_mrr_at_1_max": 0.295871,
        "nauc_mrr_at_1_std": -0.075079,
        "nauc_mrr_at_1_diff1": 0.602674,
        "nauc_mrr_at_3_max": 0.274197,
        "nauc_mrr_at_3_std": -0.097699,
        "nauc_mrr_at_3_diff1": 0.609055,
        "nauc_mrr_at_5_max": 0.305733,
        "nauc_mrr_at_5_std": -0.062883,
        "nauc_mrr_at_5_diff1": 0.573377,
        "nauc_mrr_at_10_max": 0.305733,
        "nauc_mrr_at_10_std": -0.062883,
        "nauc_mrr_at_10_diff1": 0.573377,
        "nauc_mrr_at_20_max": 0.304498,
        "nauc_mrr_at_20_std": -0.060118,
        "nauc_mrr_at_20_diff1": 0.574085,
        "nauc_mrr_at_100_max": 0.305517,
        "nauc_mrr_at_100_std": -0.057641,
        "nauc_mrr_at_100_diff1": 0.572415,
        "nauc_mrr_at_1000_max": 0.305517,
        "nauc_mrr_at_1000_std": -0.057641,
        "nauc_mrr_at_1000_diff1": 0.572415,
        "main_score": 0.47039,
        "hf_subset": "korean",
        "languages": [
          "kor-Hang"
        ]
      }
    ]
  },
  "evaluation_time": 8.117180347442627,
  "kg_co2_emissions": null
}