{
  "dataset_revision": "main",
  "task_name": "PublicHealthQA",
  "mteb_version": "1.38.27",
  "scores": {
    "test": [
      {
        "ndcg_at_1": 0.53247,
        "ndcg_at_3": 0.66496,
        "ndcg_at_5": 0.69065,
        "ndcg_at_10": 0.7119,
        "ndcg_at_20": 0.72491,
        "ndcg_at_100": 0.73683,
        "ndcg_at_1000": 0.73683,
        "map_at_1": 0.53247,
        "map_at_3": 0.6342,
        "map_at_5": 0.64784,
        "map_at_10": 0.65676,
        "map_at_20": 0.66028,
        "map_at_100": 0.66184,
        "map_at_1000": 0.66184,
        "recall_at_1": 0.53247,
        "recall_at_3": 0.75325,
        "recall_at_5": 0.81818,
        "recall_at_10": 0.88312,
        "recall_at_20": 0.93506,
        "recall_at_100": 1.0,
        "recall_at_1000": 1.0,
        "precision_at_1": 0.53247,
        "precision_at_3": 0.25108,
        "precision_at_5": 0.16364,
        "precision_at_10": 0.08831,
        "precision_at_20": 0.04675,
        "precision_at_100": 0.01,
        "precision_at_1000": 0.001,
        "mrr_at_1": 0.545455,
        "mrr_at_3": 0.642857,
        "mrr_at_5": 0.657792,
        "mrr_at_10": 0.666718,
        "mrr_at_20": 0.67024,
        "mrr_at_100": 0.671795,
        "mrr_at_1000": 0.671795,
        "nauc_ndcg_at_1_max": -0.158665,
        "nauc_ndcg_at_1_std": -0.495519,
        "nauc_ndcg_at_1_diff1": 0.679107,
        "nauc_ndcg_at_3_max": -0.066105,
        "nauc_ndcg_at_3_std": -0.446003,
        "nauc_ndcg_at_3_diff1": 0.55005,
        "nauc_ndcg_at_5_max": -0.081142,
        "nauc_ndcg_at_5_std": -0.435389,
        "nauc_ndcg_at_5_diff1": 0.561787,
        "nauc_ndcg_at_10_max": -0.094258,
        "nauc_ndcg_at_10_std": -0.437239,
        "nauc_ndcg_at_10_diff1": 0.55986,
        "nauc_ndcg_at_20_max": -0.091373,
        "nauc_ndcg_at_20_std": -0.437219,
        "nauc_ndcg_at_20_diff1": 0.558891,
        "nauc_ndcg_at_100_max": -0.107217,
        "nauc_ndcg_at_100_std": -0.460976,
        "nauc_ndcg_at_100_diff1": 0.583047,
        "nauc_ndcg_at_1000_max": -0.107217,
        "nauc_ndcg_at_1000_std": -0.460976,
        "nauc_ndcg_at_1000_diff1": 0.583047,
        "nauc_map_at_1_max": -0.158665,
        "nauc_map_at_1_std": -0.495519,
        "nauc_map_at_1_diff1": 0.679107,
        "nauc_map_at_3_max": -0.091872,
        "nauc_map_at_3_std": -0.464014,
        "nauc_map_at_3_diff1": 0.584159,
        "nauc_map_at_5_max": -0.101053,
        "nauc_map_at_5_std": -0.460288,
        "nauc_map_at_5_diff1": 0.591273,
        "nauc_map_at_10_max": -0.109505,
        "nauc_map_at_10_std": -0.463024,
        "nauc_map_at_10_diff1": 0.591448,
        "nauc_map_at_20_max": -0.109675,
        "nauc_map_at_20_std": -0.464698,
        "nauc_map_at_20_diff1": 0.591919,
        "nauc_map_at_100_max": -0.112008,
        "nauc_map_at_100_std": -0.467914,
        "nauc_map_at_100_diff1": 0.595153,
        "nauc_map_at_1000_max": -0.112008,
        "nauc_map_at_1000_std": -0.467914,
        "nauc_map_at_1000_diff1": 0.595153,
        "nauc_recall_at_1_max": -0.158665,
        "nauc_recall_at_1_std": -0.495519,
        "nauc_recall_at_1_diff1": 0.679107,
        "nauc_recall_at_3_max": 0.029972,
        "nauc_recall_at_3_std": -0.376524,
        "nauc_recall_at_3_diff1": 0.423869,
        "nauc_recall_at_5_max": 0.008592,
        "nauc_recall_at_5_std": -0.312982,
        "nauc_recall_at_5_diff1": 0.429795,
        "nauc_recall_at_10_max": 0.011037,
        "nauc_recall_at_10_std": -0.24799,
        "nauc_recall_at_10_diff1": 0.352849,
        "nauc_recall_at_20_max": 0.148435,
        "nauc_recall_at_20_std": -0.059327,
        "nauc_recall_at_20_diff1": 0.171504,
        "nauc_recall_at_100_max": NaN,
        "nauc_recall_at_100_std": NaN,
        "nauc_recall_at_100_diff1": NaN,
        "nauc_recall_at_1000_max": NaN,
        "nauc_recall_at_1000_std": NaN,
        "nauc_recall_at_1000_diff1": NaN,
        "nauc_precision_at_1_max": -0.158665,
        "nauc_precision_at_1_std": -0.495519,
        "nauc_precision_at_1_diff1": 0.679107,
        "nauc_precision_at_3_max": 0.029972,
        "nauc_precision_at_3_std": -0.376524,
        "nauc_precision_at_3_diff1": 0.423869,
        "nauc_precision_at_5_max": 0.008592,
        "nauc_precision_at_5_std": -0.312982,
        "nauc_precision_at_5_diff1": 0.429795,
        "nauc_precision_at_10_max": 0.011037,
        "nauc_precision_at_10_std": -0.24799,
        "nauc_precision_at_10_diff1": 0.352849,
        "nauc_precision_at_20_max": 0.148435,
        "nauc_precision_at_20_std": -0.059327,
        "nauc_precision_at_20_diff1": 0.171504,
        "nauc_precision_at_100_max": 1.0,
        "nauc_precision_at_100_std": 1.0,
        "nauc_precision_at_100_diff1": 1.0,
        "nauc_precision_at_1000_max": NaN,
        "nauc_precision_at_1000_std": NaN,
        "nauc_precision_at_1000_diff1": NaN,
        "nauc_mrr_at_1_max": -0.260648,
        "nauc_mrr_at_1_std": -0.447983,
        "nauc_mrr_at_1_diff1": 0.63891,
        "nauc_mrr_at_3_max": -0.170936,
        "nauc_mrr_at_3_std": -0.411839,
        "nauc_mrr_at_3_diff1": 0.553107,
        "nauc_mrr_at_5_max": -0.167349,
        "nauc_mrr_at_5_std": -0.405991,
        "nauc_mrr_at_5_diff1": 0.558535,
        "nauc_mrr_at_10_max": -0.177911,
        "nauc_mrr_at_10_std": -0.407177,
        "nauc_mrr_at_10_diff1": 0.557748,
        "nauc_mrr_at_20_max": -0.17897,
        "nauc_mrr_at_20_std": -0.408159,
        "nauc_mrr_at_20_diff1": 0.557791,
        "nauc_mrr_at_100_max": -0.181765,
        "nauc_mrr_at_100_std": -0.411094,
        "nauc_mrr_at_100_diff1": 0.560879,
        "nauc_mrr_at_1000_max": -0.181765,
        "nauc_mrr_at_1000_std": -0.411094,
        "nauc_mrr_at_1000_diff1": 0.560879,
        "main_score": 0.7119,
        "hf_subset": "korean",
        "languages": [
          "kor-Hang"
        ]
      }
    ]
  },
  "evaluation_time": 13.406662702560425,
  "kg_co2_emissions": null
}