{
  "dataset_revision": "c99d599f0a6ab9b85b065da6f9d94f9cf731679f",
  "task_name": "XPQARetrieval",
  "mteb_version": "1.38.27",
  "scores": {
    "test": [
      {
        "ndcg_at_1": 0.29358,
        "ndcg_at_3": 0.3218,
        "ndcg_at_5": 0.3469,
        "ndcg_at_10": 0.37445,
        "ndcg_at_20": 0.40178,
        "ndcg_at_100": 0.45941,
        "ndcg_at_1000": 0.47922,
        "map_at_1": 0.20928,
        "map_at_3": 0.29453,
        "map_at_5": 0.31392,
        "map_at_10": 0.32757,
        "map_at_20": 0.33602,
        "map_at_100": 0.3451,
        "map_at_1000": 0.34609,
        "recall_at_1": 0.20928,
        "recall_at_3": 0.34083,
        "recall_at_5": 0.40209,
        "recall_at_10": 0.47645,
        "recall_at_20": 0.57378,
        "recall_at_100": 0.85647,
        "recall_at_1000": 1.0,
        "precision_at_1": 0.29358,
        "precision_at_3": 0.18043,
        "precision_at_5": 0.12997,
        "precision_at_10": 0.07752,
        "precision_at_20": 0.04618,
        "precision_at_100": 0.01367,
        "precision_at_1000": 0.00156,
        "mrr_at_1": 0.292049,
        "mrr_at_3": 0.341998,
        "mrr_at_5": 0.353542,
        "mrr_at_10": 0.363478,
        "mrr_at_20": 0.370655,
        "mrr_at_100": 0.376807,
        "mrr_at_1000": 0.377428,
        "nauc_ndcg_at_1_max": 0.392342,
        "nauc_ndcg_at_1_std": 0.197482,
        "nauc_ndcg_at_1_diff1": 0.469206,
        "nauc_ndcg_at_3_max": 0.366494,
        "nauc_ndcg_at_3_std": 0.188507,
        "nauc_ndcg_at_3_diff1": 0.409832,
        "nauc_ndcg_at_5_max": 0.35409,
        "nauc_ndcg_at_5_std": 0.184688,
        "nauc_ndcg_at_5_diff1": 0.392256,
        "nauc_ndcg_at_10_max": 0.344003,
        "nauc_ndcg_at_10_std": 0.179476,
        "nauc_ndcg_at_10_diff1": 0.38528,
        "nauc_ndcg_at_20_max": 0.332747,
        "nauc_ndcg_at_20_std": 0.17327,
        "nauc_ndcg_at_20_diff1": 0.367055,
        "nauc_ndcg_at_100_max": 0.347439,
        "nauc_ndcg_at_100_std": 0.189398,
        "nauc_ndcg_at_100_diff1": 0.367294,
        "nauc_ndcg_at_1000_max": 0.356589,
        "nauc_ndcg_at_1000_std": 0.192567,
        "nauc_ndcg_at_1000_diff1": 0.381278,
        "nauc_map_at_1_max": 0.321127,
        "nauc_map_at_1_std": 0.119139,
        "nauc_map_at_1_diff1": 0.507585,
        "nauc_map_at_3_max": 0.369953,
        "nauc_map_at_3_std": 0.187348,
        "nauc_map_at_3_diff1": 0.416019,
        "nauc_map_at_5_max": 0.365327,
        "nauc_map_at_5_std": 0.190229,
        "nauc_map_at_5_diff1": 0.403394,
        "nauc_map_at_10_max": 0.359929,
        "nauc_map_at_10_std": 0.187381,
        "nauc_map_at_10_diff1": 0.400285,
        "nauc_map_at_20_max": 0.356563,
        "nauc_map_at_20_std": 0.185754,
        "nauc_map_at_20_diff1": 0.394673,
        "nauc_map_at_100_max": 0.359217,
        "nauc_map_at_100_std": 0.188501,
        "nauc_map_at_100_diff1": 0.394623,
        "nauc_map_at_1000_max": 0.359821,
        "nauc_map_at_1000_std": 0.188869,
        "nauc_map_at_1000_diff1": 0.39506,
        "nauc_recall_at_1_max": 0.321127,
        "nauc_recall_at_1_std": 0.119139,
        "nauc_recall_at_1_diff1": 0.507585,
        "nauc_recall_at_3_max": 0.337567,
        "nauc_recall_at_3_std": 0.168781,
        "nauc_recall_at_3_diff1": 0.37457,
        "nauc_recall_at_5_max": 0.306883,
        "nauc_recall_at_5_std": 0.160761,
        "nauc_recall_at_5_diff1": 0.332674,
        "nauc_recall_at_10_max": 0.276743,
        "nauc_recall_at_10_std": 0.143803,
        "nauc_recall_at_10_diff1": 0.311617,
        "nauc_recall_at_20_max": 0.225858,
        "nauc_recall_at_20_std": 0.113581,
        "nauc_recall_at_20_diff1": 0.237372,
        "nauc_recall_at_100_max": 0.207862,
        "nauc_recall_at_100_std": 0.150223,
        "nauc_recall_at_100_diff1": 0.117468,
        "nauc_recall_at_1000_max": NaN,
        "nauc_recall_at_1000_std": NaN,
        "nauc_recall_at_1000_diff1": NaN,
        "nauc_precision_at_1_max": 0.392342,
        "nauc_precision_at_1_std": 0.197482,
        "nauc_precision_at_1_diff1": 0.469206,
        "nauc_precision_at_3_max": 0.368324,
        "nauc_precision_at_3_std": 0.248735,
        "nauc_precision_at_3_diff1": 0.232781,
        "nauc_precision_at_5_max": 0.325161,
        "nauc_precision_at_5_std": 0.23427,
        "nauc_precision_at_5_diff1": 0.18092,
        "nauc_precision_at_10_max": 0.279453,
        "nauc_precision_at_10_std": 0.206265,
        "nauc_precision_at_10_diff1": 0.145621,
        "nauc_precision_at_20_max": 0.225171,
        "nauc_precision_at_20_std": 0.177479,
        "nauc_precision_at_20_diff1": 0.074381,
        "nauc_precision_at_100_max": 0.206893,
        "nauc_precision_at_100_std": 0.222941,
        "nauc_precision_at_100_diff1": -0.048084,
        "nauc_precision_at_1000_max": 0.187655,
        "nauc_precision_at_1000_std": 0.217772,
        "nauc_precision_at_1000_diff1": -0.090801,
        "nauc_mrr_at_1_max": 0.402281,
        "nauc_mrr_at_1_std": 0.203873,
        "nauc_mrr_at_1_diff1": 0.474874,
        "nauc_mrr_at_3_max": 0.372422,
        "nauc_mrr_at_3_std": 0.186842,
        "nauc_mrr_at_3_diff1": 0.436089,
        "nauc_mrr_at_5_max": 0.368639,
        "nauc_mrr_at_5_std": 0.187793,
        "nauc_mrr_at_5_diff1": 0.42855,
        "nauc_mrr_at_10_max": 0.365443,
        "nauc_mrr_at_10_std": 0.186444,
        "nauc_mrr_at_10_diff1": 0.424935,
        "nauc_mrr_at_20_max": 0.362868,
        "nauc_mrr_at_20_std": 0.185054,
        "nauc_mrr_at_20_diff1": 0.420474,
        "nauc_mrr_at_100_max": 0.365133,
        "nauc_mrr_at_100_std": 0.187226,
        "nauc_mrr_at_100_diff1": 0.420892,
        "nauc_mrr_at_1000_max": 0.365235,
        "nauc_mrr_at_1000_std": 0.187125,
        "nauc_mrr_at_1000_diff1": 0.421393,
        "main_score": 0.37445,
        "hf_subset": "kor-kor",
        "languages": [
          "kor-Hang",
          "kor-Hang"
        ]
      },
      {
        "ndcg_at_1": 0.27982,
        "ndcg_at_3": 0.27992,
        "ndcg_at_5": 0.29467,
        "ndcg_at_10": 0.32527,
        "ndcg_at_20": 0.35151,
        "ndcg_at_100": 0.39706,
        "ndcg_at_1000": 0.41909,
        "map_at_1": 0.16065,
        "map_at_3": 0.23251,
        "map_at_5": 0.25258,
        "map_at_10": 0.26752,
        "map_at_20": 0.2767,
        "map_at_100": 0.28398,
        "map_at_1000": 0.28514,
        "recall_at_1": 0.16065,
        "recall_at_3": 0.27503,
        "recall_at_5": 0.32943,
        "recall_at_10": 0.40917,
        "recall_at_20": 0.49414,
        "recall_at_100": 0.70591,
        "recall_at_1000": 0.85747,
        "precision_at_1": 0.27982,
        "precision_at_3": 0.17941,
        "precision_at_5": 0.13364,
        "precision_at_10": 0.08257,
        "precision_at_20": 0.05046,
        "precision_at_100": 0.0142,
        "precision_at_1000": 0.00167,
        "mrr_at_1": 0.276758,
        "mrr_at_3": 0.32263,
        "mrr_at_5": 0.335398,
        "mrr_at_10": 0.347112,
        "mrr_at_20": 0.352711,
        "mrr_at_100": 0.357352,
        "mrr_at_1000": 0.357952,
        "nauc_ndcg_at_1_max": 0.260433,
        "nauc_ndcg_at_1_std": 0.194137,
        "nauc_ndcg_at_1_diff1": 0.384264,
        "nauc_ndcg_at_3_max": 0.214009,
        "nauc_ndcg_at_3_std": 0.148348,
        "nauc_ndcg_at_3_diff1": 0.328914,
        "nauc_ndcg_at_5_max": 0.206179,
        "nauc_ndcg_at_5_std": 0.139607,
        "nauc_ndcg_at_5_diff1": 0.315049,
        "nauc_ndcg_at_10_max": 0.203524,
        "nauc_ndcg_at_10_std": 0.140594,
        "nauc_ndcg_at_10_diff1": 0.314005,
        "nauc_ndcg_at_20_max": 0.198154,
        "nauc_ndcg_at_20_std": 0.13398,
        "nauc_ndcg_at_20_diff1": 0.309058,
        "nauc_ndcg_at_100_max": 0.218368,
        "nauc_ndcg_at_100_std": 0.156159,
        "nauc_ndcg_at_100_diff1": 0.307956,
        "nauc_ndcg_at_1000_max": 0.229618,
        "nauc_ndcg_at_1000_std": 0.167553,
        "nauc_ndcg_at_1000_diff1": 0.325792,
        "nauc_map_at_1_max": 0.171469,
        "nauc_map_at_1_std": 0.091585,