{
  "dataset_revision": "c99d599f0a6ab9b85b065da6f9d94f9cf731679f",
  "task_name": "XPQARetrieval",
  "mteb_version": "1.38.30",
  "scores": {
    "test": [
      {
        "ndcg_at_1": 0.34251,
        "ndcg_at_3": 0.40989,
        "ndcg_at_5": 0.44938,
        "ndcg_at_10": 0.49788,
        "ndcg_at_20": 0.53733,
        "ndcg_at_100": 0.57793,
        "ndcg_at_1000": 0.57793,
        "map_at_1": 0.25048,
        "map_at_3": 0.3723,
        "map_at_5": 0.40518,
        "map_at_10": 0.42861,
        "map_at_20": 0.44156,
        "map_at_100": 0.44987,
        "map_at_1000": 0.44987,
        "recall_at_1": 0.25048,
        "recall_at_3": 0.44801,
        "recall_at_5": 0.54192,
        "recall_at_10": 0.67678,
        "recall_at_20": 0.81728,
        "recall_at_100": 1.0,
        "recall_at_1000": 1.0,
        "precision_at_1": 0.34251,
        "precision_at_3": 0.23598,
        "precision_at_5": 0.17554,
        "precision_at_10": 0.10795,
        "precision_at_20": 0.06498,
        "precision_at_100": 0.01564,
        "precision_at_1000": 0.00156,
        "mrr_at_1": 0.348624,
        "mrr_at_3": 0.423293,
        "mrr_at_5": 0.440724,
        "mrr_at_10": 0.457934,
        "mrr_at_20": 0.46669,
        "mrr_at_100": 0.471832,
        "mrr_at_1000": 0.471832,
        "nauc_ndcg_at_1_max": 0.291458,
        "nauc_ndcg_at_1_std": 0.136174,
        "nauc_ndcg_at_1_diff1": 0.395328,
        "nauc_ndcg_at_3_max": 0.203679,
        "nauc_ndcg_at_3_std": 0.05627,
        "nauc_ndcg_at_3_diff1": 0.322226,
        "nauc_ndcg_at_5_max": 0.18424,
        "nauc_ndcg_at_5_std": 0.040895,
        "nauc_ndcg_at_5_diff1": 0.313608,
        "nauc_ndcg_at_10_max": 0.164,
        "nauc_ndcg_at_10_std": 0.017203,
        "nauc_ndcg_at_10_diff1": 0.31799,
        "nauc_ndcg_at_20_max": 0.17279,
        "nauc_ndcg_at_20_std": 0.033101,
        "nauc_ndcg_at_20_diff1": 0.314283,
        "nauc_ndcg_at_100_max": 0.208677,
        "nauc_ndcg_at_100_std": 0.064216,
        "nauc_ndcg_at_100_diff1": 0.325323,
        "nauc_ndcg_at_1000_max": 0.208677,
        "nauc_ndcg_at_1000_std": 0.064216,
        "nauc_ndcg_at_1000_diff1": 0.325323,
        "nauc_map_at_1_max": 0.200751,
        "nauc_map_at_1_std": 0.041044,
        "nauc_map_at_1_diff1": 0.411527,
        "nauc_map_at_3_max": 0.223676,
        "nauc_map_at_3_std": 0.072042,
        "nauc_map_at_3_diff1": 0.336083,
        "nauc_map_at_5_max": 0.209506,
        "nauc_map_at_5_std": 0.06229,
        "nauc_map_at_5_diff1": 0.327164,
        "nauc_map_at_10_max": 0.199484,
        "nauc_map_at_10_std": 0.050513,
        "nauc_map_at_10_diff1": 0.328409,
        "nauc_map_at_20_max": 0.202646,
        "nauc_map_at_20_std": 0.056254,
        "nauc_map_at_20_diff1": 0.329492,
        "nauc_map_at_100_max": 0.210505,
        "nauc_map_at_100_std": 0.06337,
        "nauc_map_at_100_diff1": 0.330061,
        "nauc_map_at_1000_max": 0.210505,
        "nauc_map_at_1000_std": 0.06337,
        "nauc_map_at_1000_diff1": 0.330061,
        "nauc_recall_at_1_max": 0.200751,
        "nauc_recall_at_1_std": 0.041044,
        "nauc_recall_at_1_diff1": 0.411527,
        "nauc_recall_at_3_max": 0.149769,
        "nauc_recall_at_3_std": 0.006611,
        "nauc_recall_at_3_diff1": 0.282144,
        "nauc_recall_at_5_max": 0.099248,
        "nauc_recall_at_5_std": -0.030297,
        "nauc_recall_at_5_diff1": 0.257499,
        "nauc_recall_at_10_max": 0.010923,
        "nauc_recall_at_10_std": -0.126297,
        "nauc_recall_at_10_diff1": 0.258385,
        "nauc_recall_at_20_max": -0.036324,
        "nauc_recall_at_20_std": -0.137262,
        "nauc_recall_at_20_diff1": 0.1974,
        "nauc_recall_at_100_max": NaN,
        "nauc_recall_at_100_std": NaN,
        "nauc_recall_at_100_diff1": NaN,
        "nauc_recall_at_1000_max": NaN,
        "nauc_recall_at_1000_std": NaN,
        "nauc_recall_at_1000_diff1": NaN,
        "nauc_precision_at_1_max": 0.291458,
        "nauc_precision_at_1_std": 0.136174,
        "nauc_precision_at_1_diff1": 0.395328,
        "nauc_precision_at_3_max": 0.204023,
        "nauc_precision_at_3_std": 0.112702,
        "nauc_precision_at_3_diff1": 0.154458,
        "nauc_precision_at_5_max": 0.142804,
        "nauc_precision_at_5_std": 0.079592,
        "nauc_precision_at_5_diff1": 0.099404,
        "nauc_precision_at_10_max": 0.092453,
        "nauc_precision_at_10_std": 0.041131,
        "nauc_precision_at_10_diff1": 0.070819,
        "nauc_precision_at_20_max": 0.104208,
        "nauc_precision_at_20_std": 0.097876,
        "nauc_precision_at_20_diff1": 0.018305,
        "nauc_precision_at_100_max": 0.197038,
        "nauc_precision_at_100_std": 0.226141,
        "nauc_precision_at_100_diff1": -0.075235,
        "nauc_precision_at_1000_max": 0.197038,
        "nauc_precision_at_1000_std": 0.226141,
        "nauc_precision_at_1000_diff1": -0.075235,
        "nauc_mrr_at_1_max": 0.300721,
        "nauc_mrr_at_1_std": 0.148455,
        "nauc_mrr_at_1_diff1": 0.377433,
        "nauc_mrr_at_3_max": 0.230007,
        "nauc_mrr_at_3_std": 0.081859,
        "nauc_mrr_at_3_diff1": 0.333615,
        "nauc_mrr_at_5_max": 0.221922,
        "nauc_mrr_at_5_std": 0.077323,
        "nauc_mrr_at_5_diff1": 0.328591,
        "nauc_mrr_at_10_max": 0.217423,
        "nauc_mrr_at_10_std": 0.071754,
        "nauc_mrr_at_10_diff1": 0.331094,
        "nauc_mrr_at_20_max": 0.220569,
        "nauc_mrr_at_20_std": 0.075986,
        "nauc_mrr_at_20_diff1": 0.32972,
        "nauc_mrr_at_100_max": 0.223837,
        "nauc_mrr_at_100_std": 0.078485,
        "nauc_mrr_at_100_diff1": 0.332261,
        "nauc_mrr_at_1000_max": 0.223837,
        "nauc_mrr_at_1000_std": 0.078485,
        "nauc_mrr_at_1000_diff1": 0.332261,
        "main_score": 0.49788,
        "hf_subset": "kor-kor",
        "languages": [
          "kor-Hang",
          "kor-Hang"
        ]
      },
      {
        "ndcg_at_1": 0.05505,
        "ndcg_at_3": 0.04293,
        "ndcg_at_5": 0.04427,
        "ndcg_at_10": 0.04645,
        "ndcg_at_20": 0.04664,
        "ndcg_at_100": 0.04664,
        "ndcg_at_1000": 0.04664,
        "map_at_1": 0.02803,
        "map_at_3": 0.03421,
        "map_at_5": 0.03555,
        "map_at_10": 0.03642,
        "map_at_20": 0.03647,
        "map_at_100": 0.03647,
        "map_at_1000": 0.03647,
        "recall_at_1": 0.02803,
        "recall_at_3": 0.04019,
        "recall_at_5": 0.04643,
        "recall_at_10": 0.05255,
        "recall_at_20": 0.05306,
        "recall_at_100": 0.05306,
        "recall_at_1000": 0.05306,
        "precision_at_1": 0.05505,
        "precision_at_3": 0.02446,
        "precision_at_5": 0.01713,
        "precision_at_10": 0.00948,
        "precision_at_20": 0.00482,
        "precision_at_100": 0.00096,
        "precision_at_1000": 0.0001,
        "mrr_at_1": 0.055046,
        "mrr_at_3": 0.060907,
        "mrr_at_5": 0.063507,
        "mrr_at_10": 0.064362,
        "mrr_at_20": 0.064629,
        "mrr_at_100": 0.064629,
        "mrr_at_1000": 0.064629,
        "nauc_ndcg_at_1_max": 0.474959,
        "nauc_ndcg_at_1_std": 0.476487,
        "nauc_ndcg_at_1_diff1": 0.461538,
        "nauc_ndcg_at_3_max": 0.395439,
        "nauc_ndcg_at_3_std": 0.40171,
        "nauc_ndcg_at_3_diff1": 0.383802,
        "nauc_ndcg_at_5_max": 0.40436,
        "nauc_ndcg_at_5_std": 0.410442,
        "nauc_ndcg_at_5_diff1": 0.397277,
        "nauc_ndcg_at_10_max": 0.399813,
        "nauc_ndcg_at_10_std": 0.407279,
        "nauc_ndcg_at_10_diff1": 0.391628,
        "nauc_ndcg_at_20_max": 0.399495,
        "nauc_ndcg_at_20_std": 0.40693,
        "nauc_ndcg_at_20_diff1": 0.389707,
        "nauc_ndcg_at_100_max": 0.399495,
        "nauc_ndcg_at_100_std": 0.40693,
        "nauc_ndcg_at_100_diff1": 0.389707,
        "nauc_ndcg_at_1000_max": 0.399495,
        "nauc_ndcg_at_1000_std": 0.40693,
        "nauc_ndcg_at_1000_diff1": 0.389707,
        "nauc_map_at_1_max": 0.439276,
        "nauc_map_at_1_std": 0.446404,
        "nauc_map_at_1_diff1": 0.430583,