{
  "dataset_revision": "fd7df84ac089bbec763b1c6bb1b56e985df5cc5c",
  "task_name": "AutoRAGRetrieval",
  "mteb_version": "1.38.57",
  "scores": {
    "test": [
      {
        "ndcg_at_1": 0.92982,
        "ndcg_at_3": 0.9718,
        "ndcg_at_5": 0.9718,
        "ndcg_at_10": 0.9718,
        "ndcg_at_20": 0.9718,
        "ndcg_at_100": 0.9718,
        "ndcg_at_1000": 0.9718,
        "map_at_1": 0.92982,
        "map_at_3": 0.96199,
        "map_at_5": 0.96199,
        "map_at_10": 0.96199,
        "map_at_20": 0.96199,
        "map_at_100": 0.96199,
        "map_at_1000": 0.96199,
        "recall_at_1": 0.92982,
        "recall_at_3": 1.0,
        "recall_at_5": 1.0,
        "recall_at_10": 1.0,
        "recall_at_20": 1.0,
        "recall_at_100": 1.0,
        "recall_at_1000": 1.0,
        "precision_at_1": 0.92982,
        "precision_at_3": 0.33333,
        "precision_at_5": 0.2,
        "precision_at_10": 0.1,
        "precision_at_20": 0.05,
        "precision_at_100": 0.01,
        "precision_at_1000": 0.001,
        "mrr_at_1": 0.973684,
        "mrr_at_3": 0.98538,
        "mrr_at_5": 0.98538,
        "mrr_at_10": 0.98538,
        "mrr_at_20": 0.98538,
        "mrr_at_100": 0.98538,
        "mrr_at_1000": 0.98538,
        "nauc_ndcg_at_1_max": -0.261739,
        "nauc_ndcg_at_1_std": -1.28353,
        "nauc_ndcg_at_1_diff1": 0.911792,
        "nauc_ndcg_at_3_max": -0.257708,
        "nauc_ndcg_at_3_std": -1.322063,
        "nauc_ndcg_at_3_diff1": 0.913674,
        "nauc_ndcg_at_5_max": -0.257708,
        "nauc_ndcg_at_5_std": -1.322063,
        "nauc_ndcg_at_5_diff1": 0.913674,
        "nauc_ndcg_at_10_max": -0.257708,
        "nauc_ndcg_at_10_std": -1.322063,
        "nauc_ndcg_at_10_diff1": 0.913674,
        "nauc_ndcg_at_20_max": -0.257708,
        "nauc_ndcg_at_20_std": -1.322063,
        "nauc_ndcg_at_20_diff1": 0.913674,
        "nauc_ndcg_at_100_max": -0.257708,
        "nauc_ndcg_at_100_std": -1.322063,
        "nauc_ndcg_at_100_diff1": 0.913674,
        "nauc_ndcg_at_1000_max": -0.257708,
        "nauc_ndcg_at_1000_std": -1.322063,
        "nauc_ndcg_at_1000_diff1": 0.913674,
        "nauc_map_at_1_max": -0.261739,
        "nauc_map_at_1_std": -1.28353,
        "nauc_map_at_1_diff1": 0.911792,
        "nauc_map_at_3_max": -0.257932,
        "nauc_map_at_3_std": -1.319915,
        "nauc_map_at_3_diff1": 0.913569,
        "nauc_map_at_5_max": -0.257932,
        "nauc_map_at_5_std": -1.319915,
        "nauc_map_at_5_diff1": 0.913569,
        "nauc_map_at_10_max": -0.257932,
        "nauc_map_at_10_std": -1.319915,
        "nauc_map_at_10_diff1": 0.913569,
        "nauc_map_at_20_max": -0.257932,
        "nauc_map_at_20_std": -1.319915,
        "nauc_map_at_20_diff1": 0.913569,
        "nauc_map_at_100_max": -0.257932,
        "nauc_map_at_100_std": -1.319915,
        "nauc_map_at_100_diff1": 0.913569,
        "nauc_map_at_1000_max": -0.257932,
        "nauc_map_at_1000_std": -1.319915,
        "nauc_map_at_1000_diff1": 0.913569,
        "nauc_recall_at_1_max": -0.261739,
        "nauc_recall_at_1_std": -1.28353,
        "nauc_recall_at_1_diff1": 0.911792,
        "nauc_recall_at_3_max": NaN,
        "nauc_recall_at_3_std": NaN,
        "nauc_recall_at_3_diff1": NaN,
        "nauc_recall_at_5_max": NaN,
        "nauc_recall_at_5_std": NaN,
        "nauc_recall_at_5_diff1": NaN,
        "nauc_recall_at_10_max": NaN,
        "nauc_recall_at_10_std": NaN,
        "nauc_recall_at_10_diff1": NaN,
        "nauc_recall_at_20_max": NaN,
        "nauc_recall_at_20_std": NaN,
        "nauc_recall_at_20_diff1": NaN,
        "nauc_recall_at_100_max": NaN,
        "nauc_recall_at_100_std": NaN,
        "nauc_recall_at_100_diff1": NaN,
        "nauc_recall_at_1000_max": NaN,
        "nauc_recall_at_1000_std": NaN,
        "nauc_recall_at_1000_diff1": NaN,
        "nauc_precision_at_1_max": -0.261739,
        "nauc_precision_at_1_std": -1.28353,
        "nauc_precision_at_1_diff1": 0.911792,
        "nauc_precision_at_3_max": 1.0,
        "nauc_precision_at_3_std": 1.0,
        "nauc_precision_at_3_diff1": 1.0,
        "nauc_precision_at_5_max": 1.0,
        "nauc_precision_at_5_std": 1.0,
        "nauc_precision_at_5_diff1": 1.0,
        "nauc_precision_at_10_max": 1.0,
        "nauc_precision_at_10_std": 1.0,
        "nauc_precision_at_10_diff1": 1.0,
        "nauc_precision_at_20_max": 1.0,
        "nauc_precision_at_20_std": 1.0,
        "nauc_precision_at_20_diff1": 1.0,
        "nauc_precision_at_100_max": 1.0,
        "nauc_precision_at_100_std": 1.0,
        "nauc_precision_at_100_diff1": 1.0,
        "nauc_precision_at_1000_max": 1.0,
        "nauc_precision_at_1000_std": 1.0,
        "nauc_precision_at_1000_diff1": 1.0,
        "nauc_mrr_at_1_max": 0.191832,
        "nauc_mrr_at_1_std": -1.227466,
        "nauc_mrr_at_1_diff1": 0.764779,
        "nauc_mrr_at_3_max": 0.24489,
        "nauc_mrr_at_3_std": -1.280373,
        "nauc_mrr_at_3_diff1": 0.77528,
        "nauc_mrr_at_5_max": 0.24489,
        "nauc_mrr_at_5_std": -1.280373,
        "nauc_mrr_at_5_diff1": 0.77528,
        "nauc_mrr_at_10_max": 0.24489,
        "nauc_mrr_at_10_std": -1.280373,
        "nauc_mrr_at_10_diff1": 0.77528,
        "nauc_mrr_at_20_max": 0.24489,
        "nauc_mrr_at_20_std": -1.280373,
        "nauc_mrr_at_20_diff1": 0.77528,
        "nauc_mrr_at_100_max": 0.24489,
        "nauc_mrr_at_100_std": -1.280373,
        "nauc_mrr_at_100_diff1": 0.77528,
        "nauc_mrr_at_1000_max": 0.24489,
        "nauc_mrr_at_1000_std": -1.280373,
        "nauc_mrr_at_1000_diff1": 0.77528,
        "main_score": 0.9718,
        "hf_subset": "default",
        "languages": [
          "kor-Hang"
        ]
      }
    ]
  },
  "evaluation_time": 40.47092866897583,
  "kg_co2_emissions": null
}