{
  "dataset_revision": "75b399394a9803252cfec289d103de462763db7c",
  "task_name": "BelebeleRetrieval",
  "mteb_version": "1.38.57",
  "scores": {
    "test": [
      {
        "ndcg_at_1": 0.94889,
        "ndcg_at_3": 0.96779,
        "ndcg_at_5": 0.97004,
        "ndcg_at_10": 0.9714,
        "ndcg_at_20": 0.97194,
        "ndcg_at_100": 0.97341,
        "ndcg_at_1000": 0.97341,
        "map_at_1": 0.94889,
        "map_at_3": 0.96352,
        "map_at_5": 0.96474,
        "map_at_10": 0.96526,
        "map_at_20": 0.9654,
        "map_at_100": 0.9656,
        "map_at_1000": 0.9656,
        "recall_at_1": 0.94889,
        "recall_at_3": 0.98,
        "recall_at_5": 0.98556,
        "recall_at_10": 0.99,
        "recall_at_20": 0.99222,
        "recall_at_100": 1.0,
        "recall_at_1000": 1.0,
        "precision_at_1": 0.94889,
        "precision_at_3": 0.32667,
        "precision_at_5": 0.19711,
        "precision_at_10": 0.099,
        "precision_at_20": 0.04961,
        "precision_at_100": 0.01,
        "precision_at_1000": 0.001,
        "mrr_at_1": 0.948889,
        "mrr_at_3": 0.963519,
        "mrr_at_5": 0.964963,
        "mrr_at_10": 0.965515,
        "mrr_at_20": 0.965988,
        "mrr_at_100": 0.966054,
        "mrr_at_1000": 0.966054,
        "nauc_ndcg_at_1_max": 0.898216,
        "nauc_ndcg_at_1_std": 0.731945,
        "nauc_ndcg_at_1_diff1": 0.958338,
        "nauc_ndcg_at_3_max": 0.925574,
        "nauc_ndcg_at_3_std": 0.815797,
        "nauc_ndcg_at_3_diff1": 0.964221,
        "nauc_ndcg_at_5_max": 0.923957,
        "nauc_ndcg_at_5_std": 0.807824,
        "nauc_ndcg_at_5_diff1": 0.963626,
        "nauc_ndcg_at_10_max": 0.9235,
        "nauc_ndcg_at_10_std": 0.803748,
        "nauc_ndcg_at_10_diff1": 0.965056,
        "nauc_ndcg_at_20_max": 0.922018,
        "nauc_ndcg_at_20_std": 0.801212,
        "nauc_ndcg_at_20_diff1": 0.964379,
        "nauc_ndcg_at_100_max": 0.918677,
        "nauc_ndcg_at_100_std": 0.792164,
        "nauc_ndcg_at_100_diff1": 0.963379,
        "nauc_ndcg_at_1000_max": 0.918677,
        "nauc_ndcg_at_1000_std": 0.792164,
        "nauc_ndcg_at_1000_diff1": 0.963379,
        "nauc_map_at_1_max": 0.898216,
        "nauc_map_at_1_std": 0.731945,
        "nauc_map_at_1_diff1": 0.958338,
        "nauc_map_at_3_max": 0.918083,
        "nauc_map_at_3_std": 0.792651,
        "nauc_map_at_3_diff1": 0.962853,
        "nauc_map_at_5_max": 0.917097,
        "nauc_map_at_5_std": 0.788141,
        "nauc_map_at_5_diff1": 0.962595,
        "nauc_map_at_10_max": 0.916879,
        "nauc_map_at_10_std": 0.786677,
        "nauc_map_at_10_diff1": 0.963054,
        "nauc_map_at_20_max": 0.916545,
        "nauc_map_at_20_std": 0.786083,
        "nauc_map_at_20_diff1": 0.962906,
        "nauc_map_at_100_max": 0.916135,
        "nauc_map_at_100_std": 0.784983,
        "nauc_map_at_100_diff1": 0.962771,
        "nauc_map_at_1000_max": 0.916135,
        "nauc_map_at_1000_std": 0.784983,
        "nauc_map_at_1000_diff1": 0.962771,
        "nauc_recall_at_1_max": 0.898216,
        "nauc_recall_at_1_std": 0.731945,
        "nauc_recall_at_1_diff1": 0.958338,
        "nauc_recall_at_3_max": 0.963689,
        "nauc_recall_at_3_std": 0.933733,
        "nauc_recall_at_3_diff1": 0.970951,
        "nauc_recall_at_5_max": 0.969834,
        "nauc_recall_at_5_std": 0.938411,
        "nauc_recall_at_5_diff1": 0.969834,
        "nauc_recall_at_10_max": 0.985476,
        "nauc_recall_at_10_std": 0.956427,
        "nauc_recall_at_10_diff1": 0.985476,
        "nauc_recall_at_20_max": 0.981326,
        "nauc_recall_at_20_std": 0.962652,
        "nauc_recall_at_20_diff1": 0.981326,
        "nauc_recall_at_100_max": NaN,
        "nauc_recall_at_100_std": NaN,
        "nauc_recall_at_100_diff1": NaN,
        "nauc_recall_at_1000_max": NaN,
        "nauc_recall_at_1000_std": NaN,
        "nauc_recall_at_1000_diff1": NaN,
        "nauc_precision_at_1_max": 0.898216,
        "nauc_precision_at_1_std": 0.731945,
        "nauc_precision_at_1_diff1": 0.958338,
        "nauc_precision_at_3_max": 0.963689,
        "nauc_precision_at_3_std": 0.933733,
        "nauc_precision_at_3_diff1": 0.970951,
        "nauc_precision_at_5_max": 0.969834,
        "nauc_precision_at_5_std": 0.938411,
        "nauc_precision_at_5_diff1": 0.969834,
        "nauc_precision_at_10_max": 0.985476,
        "nauc_precision_at_10_std": 0.956427,
        "nauc_precision_at_10_diff1": 0.985476,
        "nauc_precision_at_20_max": 0.981326,
        "nauc_precision_at_20_std": 0.962652,
        "nauc_precision_at_20_diff1": 0.981326,
        "nauc_precision_at_100_max": 1.0,
        "nauc_precision_at_100_std": 1.0,
        "nauc_precision_at_100_diff1": 1.0,
        "nauc_precision_at_1000_max": NaN,
        "nauc_precision_at_1000_std": NaN,
        "nauc_precision_at_1000_diff1": NaN,
        "nauc_mrr_at_1_max": 0.898216,
        "nauc_mrr_at_1_std": 0.731945,
        "nauc_mrr_at_1_diff1": 0.958338,
        "nauc_mrr_at_3_max": 0.918083,
        "nauc_mrr_at_3_std": 0.792651,
        "nauc_mrr_at_3_diff1": 0.962853,
        "nauc_mrr_at_5_max": 0.916571,
        "nauc_mrr_at_5_std": 0.786797,
        "nauc_mrr_at_5_diff1": 0.962358,
        "nauc_mrr_at_10_max": 0.916258,
        "nauc_mrr_at_10_std": 0.785084,
        "nauc_mrr_at_10_diff1": 0.962778,
        "nauc_mrr_at_20_max": 0.915482,
        "nauc_mrr_at_20_std": 0.782749,
        "nauc_mrr_at_20_diff1": 0.962649,
        "nauc_mrr_at_100_max": 0.915316,
        "nauc_mrr_at_100_std": 0.782451,
        "nauc_mrr_at_100_diff1": 0.962576,
        "nauc_mrr_at_1000_max": 0.915316,
        "nauc_mrr_at_1000_std": 0.782451,
        "nauc_mrr_at_1000_diff1": 0.962576,
        "main_score": 0.9714,
        "hf_subset": "kor_Hang-kor_Hang",
        "languages": [
          "kor-Hang",
          "kor-Hang"
        ]
      },
      {
        "ndcg_at_1": 0.1,
        "ndcg_at_3": 0.10126,
        "ndcg_at_5": 0.10126,
        "ndcg_at_10": 0.10126,
        "ndcg_at_20": 0.10126,
        "ndcg_at_100": 0.10149,
        "ndcg_at_1000": 0.10149,
        "map_at_1": 0.1,
        "map_at_3": 0.10093,
        "map_at_5": 0.10093,
        "map_at_10": 0.10093,
        "map_at_20": 0.10093,
        "map_at_100": 0.10097,
        "map_at_1000": 0.10097,
        "recall_at_1": 0.1,
        "recall_at_3": 0.10222,
        "recall_at_5": 0.10222,
        "recall_at_10": 0.10222,
        "recall_at_20": 0.10222,
        "recall_at_100": 0.10333,
        "recall_at_1000": 0.10333,
        "precision_at_1": 0.1,
        "precision_at_3": 0.03407,
        "precision_at_5": 0.02044,
        "precision_at_10": 0.01022,
        "precision_at_20": 0.00511,
        "precision_at_100": 0.00103,
        "precision_at_1000": 0.0001,
        "mrr_at_1": 0.1,
        "mrr_at_3": 0.100926,
        "mrr_at_5": 0.100926,
        "mrr_at_10": 0.100926,
        "mrr_at_20": 0.100926,
        "mrr_at_100": 0.100976,
        "mrr_at_1000": 0.100976,
        "nauc_ndcg_at_1_max": 0.937394,
        "nauc_ndcg_at_1_std": 0.935516,
        "nauc_ndcg_at_1_diff1": 0.944907,
        "nauc_ndcg_at_3_max": 0.937156,
        "nauc_ndcg_at_3_std": 0.936535,
        "nauc_ndcg_at_3_diff1": 0.943498,
        "nauc_ndcg_at_5_max": 0.937156,
        "nauc_ndcg_at_5_std": 0.936535,
        "nauc_ndcg_at_5_diff1": 0.943498,
        "nauc_ndcg_at_10_max": 0.937156,
        "nauc_ndcg_at_10_std": 0.936535,
        "nauc_ndcg_at_10_diff1": 0.943498,
        "nauc_ndcg_at_20_max": 0.937156,
        "nauc_ndcg_at_20_std": 0.936535,
        "nauc_ndcg_at_20_diff1": 0.943498,
        "nauc_ndcg_at_100_max": 0.935591,
        "nauc_ndcg_at_100_std": 0.93441,
        "nauc_ndcg_at_100_diff1": 0.941618,
        "nauc_ndcg_at_1000_max": 0.935591,
        "nauc_ndcg_at_1000_std": 0.93441,
        "nauc_ndcg_at_1000_diff1": 0.941618,
        "nauc_map_at_1_max": 0.937394,
        "nauc_map_at_1_std": 0.935516,
        "nauc_map_at_1_diff1": 0.944907,
        "nauc_map_at_3_max": 0.937568,