{
  "dataset_revision": "d243889a3eb6654029dbd7e7f9319ae31d58f97c",
  "task_name": "Ko-StrategyQA",
  "mteb_version": "1.38.57",
  "scores": {
    "dev": [
      {
        "ndcg_at_1": 0.78547,
        "ndcg_at_3": 0.77924,
        "ndcg_at_5": 0.80991,
        "ndcg_at_10": 0.82632,
        "ndcg_at_20": 0.83731,
        "ndcg_at_100": 0.85724,
        "ndcg_at_1000": 0.85724,
        "map_at_1": 0.51181,
        "map_at_3": 0.73962,
        "map_at_5": 0.77102,
        "map_at_10": 0.78211,
        "map_at_20": 0.7861,
        "map_at_100": 0.79108,
        "map_at_1000": 0.79108,
        "recall_at_1": 0.51181,
        "recall_at_3": 0.78629,
        "recall_at_5": 0.85009,
        "recall_at_10": 0.88817,
        "recall_at_20": 0.92259,
        "recall_at_100": 1.0,
        "recall_at_1000": 1.0,
        "precision_at_1": 0.78547,
        "precision_at_3": 0.46565,
        "precision_at_5": 0.31081,
        "precision_at_10": 0.16571,
        "precision_at_20": 0.08699,
        "precision_at_100": 0.01934,
        "precision_at_1000": 0.00193,
        "mrr_at_1": 0.800676,
        "mrr_at_3": 0.839245,
        "mrr_at_5": 0.844482,
        "mrr_at_10": 0.848067,
        "mrr_at_20": 0.850802,
        "mrr_at_100": 0.851727,
        "mrr_at_1000": 0.851727,
        "nauc_ndcg_at_1_max": 0.65532,
        "nauc_ndcg_at_1_std": 0.259214,
        "nauc_ndcg_at_1_diff1": 0.433942,
        "nauc_ndcg_at_3_max": 0.657696,
        "nauc_ndcg_at_3_std": 0.305446,
        "nauc_ndcg_at_3_diff1": 0.377331,
        "nauc_ndcg_at_5_max": 0.712517,
        "nauc_ndcg_at_5_std": 0.407453,
        "nauc_ndcg_at_5_diff1": 0.369764,
        "nauc_ndcg_at_10_max": 0.728012,
        "nauc_ndcg_at_10_std": 0.447701,
        "nauc_ndcg_at_10_diff1": 0.364158,
        "nauc_ndcg_at_20_max": 0.721408,
        "nauc_ndcg_at_20_std": 0.437782,
        "nauc_ndcg_at_20_diff1": 0.368387,
        "nauc_ndcg_at_100_max": 0.694178,
        "nauc_ndcg_at_100_std": 0.377203,
        "nauc_ndcg_at_100_diff1": 0.378099,
        "nauc_ndcg_at_1000_max": 0.694178,
        "nauc_ndcg_at_1000_std": 0.377203,
        "nauc_ndcg_at_1000_diff1": 0.378099,
        "nauc_map_at_1_max": 0.35206,
        "nauc_map_at_1_std": -0.082138,
        "nauc_map_at_1_diff1": 0.543988,
        "nauc_map_at_3_max": 0.625143,
        "nauc_map_at_3_std": 0.238201,
        "nauc_map_at_3_diff1": 0.37102,
        "nauc_map_at_5_max": 0.667876,
        "nauc_map_at_5_std": 0.320846,
        "nauc_map_at_5_diff1": 0.36557,
        "nauc_map_at_10_max": 0.678022,
        "nauc_map_at_10_std": 0.345,
        "nauc_map_at_10_diff1": 0.362138,
        "nauc_map_at_20_max": 0.67591,
        "nauc_map_at_20_std": 0.343557,
        "nauc_map_at_20_diff1": 0.362985,
        "nauc_map_at_100_max": 0.670175,
        "nauc_map_at_100_std": 0.331178,
        "nauc_map_at_100_diff1": 0.3651,
        "nauc_map_at_1000_max": 0.670175,
        "nauc_map_at_1000_std": 0.331178,
        "nauc_map_at_1000_diff1": 0.3651,
        "nauc_recall_at_1_max": 0.35206,
        "nauc_recall_at_1_std": -0.082138,
        "nauc_recall_at_1_diff1": 0.543988,
        "nauc_recall_at_3_max": 0.659018,
        "nauc_recall_at_3_std": 0.331297,
        "nauc_recall_at_3_diff1": 0.344357,
        "nauc_recall_at_5_max": 0.787446,
        "nauc_recall_at_5_std": 0.580411,
        "nauc_recall_at_5_diff1": 0.32562,
        "nauc_recall_at_10_max": 0.86676,
        "nauc_recall_at_10_std": 0.76437,
        "nauc_recall_at_10_diff1": 0.303996,
        "nauc_recall_at_20_max": 0.881381,
        "nauc_recall_at_20_std": 0.824569,
        "nauc_recall_at_20_diff1": 0.301525,
        "nauc_recall_at_100_max": NaN,
        "nauc_recall_at_100_std": NaN,
        "nauc_recall_at_100_diff1": NaN,
        "nauc_recall_at_1000_max": NaN,
        "nauc_recall_at_1000_std": NaN,
        "nauc_recall_at_1000_diff1": NaN,
        "nauc_precision_at_1_max": 0.65532,
        "nauc_precision_at_1_std": 0.259214,
        "nauc_precision_at_1_diff1": 0.433942,
        "nauc_precision_at_3_max": 0.302365,
        "nauc_precision_at_3_std": 0.436531,
        "nauc_precision_at_3_diff1": -0.187061,
        "nauc_precision_at_5_max": 0.221246,
        "nauc_precision_at_5_std": 0.468797,
        "nauc_precision_at_5_diff1": -0.245167,
        "nauc_precision_at_10_max": 0.147264,
        "nauc_precision_at_10_std": 0.460629,
        "nauc_precision_at_10_diff1": -0.287475,
        "nauc_precision_at_20_max": 0.054747,
        "nauc_precision_at_20_std": 0.398395,
        "nauc_precision_at_20_diff1": -0.3224,
        "nauc_precision_at_100_max": -0.18555,
        "nauc_precision_at_100_std": 0.166958,
        "nauc_precision_at_100_diff1": -0.389783,
        "nauc_precision_at_1000_max": -0.18555,
        "nauc_precision_at_1000_std": 0.166958,
        "nauc_precision_at_1000_diff1": -0.389783,
        "nauc_mrr_at_1_max": 0.736362,
        "nauc_mrr_at_1_std": 0.381065,
        "nauc_mrr_at_1_diff1": 0.37792,
        "nauc_mrr_at_3_max": 0.767248,
        "nauc_mrr_at_3_std": 0.486062,
        "nauc_mrr_at_3_diff1": 0.375635,
        "nauc_mrr_at_5_max": 0.775241,
        "nauc_mrr_at_5_std": 0.493863,
        "nauc_mrr_at_5_diff1": 0.376041,
        "nauc_mrr_at_10_max": 0.77257,
        "nauc_mrr_at_10_std": 0.48979,
        "nauc_mrr_at_10_diff1": 0.374908,
        "nauc_mrr_at_20_max": 0.77032,
        "nauc_mrr_at_20_std": 0.482028,
        "nauc_mrr_at_20_diff1": 0.375102,
        "nauc_mrr_at_100_max": 0.769342,
        "nauc_mrr_at_100_std": 0.47922,
        "nauc_mrr_at_100_diff1": 0.376046,
        "nauc_mrr_at_1000_max": 0.769342,
        "nauc_mrr_at_1000_std": 0.47922,
        "nauc_mrr_at_1000_diff1": 0.376046,
        "main_score": 0.82632,
        "hf_subset": "default",
        "languages": [
          "kor-Hang"
        ]
      }
    ]
  },
  "evaluation_time": 180.88990306854248,
  "kg_co2_emissions": null
}