{
  "dataset_revision": "main",
  "task_name": "MIRACLRetrieval",
  "mteb_version": "1.38.57",
  "scores": {
    "dev": [
      {
        "ndcg_at_1": 0.79343,
        "ndcg_at_3": 0.81836,
        "ndcg_at_5": 0.8469,
        "ndcg_at_10": 0.87288,
        "ndcg_at_20": 0.88516,
        "ndcg_at_100": 0.88705,
        "ndcg_at_1000": 0.88705,
        "map_at_1": 0.49379,
        "map_at_3": 0.69099,
        "map_at_5": 0.76674,
        "map_at_10": 0.80982,
        "map_at_20": 0.82155,
        "map_at_100": 0.82251,
        "map_at_1000": 0.82251,
        "recall_at_1": 0.49379,
        "recall_at_3": 0.76108,
        "recall_at_5": 0.88648,
        "recall_at_10": 0.96707,
        "recall_at_20": 0.99437,
        "recall_at_100": 1.0,
        "recall_at_1000": 1.0,
        "precision_at_1": 0.79343,
        "precision_at_3": 0.51174,
        "precision_at_5": 0.39437,
        "precision_at_10": 0.23662,
        "precision_at_20": 0.127,
        "precision_at_100": 0.02568,
        "precision_at_1000": 0.00257,
        "mrr_at_1": 0.873239,
        "mrr_at_3": 0.915493,
        "mrr_at_5": 0.920188,
        "mrr_at_10": 0.922027,
        "mrr_at_20": 0.922027,
        "mrr_at_100": 0.922027,
        "mrr_at_1000": 0.922027,
        "nauc_ndcg_at_1_max": 0.079003,
        "nauc_ndcg_at_1_std": -0.18943,
        "nauc_ndcg_at_1_diff1": 0.417227,
        "nauc_ndcg_at_3_max": 0.182275,
        "nauc_ndcg_at_3_std": -0.493677,
        "nauc_ndcg_at_3_diff1": 0.430813,
        "nauc_ndcg_at_5_max": 0.142172,
        "nauc_ndcg_at_5_std": -0.516268,
        "nauc_ndcg_at_5_diff1": 0.399339,
        "nauc_ndcg_at_10_max": 0.13751,
        "nauc_ndcg_at_10_std": -0.474543,
        "nauc_ndcg_at_10_diff1": 0.413154,
        "nauc_ndcg_at_20_max": 0.151975,
        "nauc_ndcg_at_20_std": -0.384884,
        "nauc_ndcg_at_20_diff1": 0.406773,
        "nauc_ndcg_at_100_max": 0.150179,
        "nauc_ndcg_at_100_std": -0.375811,
        "nauc_ndcg_at_100_diff1": 0.407477,
        "nauc_ndcg_at_1000_max": 0.150179,
        "nauc_ndcg_at_1000_std": -0.375811,
        "nauc_ndcg_at_1000_diff1": 0.407477,
        "nauc_map_at_1_max": 0.065458,
        "nauc_map_at_1_std": -0.603202,
        "nauc_map_at_1_diff1": 0.558472,
        "nauc_map_at_3_max": 0.08607,
        "nauc_map_at_3_std": -0.712765,
        "nauc_map_at_3_diff1": 0.520721,
        "nauc_map_at_5_max": 0.083511,
        "nauc_map_at_5_std": -0.687932,
        "nauc_map_at_5_diff1": 0.465209,
        "nauc_map_at_10_max": 0.112844,
        "nauc_map_at_10_std": -0.543862,
        "nauc_map_at_10_diff1": 0.441624,
        "nauc_map_at_20_max": 0.127521,
        "nauc_map_at_20_std": -0.479268,
        "nauc_map_at_20_diff1": 0.42679,
        "nauc_map_at_100_max": 0.127365,
        "nauc_map_at_100_std": -0.476057,
        "nauc_map_at_100_diff1": 0.426927,
        "nauc_map_at_1000_max": 0.127365,
        "nauc_map_at_1000_std": -0.476057,
        "nauc_map_at_1000_diff1": 0.426927,
        "nauc_recall_at_1_max": 0.065458,
        "nauc_recall_at_1_std": -0.603202,
        "nauc_recall_at_1_diff1": 0.558472,
        "nauc_recall_at_3_max": 0.133297,
        "nauc_recall_at_3_std": -0.843635,
        "nauc_recall_at_3_diff1": 0.512874,
        "nauc_recall_at_5_max": 0.08255,
        "nauc_recall_at_5_std": -0.929118,
        "nauc_recall_at_5_diff1": 0.361975,
        "nauc_recall_at_10_max": 0.068383,
        "nauc_recall_at_10_std": -0.970443,
        "nauc_recall_at_10_diff1": 0.315072,
        "nauc_recall_at_20_max": 0.244651,
        "nauc_recall_at_20_std": -0.712158,
        "nauc_recall_at_20_diff1": 0.279795,
        "nauc_recall_at_100_max": NaN,
        "nauc_recall_at_100_std": NaN,
        "nauc_recall_at_100_diff1": NaN,
        "nauc_recall_at_1000_max": NaN,
        "nauc_recall_at_1000_std": NaN,
        "nauc_recall_at_1000_diff1": NaN,
        "nauc_precision_at_1_max": 0.079003,
        "nauc_precision_at_1_std": -0.18943,
        "nauc_precision_at_1_diff1": 0.417227,
        "nauc_precision_at_3_max": 0.049334,
        "nauc_precision_at_3_std": 0.357556,
        "nauc_precision_at_3_diff1": -0.296734,
        "nauc_precision_at_5_max": 0.010541,
        "nauc_precision_at_5_std": 0.501065,
        "nauc_precision_at_5_diff1": -0.384365,
        "nauc_precision_at_10_max": 0.027188,
        "nauc_precision_at_10_std": 0.645333,
        "nauc_precision_at_10_diff1": -0.380284,
        "nauc_precision_at_20_max": 0.029963,
        "nauc_precision_at_20_std": 0.68501,
        "nauc_precision_at_20_diff1": -0.379454,
        "nauc_precision_at_100_max": 0.026536,
        "nauc_precision_at_100_std": 0.686276,
        "nauc_precision_at_100_diff1": -0.37806,
        "nauc_precision_at_1000_max": 0.026536,
        "nauc_precision_at_1000_std": 0.686276,
        "nauc_precision_at_1000_diff1": -0.37806,
        "nauc_mrr_at_1_max": 0.503693,
        "nauc_mrr_at_1_std": 0.050897,
        "nauc_mrr_at_1_diff1": 0.073952,
        "nauc_mrr_at_3_max": 0.566193,
        "nauc_mrr_at_3_std": 0.023995,
        "nauc_mrr_at_3_diff1": 0.118561,
        "nauc_mrr_at_5_max": 0.550717,
        "nauc_mrr_at_5_std": 0.028332,
        "nauc_mrr_at_5_diff1": 0.088014,
        "nauc_mrr_at_10_max": 0.541677,
        "nauc_mrr_at_10_std": 0.031034,
        "nauc_mrr_at_10_diff1": 0.095432,
        "nauc_mrr_at_20_max": 0.541677,
        "nauc_mrr_at_20_std": 0.031034,
        "nauc_mrr_at_20_diff1": 0.095432,
        "nauc_mrr_at_100_max": 0.541677,
        "nauc_mrr_at_100_std": 0.031034,
        "nauc_mrr_at_100_diff1": 0.095432,
        "nauc_mrr_at_1000_max": 0.541677,
        "nauc_mrr_at_1000_std": 0.031034,
        "nauc_mrr_at_1000_diff1": 0.095432,
        "main_score": 0.87288,
        "hf_subset": "ko",
        "languages": [
          "kor-Kore"
        ]
      }
    ]
  },
  "evaluation_time": 63.01247787475586,
  "kg_co2_emissions": null
}