{
  "dataset_revision": "fc24a3ce8f09746410daee3d5cd823ff7a0675b7",
  "task_name": "MrTidyRetrieval",
  "mteb_version": "1.38.57",
  "scores": {
    "test": [
      {
        "ndcg_at_1": 0.5772,
        "ndcg_at_3": 0.69891,
        "ndcg_at_5": 0.72856,
        "ndcg_at_10": 0.74855,
        "ndcg_at_20": 0.76166,
        "ndcg_at_100": 0.77003,
        "ndcg_at_1000": 0.77003,
        "map_at_1": 0.53405,
        "map_at_3": 0.66007,
        "map_at_5": 0.67897,
        "map_at_10": 0.68886,
        "map_at_20": 0.69286,
        "map_at_100": 0.6943,
        "map_at_1000": 0.6943,
        "recall_at_1": 0.53405,
        "recall_at_3": 0.78464,
        "recall_at_5": 0.85154,
        "recall_at_10": 0.90895,
        "recall_at_20": 0.95883,
        "recall_at_100": 1.0,
        "recall_at_1000": 1.0,
        "precision_at_1": 0.5772,
        "precision_at_3": 0.29691,
        "precision_at_5": 0.19572,
        "precision_at_10": 0.1057,
        "precision_at_20": 0.05606,
        "precision_at_100": 0.01169,
        "precision_at_1000": 0.00117,
        "mrr_at_1": 0.657957,
        "mrr_at_3": 0.730404,
        "mrr_at_5": 0.743112,
        "mrr_at_10": 0.748445,
        "mrr_at_20": 0.751571,
        "mrr_at_100": 0.75256,
        "mrr_at_1000": 0.75256,
        "nauc_ndcg_at_1_max": 0.323805,
        "nauc_ndcg_at_1_std": -0.237916,
        "nauc_ndcg_at_1_diff1": 0.346855,
        "nauc_ndcg_at_3_max": 0.357328,
        "nauc_ndcg_at_3_std": -0.192775,
        "nauc_ndcg_at_3_diff1": 0.263046,
        "nauc_ndcg_at_5_max": 0.356641,
        "nauc_ndcg_at_5_std": -0.197262,
        "nauc_ndcg_at_5_diff1": 0.26605,
        "nauc_ndcg_at_10_max": 0.377452,
        "nauc_ndcg_at_10_std": -0.177807,
        "nauc_ndcg_at_10_diff1": 0.266397,
        "nauc_ndcg_at_20_max": 0.365265,
        "nauc_ndcg_at_20_std": -0.181355,
        "nauc_ndcg_at_20_diff1": 0.276534,
        "nauc_ndcg_at_100_max": 0.360371,
        "nauc_ndcg_at_100_std": -0.194015,
        "nauc_ndcg_at_100_diff1": 0.282411,
        "nauc_ndcg_at_1000_max": 0.360371,
        "nauc_ndcg_at_1000_std": -0.194015,
        "nauc_ndcg_at_1000_diff1": 0.282411,
        "nauc_map_at_1_max": 0.325255,
        "nauc_map_at_1_std": -0.239913,
        "nauc_map_at_1_diff1": 0.339178,
        "nauc_map_at_3_max": 0.348313,
        "nauc_map_at_3_std": -0.21295,
        "nauc_map_at_3_diff1": 0.282139,
        "nauc_map_at_5_max": 0.351598,
        "nauc_map_at_5_std": -0.21353,
        "nauc_map_at_5_diff1": 0.284486,
        "nauc_map_at_10_max": 0.360921,
        "nauc_map_at_10_std": -0.203084,
        "nauc_map_at_10_diff1": 0.284178,
        "nauc_map_at_20_max": 0.357077,
        "nauc_map_at_20_std": -0.204632,
        "nauc_map_at_20_diff1": 0.287029,
        "nauc_map_at_100_max": 0.356503,
        "nauc_map_at_100_std": -0.206414,
        "nauc_map_at_100_diff1": 0.287812,
        "nauc_map_at_1000_max": 0.356503,
        "nauc_map_at_1000_std": -0.206414,
        "nauc_map_at_1000_diff1": 0.287812,
        "nauc_recall_at_1_max": 0.325255,
        "nauc_recall_at_1_std": -0.239913,
        "nauc_recall_at_1_diff1": 0.339178,
        "nauc_recall_at_3_max": 0.356399,
        "nauc_recall_at_3_std": -0.155765,
        "nauc_recall_at_3_diff1": 0.188635,
        "nauc_recall_at_5_max": 0.350291,
        "nauc_recall_at_5_std": -0.160083,
        "nauc_recall_at_5_diff1": 0.168036,
        "nauc_recall_at_10_max": 0.499922,
        "nauc_recall_at_10_std": -0.019565,
        "nauc_recall_at_10_diff1": 0.122461,
        "nauc_recall_at_20_max": 0.474941,
        "nauc_recall_at_20_std": 0.104875,
        "nauc_recall_at_20_diff1": 0.136179,
        "nauc_recall_at_100_max": NaN,
        "nauc_recall_at_100_std": NaN,
        "nauc_recall_at_100_diff1": NaN,
        "nauc_recall_at_1000_max": NaN,
        "nauc_recall_at_1000_std": NaN,
        "nauc_recall_at_1000_diff1": NaN,
        "nauc_precision_at_1_max": 0.323805,
        "nauc_precision_at_1_std": -0.237916,
        "nauc_precision_at_1_diff1": 0.346855,
        "nauc_precision_at_3_max": 0.235306,
        "nauc_precision_at_3_std": -0.032515,
        "nauc_precision_at_3_diff1": 0.062091,
        "nauc_precision_at_5_max": 0.159601,
        "nauc_precision_at_5_std": 0.017994,
        "nauc_precision_at_5_diff1": 0.004857,
        "nauc_precision_at_10_max": 0.137063,
        "nauc_precision_at_10_std": 0.117473,
        "nauc_precision_at_10_diff1": -0.056861,
        "nauc_precision_at_20_max": 0.017038,
        "nauc_precision_at_20_std": 0.147669,
        "nauc_precision_at_20_diff1": -0.073622,
        "nauc_precision_at_100_max": -0.069359,
        "nauc_precision_at_100_std": 0.137837,
        "nauc_precision_at_100_diff1": -0.110002,
        "nauc_precision_at_1000_max": -0.069359,
        "nauc_precision_at_1000_std": 0.137837,
        "nauc_precision_at_1000_diff1": -0.110002,
        "nauc_mrr_at_1_max": 0.533869,
        "nauc_mrr_at_1_std": 0.054704,
        "nauc_mrr_at_1_diff1": 0.125439,
        "nauc_mrr_at_3_max": 0.503736,
        "nauc_mrr_at_3_std": 0.029875,
        "nauc_mrr_at_3_diff1": 0.129336,
        "nauc_mrr_at_5_max": 0.500742,
        "nauc_mrr_at_5_std": 0.026069,
        "nauc_mrr_at_5_diff1": 0.12818,
        "nauc_mrr_at_10_max": 0.505897,
        "nauc_mrr_at_10_std": 0.028583,
        "nauc_mrr_at_10_diff1": 0.128402,
        "nauc_mrr_at_20_max": 0.505258,
        "nauc_mrr_at_20_std": 0.028662,
        "nauc_mrr_at_20_diff1": 0.128264,
        "nauc_mrr_at_100_max": 0.505966,
        "nauc_mrr_at_100_std": 0.029025,
        "nauc_mrr_at_100_diff1": 0.128375,
        "nauc_mrr_at_1000_max": 0.505966,
        "nauc_mrr_at_1000_std": 0.029025,
        "nauc_mrr_at_1000_diff1": 0.128375,
        "main_score": 0.74855,
        "hf_subset": "korean",
        "languages": [
          "kor-Kore"
        ]
      }
    ]
  },
  "evaluation_time": 125.30243349075317,
  "kg_co2_emissions": null
}