{
  "dataset_revision": "d67138e705d963e346253a80e59676ddb418810a",
  "task_name": "MultiLongDocRetrieval",
  "mteb_version": "1.38.57",
  "scores": {
    "test": [
      {
        "ndcg_at_1": 0.52,
        "ndcg_at_3": 0.59613,
        "ndcg_at_5": 0.62022,
        "ndcg_at_10": 0.64336,
        "ndcg_at_20": 0.66816,
        "ndcg_at_100": 0.69239,
        "ndcg_at_1000": 0.69239,
        "map_at_1": 0.52,
        "map_at_3": 0.5775,
        "map_at_5": 0.5905,
        "map_at_10": 0.60034,
        "map_at_20": 0.6069,
        "map_at_100": 0.61094,
        "map_at_1000": 0.61094,
        "recall_at_1": 0.52,
        "recall_at_3": 0.65,
        "recall_at_5": 0.71,
        "recall_at_10": 0.78,
        "recall_at_20": 0.88,
        "recall_at_100": 1.0,
        "recall_at_1000": 1.0,
        "precision_at_1": 0.52,
        "precision_at_3": 0.21667,
        "precision_at_5": 0.142,
        "precision_at_10": 0.078,
        "precision_at_20": 0.044,
        "precision_at_100": 0.01,
        "precision_at_1000": 0.001,
        "mrr_at_1": 0.525,
        "mrr_at_3": 0.580833,
        "mrr_at_5": 0.593833,
        "mrr_at_10": 0.604258,
        "mrr_at_20": 0.610506,
        "mrr_at_100": 0.614566,
        "mrr_at_1000": 0.614566,
        "nauc_ndcg_at_1_max": 0.56215,
        "nauc_ndcg_at_1_std": 0.309137,
        "nauc_ndcg_at_1_diff1": 0.727923,
        "nauc_ndcg_at_3_max": 0.538627,
        "nauc_ndcg_at_3_std": 0.304544,
        "nauc_ndcg_at_3_diff1": 0.669156,
        "nauc_ndcg_at_5_max": 0.547538,
        "nauc_ndcg_at_5_std": 0.308684,
        "nauc_ndcg_at_5_diff1": 0.687088,
        "nauc_ndcg_at_10_max": 0.535509,
        "nauc_ndcg_at_10_std": 0.305507,
        "nauc_ndcg_at_10_diff1": 0.677192,
        "nauc_ndcg_at_20_max": 0.531001,
        "nauc_ndcg_at_20_std": 0.289912,
        "nauc_ndcg_at_20_diff1": 0.680816,
        "nauc_ndcg_at_100_max": 0.540348,
        "nauc_ndcg_at_100_std": 0.30281,
        "nauc_ndcg_at_100_diff1": 0.684501,
        "nauc_ndcg_at_1000_max": 0.540348,
        "nauc_ndcg_at_1000_std": 0.30281,
        "nauc_ndcg_at_1000_diff1": 0.684501,
        "nauc_map_at_1_max": 0.56215,
        "nauc_map_at_1_std": 0.309137,
        "nauc_map_at_1_diff1": 0.727923,
        "nauc_map_at_3_max": 0.544017,
        "nauc_map_at_3_std": 0.30334,
        "nauc_map_at_3_diff1": 0.681641,
        "nauc_map_at_5_max": 0.548589,
        "nauc_map_at_5_std": 0.305882,
        "nauc_map_at_5_diff1": 0.690853,
        "nauc_map_at_10_max": 0.543961,
        "nauc_map_at_10_std": 0.304595,
        "nauc_map_at_10_diff1": 0.687152,
        "nauc_map_at_20_max": 0.542633,
        "nauc_map_at_20_std": 0.301007,
        "nauc_map_at_20_diff1": 0.687667,
        "nauc_map_at_100_max": 0.543882,
        "nauc_map_at_100_std": 0.303235,
        "nauc_map_at_100_diff1": 0.688323,
        "nauc_map_at_1000_max": 0.543882,
        "nauc_map_at_1000_std": 0.303235,
        "nauc_map_at_1000_diff1": 0.688323,
        "nauc_recall_at_1_max": 0.56215,
        "nauc_recall_at_1_std": 0.309137,
        "nauc_recall_at_1_diff1": 0.727923,
        "nauc_recall_at_3_max": 0.521645,
        "nauc_recall_at_3_std": 0.309513,
        "nauc_recall_at_3_diff1": 0.630328,
        "nauc_recall_at_5_max": 0.546171,
        "nauc_recall_at_5_std": 0.32009,
        "nauc_recall_at_5_diff1": 0.679188,
        "nauc_recall_at_10_max": 0.494749,
        "nauc_recall_at_10_std": 0.309153,
        "nauc_recall_at_10_diff1": 0.63501,
        "nauc_recall_at_20_max": 0.433821,
        "nauc_recall_at_20_std": 0.172765,
        "nauc_recall_at_20_diff1": 0.646397,
        "nauc_recall_at_100_max": NaN,
        "nauc_recall_at_100_std": NaN,
        "nauc_recall_at_100_diff1": NaN,
        "nauc_recall_at_1000_max": NaN,
        "nauc_recall_at_1000_std": NaN,
        "nauc_recall_at_1000_diff1": NaN,
        "nauc_precision_at_1_max": 0.56215,
        "nauc_precision_at_1_std": 0.309137,
        "nauc_precision_at_1_diff1": 0.727923,
        "nauc_precision_at_3_max": 0.521645,
        "nauc_precision_at_3_std": 0.309513,
        "nauc_precision_at_3_diff1": 0.630328,
        "nauc_precision_at_5_max": 0.546171,
        "nauc_precision_at_5_std": 0.32009,
        "nauc_precision_at_5_diff1": 0.679188,
        "nauc_precision_at_10_max": 0.494749,
        "nauc_precision_at_10_std": 0.309153,
        "nauc_precision_at_10_diff1": 0.63501,
        "nauc_precision_at_20_max": 0.433821,
        "nauc_precision_at_20_std": 0.172765,
        "nauc_precision_at_20_diff1": 0.646397,
        "nauc_precision_at_100_max": 1.0,
        "nauc_precision_at_100_std": 1.0,
        "nauc_precision_at_100_diff1": 1.0,
        "nauc_precision_at_1000_max": 1.0,
        "nauc_precision_at_1000_std": 1.0,
        "nauc_precision_at_1000_diff1": 1.0,
        "nauc_mrr_at_1_max": 0.554521,
        "nauc_mrr_at_1_std": 0.300181,
        "nauc_mrr_at_1_diff1": 0.717096,
        "nauc_mrr_at_3_max": 0.538037,
        "nauc_mrr_at_3_std": 0.296332,
        "nauc_mrr_at_3_diff1": 0.674064,
        "nauc_mrr_at_5_max": 0.542484,
        "nauc_mrr_at_5_std": 0.298715,
        "nauc_mrr_at_5_diff1": 0.683131,
        "nauc_mrr_at_10_max": 0.536849,
        "nauc_mrr_at_10_std": 0.295985,
        "nauc_mrr_at_10_diff1": 0.678739,
        "nauc_mrr_at_20_max": 0.535966,
        "nauc_mrr_at_20_std": 0.293179,
        "nauc_mrr_at_20_diff1": 0.679369,
        "nauc_mrr_at_100_max": 0.537172,
        "nauc_mrr_at_100_std": 0.295284,
        "nauc_mrr_at_100_diff1": 0.679967,
        "nauc_mrr_at_1000_max": 0.537172,
        "nauc_mrr_at_1000_std": 0.295284,
        "nauc_mrr_at_1000_diff1": 0.679967,
        "main_score": 0.64336,
        "hf_subset": "ko",
        "languages": [
          "kor-Hang"
        ]
      }
    ]
  },
  "evaluation_time": 1499.4811828136444,
  "kg_co2_emissions": null
}