{
  "dataset_revision": "main",
  "task_name": "PublicHealthQA",
  "mteb_version": "1.38.57",
  "scores": {
    "test": [
      {
        "ndcg_at_1": 0.46753,
        "ndcg_at_3": 0.5167,
        "ndcg_at_5": 0.52172,
        "ndcg_at_10": 0.53507,
        "ndcg_at_20": 0.53869,
        "ndcg_at_100": 0.53869,
        "ndcg_at_1000": 0.53869,
        "map_at_1": 0.46753,
        "map_at_3": 0.50649,
        "map_at_5": 0.50909,
        "map_at_10": 0.51504,
        "map_at_20": 0.51622,
        "map_at_100": 0.51622,
        "map_at_1000": 0.51622,
        "recall_at_1": 0.46753,
        "recall_at_3": 0.54545,
        "recall_at_5": 0.55844,
        "recall_at_10": 0.5974,
        "recall_at_20": 0.61039,
        "recall_at_100": 0.61039,
        "recall_at_1000": 0.61039,
        "precision_at_1": 0.46753,
        "precision_at_3": 0.18182,
        "precision_at_5": 0.11169,
        "precision_at_10": 0.05974,
        "precision_at_20": 0.03052,
        "precision_at_100": 0.0061,
        "precision_at_1000": 0.00061,
        "mrr_at_1": 0.454545,
        "mrr_at_3": 0.5,
        "mrr_at_5": 0.502597,
        "mrr_at_10": 0.50855,
        "mrr_at_20": 0.50973,
        "mrr_at_100": 0.50973,
        "mrr_at_1000": 0.50973,
        "nauc_ndcg_at_1_max": 0.511824,
        "nauc_ndcg_at_1_std": 0.029023,
        "nauc_ndcg_at_1_diff1": 0.425403,
        "nauc_ndcg_at_3_max": 0.506372,
        "nauc_ndcg_at_3_std": 0.069868,
        "nauc_ndcg_at_3_diff1": 0.387013,
        "nauc_ndcg_at_5_max": 0.496194,
        "nauc_ndcg_at_5_std": 0.057377,
        "nauc_ndcg_at_5_diff1": 0.378366,
        "nauc_ndcg_at_10_max": 0.518281,
        "nauc_ndcg_at_10_std": 0.104515,
        "nauc_ndcg_at_10_diff1": 0.356392,
        "nauc_ndcg_at_20_max": 0.520045,
        "nauc_ndcg_at_20_std": 0.123998,
        "nauc_ndcg_at_20_diff1": 0.347652,
        "nauc_ndcg_at_100_max": 0.520045,
        "nauc_ndcg_at_100_std": 0.123998,
        "nauc_ndcg_at_100_diff1": 0.347652,
        "nauc_ndcg_at_1000_max": 0.520045,
        "nauc_ndcg_at_1000_std": 0.123998,
        "nauc_ndcg_at_1000_diff1": 0.347652,
        "nauc_map_at_1_max": 0.511824,
        "nauc_map_at_1_std": 0.029023,
        "nauc_map_at_1_diff1": 0.425403,
        "nauc_map_at_3_max": 0.507535,
        "nauc_map_at_3_std": 0.061159,
        "nauc_map_at_3_diff1": 0.395198,
        "nauc_map_at_5_max": 0.502327,
        "nauc_map_at_5_std": 0.054741,
        "nauc_map_at_5_diff1": 0.390793,
        "nauc_map_at_10_max": 0.512988,
        "nauc_map_at_10_std": 0.076483,
        "nauc_map_at_10_diff1": 0.380762,
        "nauc_map_at_20_max": 0.51354,
        "nauc_map_at_20_std": 0.082642,
        "nauc_map_at_20_diff1": 0.378022,
        "nauc_map_at_100_max": 0.51354,
        "nauc_map_at_100_std": 0.082642,
        "nauc_map_at_100_diff1": 0.378022,
        "nauc_map_at_1000_max": 0.51354,
        "nauc_map_at_1000_std": 0.082642,
        "nauc_map_at_1000_diff1": 0.378022,
        "nauc_recall_at_1_max": 0.511824,
        "nauc_recall_at_1_std": 0.029023,
        "nauc_recall_at_1_diff1": 0.425403,
        "nauc_recall_at_3_max": 0.503004,
        "nauc_recall_at_3_std": 0.095108,
        "nauc_recall_at_3_diff1": 0.363291,
        "nauc_recall_at_5_max": 0.475863,
        "nauc_recall_at_5_std": 0.062213,
        "nauc_recall_at_5_diff1": 0.339938,
        "nauc_recall_at_10_max": 0.538131,
        "nauc_recall_at_10_std": 0.20222,
        "nauc_recall_at_10_diff1": 0.272888,
        "nauc_recall_at_20_max": 0.545414,
        "nauc_recall_at_20_std": 0.279823,
        "nauc_recall_at_20_diff1": 0.237152,
        "nauc_recall_at_100_max": 0.545414,
        "nauc_recall_at_100_std": 0.279823,
        "nauc_recall_at_100_diff1": 0.237152,
        "nauc_recall_at_1000_max": 0.545414,
        "nauc_recall_at_1000_std": 0.279823,
        "nauc_recall_at_1000_diff1": 0.237152,
        "nauc_precision_at_1_max": 0.511824,
        "nauc_precision_at_1_std": 0.029023,
        "nauc_precision_at_1_diff1": 0.425403,
        "nauc_precision_at_3_max": 0.503004,
        "nauc_precision_at_3_std": 0.095108,
        "nauc_precision_at_3_diff1": 0.363291,
        "nauc_precision_at_5_max": 0.475863,
        "nauc_precision_at_5_std": 0.062213,
        "nauc_precision_at_5_diff1": 0.339938,
        "nauc_precision_at_10_max": 0.538131,
        "nauc_precision_at_10_std": 0.20222,
        "nauc_precision_at_10_diff1": 0.272888,
        "nauc_precision_at_20_max": 0.545414,
        "nauc_precision_at_20_std": 0.279823,
        "nauc_precision_at_20_diff1": 0.237152,
        "nauc_precision_at_100_max": 0.545414,
        "nauc_precision_at_100_std": 0.279823,
        "nauc_precision_at_100_diff1": 0.237152,
        "nauc_precision_at_1000_max": 0.545414,
        "nauc_precision_at_1000_std": 0.279823,
        "nauc_precision_at_1000_diff1": 0.237152,
        "nauc_mrr_at_1_max": 0.466832,
        "nauc_mrr_at_1_std": 0.02279,
        "nauc_mrr_at_1_diff1": 0.460064,
        "nauc_mrr_at_3_max": 0.48438,
        "nauc_mrr_at_3_std": 0.057874,
        "nauc_mrr_at_3_diff1": 0.413116,
        "nauc_mrr_at_5_max": 0.479122,
        "nauc_mrr_at_5_std": 0.051462,
        "nauc_mrr_at_5_diff1": 0.408769,
        "nauc_mrr_at_10_max": 0.489613,
        "nauc_mrr_at_10_std": 0.073131,
        "nauc_mrr_at_10_diff1": 0.398874,
        "nauc_mrr_at_20_max": 0.490119,
        "nauc_mrr_at_20_std": 0.079269,
        "nauc_mrr_at_20_diff1": 0.396176,
        "nauc_mrr_at_100_max": 0.490119,
        "nauc_mrr_at_100_std": 0.079269,
        "nauc_mrr_at_100_diff1": 0.396176,
        "nauc_mrr_at_1000_max": 0.490119,
        "nauc_mrr_at_1000_std": 0.079269,
        "nauc_mrr_at_1000_diff1": 0.396176,
        "main_score": 0.53507,
        "hf_subset": "korean",
        "languages": [
          "kor-Hang"
        ]
      }
    ]
  },
  "evaluation_time": 23.390578746795654,
  "kg_co2_emissions": null
}