{
  "dataset_revision": "c99d599f0a6ab9b85b065da6f9d94f9cf731679f",
  "task_name": "XPQARetrieval",
  "mteb_version": "1.38.57",
  "scores": {
    "test": [
      {
        "ndcg_at_1": 0.34557,
        "ndcg_at_3": 0.39155,
        "ndcg_at_5": 0.42797,
        "ndcg_at_10": 0.47367,
        "ndcg_at_20": 0.51001,
        "ndcg_at_100": 0.56068,
        "ndcg_at_1000": 0.56068,
        "map_at_1": 0.24704,
        "map_at_3": 0.35804,
        "map_at_5": 0.38647,
        "map_at_10": 0.40967,
        "map_at_20": 0.42044,
        "map_at_100": 0.43023,
        "map_at_1000": 0.43023,
        "recall_at_1": 0.24704,
        "recall_at_3": 0.42181,
        "recall_at_5": 0.50925,
        "recall_at_10": 0.63229,
        "recall_at_20": 0.7658,
        "recall_at_100": 1.0,
        "recall_at_1000": 1.0,
        "precision_at_1": 0.34557,
        "precision_at_3": 0.2212,
        "precision_at_5": 0.16361,
        "precision_at_10": 0.10245,
        "precision_at_20": 0.06116,
        "precision_at_100": 0.01564,
        "precision_at_1000": 0.00156,
        "mrr_at_1": 0.350153,
        "mrr_at_3": 0.41106,
        "mrr_at_5": 0.428644,
        "mrr_at_10": 0.444691,
        "mrr_at_20": 0.454009,
        "mrr_at_100": 0.459812,
        "mrr_at_1000": 0.459812,
        "nauc_ndcg_at_1_max": 0.185274,
        "nauc_ndcg_at_1_std": -0.128807,
        "nauc_ndcg_at_1_diff1": 0.423129,
        "nauc_ndcg_at_3_max": 0.135187,
        "nauc_ndcg_at_3_std": -0.180022,
        "nauc_ndcg_at_3_diff1": 0.38862,
        "nauc_ndcg_at_5_max": 0.12571,
        "nauc_ndcg_at_5_std": -0.186653,
        "nauc_ndcg_at_5_diff1": 0.376759,
        "nauc_ndcg_at_10_max": 0.116035,
        "nauc_ndcg_at_10_std": -0.201183,
        "nauc_ndcg_at_10_diff1": 0.390395,
        "nauc_ndcg_at_20_max": 0.135592,
        "nauc_ndcg_at_20_std": -0.172184,
        "nauc_ndcg_at_20_diff1": 0.38692,
        "nauc_ndcg_at_100_max": 0.149926,
        "nauc_ndcg_at_100_std": -0.161935,
        "nauc_ndcg_at_100_diff1": 0.387541,
        "nauc_ndcg_at_1000_max": 0.149926,
        "nauc_ndcg_at_1000_std": -0.161935,
        "nauc_ndcg_at_1000_diff1": 0.387541,
        "nauc_map_at_1_max": 0.127131,
        "nauc_map_at_1_std": -0.170185,
        "nauc_map_at_1_diff1": 0.474701,
        "nauc_map_at_3_max": 0.143388,
        "nauc_map_at_3_std": -0.170218,
        "nauc_map_at_3_diff1": 0.390039,
        "nauc_map_at_5_max": 0.138831,
        "nauc_map_at_5_std": -0.171235,
        "nauc_map_at_5_diff1": 0.376492,
        "nauc_map_at_10_max": 0.136371,
        "nauc_map_at_10_std": -0.177841,
        "nauc_map_at_10_diff1": 0.386407,
        "nauc_map_at_20_max": 0.141732,
        "nauc_map_at_20_std": -0.169303,
        "nauc_map_at_20_diff1": 0.385441,
        "nauc_map_at_100_max": 0.145758,
        "nauc_map_at_100_std": -0.165797,
        "nauc_map_at_100_diff1": 0.385179,
        "nauc_map_at_1000_max": 0.145758,
        "nauc_map_at_1000_std": -0.165797,
        "nauc_map_at_1000_diff1": 0.385179,
        "nauc_recall_at_1_max": 0.127131,
        "nauc_recall_at_1_std": -0.170185,
        "nauc_recall_at_1_diff1": 0.474701,
        "nauc_recall_at_3_max": 0.095707,
        "nauc_recall_at_3_std": -0.214366,
        "nauc_recall_at_3_diff1": 0.370891,
        "nauc_recall_at_5_max": 0.078016,
        "nauc_recall_at_5_std": -0.227876,
        "nauc_recall_at_5_diff1": 0.341862,
        "nauc_recall_at_10_max": 0.031711,
        "nauc_recall_at_10_std": -0.283908,
        "nauc_recall_at_10_diff1": 0.372133,
        "nauc_recall_at_20_max": 0.092873,
        "nauc_recall_at_20_std": -0.179055,
        "nauc_recall_at_20_diff1": 0.352518,
        "nauc_recall_at_100_max": NaN,
        "nauc_recall_at_100_std": NaN,
        "nauc_recall_at_100_diff1": NaN,
        "nauc_recall_at_1000_max": NaN,
        "nauc_recall_at_1000_std": NaN,
        "nauc_recall_at_1000_diff1": NaN,
        "nauc_precision_at_1_max": 0.185274,
        "nauc_precision_at_1_std": -0.128807,
        "nauc_precision_at_1_diff1": 0.423129,
        "nauc_precision_at_3_max": 0.150049,
        "nauc_precision_at_3_std": -0.092776,
        "nauc_precision_at_3_diff1": 0.18744,
        "nauc_precision_at_5_max": 0.126669,
        "nauc_precision_at_5_std": -0.073747,
        "nauc_precision_at_5_diff1": 0.128848,
        "nauc_precision_at_10_max": 0.101595,
        "nauc_precision_at_10_std": -0.075622,
        "nauc_precision_at_10_diff1": 0.121361,
        "nauc_precision_at_20_max": 0.146113,
        "nauc_precision_at_20_std": 0.040797,
        "nauc_precision_at_20_diff1": 0.0427,
        "nauc_precision_at_100_max": 0.194926,
        "nauc_precision_at_100_std": 0.179597,
        "nauc_precision_at_100_diff1": -0.120827,
        "nauc_precision_at_1000_max": 0.194926,
        "nauc_precision_at_1000_std": 0.179597,
        "nauc_precision_at_1000_diff1": -0.120827,
        "nauc_mrr_at_1_max": 0.193007,
        "nauc_mrr_at_1_std": -0.111051,
        "nauc_mrr_at_1_diff1": 0.409233,
        "nauc_mrr_at_3_max": 0.144464,
        "nauc_mrr_at_3_std": -0.167037,
        "nauc_mrr_at_3_diff1": 0.403345,
        "nauc_mrr_at_5_max": 0.145918,
        "nauc_mrr_at_5_std": -0.166046,
        "nauc_mrr_at_5_diff1": 0.397099,
        "nauc_mrr_at_10_max": 0.14083,
        "nauc_mrr_at_10_std": -0.170539,
        "nauc_mrr_at_10_diff1": 0.396622,
        "nauc_mrr_at_20_max": 0.144685,
        "nauc_mrr_at_20_std": -0.166508,
        "nauc_mrr_at_20_diff1": 0.397363,
        "nauc_mrr_at_100_max": 0.146191,
        "nauc_mrr_at_100_std": -0.16493,
        "nauc_mrr_at_100_diff1": 0.397925,
        "nauc_mrr_at_1000_max": 0.146191,
        "nauc_mrr_at_1000_std": -0.16493,
        "nauc_mrr_at_1000_diff1": 0.397925,
        "main_score": 0.47367,
        "hf_subset": "kor-kor",
        "languages": [
          "kor-Hang",
          "kor-Hang"
        ]
      },
      {
        "ndcg_at_1": 0.05046,
        "ndcg_at_3": 0.0385,
        "ndcg_at_5": 0.03952,
        "ndcg_at_10": 0.04178,
        "ndcg_at_20": 0.0424,
        "ndcg_at_100": 0.04343,
        "ndcg_at_1000": 0.04343,
        "map_at_1": 0.02556,
        "map_at_3": 0.03062,
        "map_at_5": 0.0319,
        "map_at_10": 0.03281,
        "map_at_20": 0.03299,
        "map_at_100": 0.03311,
        "map_at_1000": 0.03311,
        "recall_at_1": 0.02556,
        "recall_at_3": 0.0353,
        "recall_at_5": 0.04027,
        "recall_at_10": 0.04574,
        "recall_at_20": 0.04778,
        "recall_at_100": 0.05306,
        "recall_at_1000": 0.05306,
        "precision_at_1": 0.05046,
        "precision_at_3": 0.02192,
        "precision_at_5": 0.01498,
        "precision_at_10": 0.00856,
        "precision_at_20": 0.00443,
        "precision_at_100": 0.00096,
        "precision_at_1000": 0.0001,
        "mrr_at_1": 0.050459,
        "mrr_at_3": 0.056065,
        "mrr_at_5": 0.058282,
        "mrr_at_10": 0.059472,
        "mrr_at_20": 0.059713,
        "mrr_at_100": 0.059948,
        "mrr_at_1000": 0.059948,
        "nauc_ndcg_at_1_max": 0.566076,
        "nauc_ndcg_at_1_std": 0.52702,
        "nauc_ndcg_at_1_diff1": 0.667582,
        "nauc_ndcg_at_3_max": 0.553647,
        "nauc_ndcg_at_3_std": 0.527916,
        "nauc_ndcg_at_3_diff1": 0.62844,
        "nauc_ndcg_at_5_max": 0.509585,
        "nauc_ndcg_at_5_std": 0.486228,
        "nauc_ndcg_at_5_diff1": 0.577964,
        "nauc_ndcg_at_10_max": 0.497863,
        "nauc_ndcg_at_10_std": 0.476444,
        "nauc_ndcg_at_10_diff1": 0.553428,
        "nauc_ndcg_at_20_max": 0.505147,
        "nauc_ndcg_at_20_std": 0.484038,
        "nauc_ndcg_at_20_diff1": 0.545676,
        "nauc_ndcg_at_100_max": 0.495806,
        "nauc_ndcg_at_100_std": 0.475164,
        "nauc_ndcg_at_100_diff1": 0.53567,
        "nauc_ndcg_at_1000_max": 0.495806,
        "nauc_ndcg_at_1000_std": 0.475164,
        "nauc_ndcg_at_1000_diff1": 0.53567,
        "nauc_map_at_1_max": 0.580213,
        "nauc_map_at_1_std": 0.553835,