{
  "timestamp": "20241230_160538",
  "datatype_name": "AutoRAG",
  "qa_path": "/retriever-simple-benchmark/data/AutoRAG/qa_v4.parquet",
  "corpus_path": "/retriever-simple-benchmark/data/AutoRAG/ocr_corpus_v3.parquet",
  "model_type": "cross-encoder",
  "model_name": "dragonkue/bge-reranker-v2-m3-ko",
  "model_class": "huggingface",
  "use_fp16": true,
  "metrics": {
    "accuracy": {
      "1": 0.9122807017543859,
      "3": 0.9649122807017544,
      "5": 0.9649122807017544,
      "10": 0.9736842105263158
    },
    "f1": {
      "1": 0.9122807017543859,
      "3": 0.4824561403508772,
      "5": 0.32163742690058467,
      "10": 0.17703349282296674
    },
    "recall": {
      "1": 0.9122807017543859,
      "3": 0.9649122807017544,
      "5": 0.9649122807017544,
      "10": 0.9736842105263158
    },
    "precision": {
      "1": 0.9122807017543859,
      "3": 0.32163742690058467,
      "5": 0.19298245614035048,
      "10": 0.09736842105263137
    }
  },
  "inference_times": {
    "total_inference_time_sec": 310.28902220726013,
    "avg_inference_time_per_query_sec": 2.721833528133861
  },