{
  "dataset_revision": "fd7df84ac089bbec763b1c6bb1b56e985df5cc5c",
  "task_name": "AutoRAGRetrieval",
  "mteb_version": "1.38.1",
  "scores": {
    "test": [
      {
        "ndcg_at_1": 0.86842,
        "ndcg_at_3": 0.94131,
        "ndcg_at_5": 0.94509,
        "ndcg_at_10": 0.94509,
        "ndcg_at_20": 0.94509,
        "ndcg_at_100": 0.94509,
        "ndcg_at_1000": 0.94509,
        "map_at_1": 0.86842,
        "map_at_3": 0.92398,
        "map_at_5": 0.92617,
        "map_at_10": 0.92617,
        "map_at_20": 0.92617,
        "map_at_100": 0.92617,
        "map_at_1000": 0.92617,
        "recall_at_1": 0.86842,
        "recall_at_3": 0.99123,
        "recall_at_5": 1.0,
        "recall_at_10": 1.0,
        "recall_at_20": 1.0,
        "recall_at_100": 1.0,
        "recall_at_1000": 1.0,
        "precision_at_1": 0.86842,
        "precision_at_3": 0.33041,
        "precision_at_5": 0.2,
        "precision_at_10": 0.1,
        "precision_at_20": 0.05,
        "precision_at_100": 0.01,
        "precision_at_1000": 0.001,
        "mrr_at_1": 0.868421,
        "mrr_at_3": 0.923977,
        "mrr_at_5": 0.92617,
        "mrr_at_10": 0.92617,
        "mrr_at_20": 0.92617,
        "mrr_at_100": 0.92617,
        "mrr_at_1000": 0.92617,
        "nauc_ndcg_at_1_max": 0.402878,
        "nauc_ndcg_at_1_std": -0.826796,
        "nauc_ndcg_at_1_diff1": 0.939899,
        "nauc_ndcg_at_3_max": 0.396842,
        "nauc_ndcg_at_3_std": -0.860176,
        "nauc_ndcg_at_3_diff1": 0.935312,
        "nauc_ndcg_at_5_max": 0.416333,
        "nauc_ndcg_at_5_std": -0.839825,
        "nauc_ndcg_at_5_diff1": 0.939963,
        "nauc_ndcg_at_10_max": 0.416333,
        "nauc_ndcg_at_10_std": -0.839825,
        "nauc_ndcg_at_10_diff1": 0.939963,
        "nauc_ndcg_at_20_max": 0.416333,
        "nauc_ndcg_at_20_std": -0.839825,
        "nauc_ndcg_at_20_diff1": 0.939963,
        "nauc_ndcg_at_100_max": 0.416333,
        "nauc_ndcg_at_100_std": -0.839825,
        "nauc_ndcg_at_100_diff1": 0.939963,
        "nauc_ndcg_at_1000_max": 0.416333,
        "nauc_ndcg_at_1000_std": -0.839825,
        "nauc_ndcg_at_1000_diff1": 0.939963,
        "nauc_map_at_1_max": 0.402878,
        "nauc_map_at_1_std": -0.826796,
        "nauc_map_at_1_diff1": 0.939899,
        "nauc_map_at_3_max": 0.407058,
        "nauc_map_at_3_std": -0.8481,
        "nauc_map_at_3_diff1": 0.937913,
        "nauc_map_at_5_max": 0.415789,
        "nauc_map_at_5_std": -0.838942,
        "nauc_map_at_5_diff1": 0.940001,
        "nauc_map_at_10_max": 0.415789,
        "nauc_map_at_10_std": -0.838942,
        "nauc_map_at_10_diff1": 0.940001,
        "nauc_map_at_20_max": 0.415789,
        "nauc_map_at_20_std": -0.838942,
        "nauc_map_at_20_diff1": 0.940001,
        "nauc_map_at_100_max": 0.415789,
        "nauc_map_at_100_std": -0.838942,
        "nauc_map_at_100_diff1": 0.940001,
        "nauc_map_at_1000_max": 0.415789,
        "nauc_map_at_1000_std": -0.838942,
        "nauc_map_at_1000_diff1": 0.940001,
        "nauc_recall_at_1_max": 0.402878,
        "nauc_recall_at_1_std": -0.826796,
        "nauc_recall_at_1_diff1": 0.939899,
        "nauc_recall_at_3_max": 0.122234,
        "nauc_recall_at_3_std": -1.14691,
        "nauc_recall_at_3_diff1": 0.869789,
        "nauc_recall_at_5_max": NaN,
        "nauc_recall_at_5_std": NaN,
        "nauc_recall_at_5_diff1": NaN,
        "nauc_recall_at_10_max": NaN,
        "nauc_recall_at_10_std": NaN,
        "nauc_recall_at_10_diff1": NaN,
        "nauc_recall_at_20_max": NaN,
        "nauc_recall_at_20_std": NaN,
        "nauc_recall_at_20_diff1": NaN,
        "nauc_recall_at_100_max": NaN,
        "nauc_recall_at_100_std": NaN,
        "nauc_recall_at_100_diff1": NaN,
        "nauc_recall_at_1000_max": NaN,
        "nauc_recall_at_1000_std": NaN,
        "nauc_recall_at_1000_diff1": NaN,
        "nauc_precision_at_1_max": 0.402878,
        "nauc_precision_at_1_std": -0.826796,
        "nauc_precision_at_1_diff1": 0.939899,
        "nauc_precision_at_3_max": 0.122234,
        "nauc_precision_at_3_std": -1.14691,
        "nauc_precision_at_3_diff1": 0.869789,
        "nauc_precision_at_5_max": 1.0,
        "nauc_precision_at_5_std": 1.0,
        "nauc_precision_at_5_diff1": 1.0,
        "nauc_precision_at_10_max": 1.0,
        "nauc_precision_at_10_std": 1.0,
        "nauc_precision_at_10_diff1": 1.0,
        "nauc_precision_at_20_max": 1.0,
        "nauc_precision_at_20_std": 1.0,
        "nauc_precision_at_20_diff1": 1.0,
        "nauc_precision_at_100_max": 1.0,
        "nauc_precision_at_100_std": 1.0,
        "nauc_precision_at_100_diff1": 1.0,
        "nauc_precision_at_1000_max": 1.0,
        "nauc_precision_at_1000_std": 1.0,
        "nauc_precision_at_1000_diff1": 1.0,
        "nauc_mrr_at_1_max": 0.402878,
        "nauc_mrr_at_1_std": -0.826796,
        "nauc_mrr_at_1_diff1": 0.939899,
        "nauc_mrr_at_3_max": 0.407058,
        "nauc_mrr_at_3_std": -0.8481,
        "nauc_mrr_at_3_diff1": 0.937913,
        "nauc_mrr_at_5_max": 0.415789,
        "nauc_mrr_at_5_std": -0.838942,
        "nauc_mrr_at_5_diff1": 0.940001,
        "nauc_mrr_at_10_max": 0.415789,
        "nauc_mrr_at_10_std": -0.838942,
        "nauc_mrr_at_10_diff1": 0.940001,
        "nauc_mrr_at_20_max": 0.415789,
        "nauc_mrr_at_20_std": -0.838942,
        "nauc_mrr_at_20_diff1": 0.940001,
        "nauc_mrr_at_100_max": 0.415789,
        "nauc_mrr_at_100_std": -0.838942,
        "nauc_mrr_at_100_diff1": 0.940001,
        "nauc_mrr_at_1000_max": 0.415789,
        "nauc_mrr_at_1000_std": -0.838942,
        "nauc_mrr_at_1000_diff1": 0.940001,
        "main_score": 0.94509,
        "hf_subset": "default",
        "languages": [
          "kor-Hang"
        ]
      }
    ]
  },
  "evaluation_time": 65.61108016967773,
  "kg_co2_emissions": null
}