{
  "dataset_revision": "75b399394a9803252cfec289d103de462763db7c",
  "task_name": "BelebeleRetrieval",
  "mteb_version": "1.38.1",
  "scores": {
    "test": [
      {
        "ndcg_at_1": 0.90333,
        "ndcg_at_3": 0.93188,
        "ndcg_at_5": 0.93718,
        "ndcg_at_10": 0.94155,
        "ndcg_at_20": 0.9464,
        "ndcg_at_100": 0.94708,
        "ndcg_at_1000": 0.94708,
        "map_at_1": 0.90333,
        "map_at_3": 0.92519,
        "map_at_5": 0.92802,
        "map_at_10": 0.92985,
        "map_at_20": 0.93123,
        "map_at_100": 0.93135,
        "map_at_1000": 0.93135,
        "recall_at_1": 0.90333,
        "recall_at_3": 0.95111,
        "recall_at_5": 0.96444,
        "recall_at_10": 0.97778,
        "recall_at_20": 0.99667,
        "recall_at_100": 1.0,
        "recall_at_1000": 1.0,
        "precision_at_1": 0.90333,
        "precision_at_3": 0.31704,
        "precision_at_5": 0.19289,
        "precision_at_10": 0.09778,
        "precision_at_20": 0.04983,
        "precision_at_100": 0.01,
        "precision_at_1000": 0.001,
        "mrr_at_1": 0.903333,
        "mrr_at_3": 0.925185,
        "mrr_at_5": 0.928019,
        "mrr_at_10": 0.929854,
        "mrr_at_20": 0.931227,
        "mrr_at_100": 0.931346,
        "mrr_at_1000": 0.931346,
        "nauc_ndcg_at_1_max": 0.874277,
        "nauc_ndcg_at_1_std": 0.329443,
        "nauc_ndcg_at_1_diff1": 0.925196,
        "nauc_ndcg_at_3_max": 0.886868,
        "nauc_ndcg_at_3_std": 0.276052,
        "nauc_ndcg_at_3_diff1": 0.937733,
        "nauc_ndcg_at_5_max": 0.890736,
        "nauc_ndcg_at_5_std": 0.286008,
        "nauc_ndcg_at_5_diff1": 0.941106,
        "nauc_ndcg_at_10_max": 0.892211,
        "nauc_ndcg_at_10_std": 0.303029,
        "nauc_ndcg_at_10_diff1": 0.94004,
        "nauc_ndcg_at_20_max": 0.887424,
        "nauc_ndcg_at_20_std": 0.30993,
        "nauc_ndcg_at_20_diff1": 0.935954,
        "nauc_ndcg_at_100_max": 0.886585,
        "nauc_ndcg_at_100_std": 0.307277,
        "nauc_ndcg_at_100_diff1": 0.935127,
        "nauc_ndcg_at_1000_max": 0.886585,
        "nauc_ndcg_at_1000_std": 0.307277,
        "nauc_ndcg_at_1000_diff1": 0.935127,
        "nauc_map_at_1_max": 0.874277,
        "nauc_map_at_1_std": 0.329443,
        "nauc_map_at_1_diff1": 0.925196,
        "nauc_map_at_3_max": 0.883891,
        "nauc_map_at_3_std": 0.292745,
        "nauc_map_at_3_diff1": 0.934126,
        "nauc_map_at_5_max": 0.885752,
        "nauc_map_at_5_std": 0.29923,
        "nauc_map_at_5_diff1": 0.935482,
        "nauc_map_at_10_max": 0.88627,
        "nauc_map_at_10_std": 0.306967,
        "nauc_map_at_10_diff1": 0.934948,
        "nauc_map_at_20_max": 0.885098,
        "nauc_map_at_20_std": 0.30869,
        "nauc_map_at_20_diff1": 0.933922,
        "nauc_map_at_100_max": 0.884999,
        "nauc_map_at_100_std": 0.308387,
        "nauc_map_at_100_diff1": 0.933808,
        "nauc_map_at_1000_max": 0.884999,
        "nauc_map_at_1000_std": 0.308387,
        "nauc_map_at_1000_diff1": 0.933808,
        "nauc_recall_at_1_max": 0.874277,
        "nauc_recall_at_1_std": 0.329443,
        "nauc_recall_at_1_diff1": 0.925196,
        "nauc_recall_at_3_max": 0.899414,
        "nauc_recall_at_3_std": 0.202296,
        "nauc_recall_at_3_diff1": 0.953474,
        "nauc_recall_at_5_max": 0.919833,
        "nauc_recall_at_5_std": 0.208902,
        "nauc_recall_at_5_diff1": 0.97498,
        "nauc_recall_at_10_max": 0.946895,
        "nauc_recall_at_10_std": 0.275467,
        "nauc_recall_at_10_diff1": 0.986928,
        "nauc_recall_at_20_max": 0.956427,
        "nauc_recall_at_20_std": 0.528478,
        "nauc_recall_at_20_diff1": 1.0,
        "nauc_recall_at_100_max": NaN,
        "nauc_recall_at_100_std": NaN,
        "nauc_recall_at_100_diff1": NaN,
        "nauc_recall_at_1000_max": NaN,
        "nauc_recall_at_1000_std": NaN,
        "nauc_recall_at_1000_diff1": NaN,
        "nauc_precision_at_1_max": 0.874277,
        "nauc_precision_at_1_std": 0.329443,
        "nauc_precision_at_1_diff1": 0.925196,
        "nauc_precision_at_3_max": 0.899414,
        "nauc_precision_at_3_std": 0.202296,
        "nauc_precision_at_3_diff1": 0.953474,
        "nauc_precision_at_5_max": 0.919833,
        "nauc_precision_at_5_std": 0.208902,
        "nauc_precision_at_5_diff1": 0.97498,
        "nauc_precision_at_10_max": 0.946895,
        "nauc_precision_at_10_std": 0.275467,
        "nauc_precision_at_10_diff1": 0.986928,
        "nauc_precision_at_20_max": 0.956427,
        "nauc_precision_at_20_std": 0.528478,
        "nauc_precision_at_20_diff1": 1.0,
        "nauc_precision_at_100_max": 1.0,
        "nauc_precision_at_100_std": 1.0,
        "nauc_precision_at_100_diff1": 1.0,
        "nauc_precision_at_1000_max": NaN,
        "nauc_precision_at_1000_std": NaN,
        "nauc_precision_at_1000_diff1": NaN,
        "nauc_mrr_at_1_max": 0.874277,
        "nauc_mrr_at_1_std": 0.329443,
        "nauc_mrr_at_1_diff1": 0.925196,
        "nauc_mrr_at_3_max": 0.883891,
        "nauc_mrr_at_3_std": 0.292745,
        "nauc_mrr_at_3_diff1": 0.934126,
        "nauc_mrr_at_5_max": 0.885752,
        "nauc_mrr_at_5_std": 0.29923,
        "nauc_mrr_at_5_diff1": 0.935482,
        "nauc_mrr_at_10_max": 0.88627,
        "nauc_mrr_at_10_std": 0.306967,
        "nauc_mrr_at_10_diff1": 0.934948,
        "nauc_mrr_at_20_max": 0.885098,
        "nauc_mrr_at_20_std": 0.30869,
        "nauc_mrr_at_20_diff1": 0.933922,
        "nauc_mrr_at_100_max": 0.884999,
        "nauc_mrr_at_100_std": 0.308387,
        "nauc_mrr_at_100_diff1": 0.933808,
        "nauc_mrr_at_1000_max": 0.884999,
        "nauc_mrr_at_1000_std": 0.308387,
        "nauc_mrr_at_1000_diff1": 0.933808,
        "main_score": 0.94155,
        "hf_subset": "kor_Hang-kor_Hang",
        "languages": [
          "kor-Hang",
          "kor-Hang"
        ]
      },
      {
        "ndcg_at_1": 0.04444,
        "ndcg_at_3": 0.0464,
        "ndcg_at_5": 0.04683,
        "ndcg_at_10": 0.04683,
        "ndcg_at_20": 0.04736,
        "ndcg_at_100": 0.05735,
        "ndcg_at_1000": 0.05735,
        "map_at_1": 0.04444,
        "map_at_3": 0.04593,
        "map_at_5": 0.04615,
        "map_at_10": 0.04615,
        "map_at_20": 0.04627,
        "map_at_100": 0.04772,
        "map_at_1000": 0.04772,
        "recall_at_1": 0.04444,
        "recall_at_3": 0.04778,
        "recall_at_5": 0.04889,
        "recall_at_10": 0.04889,
        "recall_at_20": 0.05111,
        "recall_at_100": 0.10333,
        "recall_at_1000": 0.10333,
        "precision_at_1": 0.04444,
        "precision_at_3": 0.01593,
        "precision_at_5": 0.00978,
        "precision_at_10": 0.00489,
        "precision_at_20": 0.00256,
        "precision_at_100": 0.00103,
        "precision_at_1000": 0.0001,
        "mrr_at_1": 0.044444,
        "mrr_at_3": 0.045926,
        "mrr_at_5": 0.046148,
        "mrr_at_10": 0.046148,
        "mrr_at_20": 0.046272,
        "mrr_at_100": 0.047724,
        "mrr_at_1000": 0.047724,
        "nauc_ndcg_at_1_max": 0.871814,
        "nauc_ndcg_at_1_std": 0.698833,
        "nauc_ndcg_at_1_diff1": 0.791038,
        "nauc_ndcg_at_3_max": 0.877222,
        "nauc_ndcg_at_3_std": 0.711539,
        "nauc_ndcg_at_3_diff1": 0.769103,
        "nauc_ndcg_at_5_max": 0.868523,
        "nauc_ndcg_at_5_std": 0.705912,
        "nauc_ndcg_at_5_diff1": 0.761396,
        "nauc_ndcg_at_10_max": 0.868523,
        "nauc_ndcg_at_10_std": 0.705912,
        "nauc_ndcg_at_10_diff1": 0.761396,
        "nauc_ndcg_at_20_max": 0.868141,
        "nauc_ndcg_at_20_std": 0.707328,
        "nauc_ndcg_at_20_diff1": 0.758222,
        "nauc_ndcg_at_100_max": 0.874492,
        "nauc_ndcg_at_100_std": 0.720369,
        "nauc_ndcg_at_100_diff1": 0.756789,
        "nauc_ndcg_at_1000_max": 0.874492,
        "nauc_ndcg_at_1000_std": 0.720369,
        "nauc_ndcg_at_1000_diff1": 0.756789,
        "nauc_map_at_1_max": 0.871814,
        "nauc_map_at_1_std": 0.698833,
        "nauc_map_at_1_diff1": 0.791038,