{
  "dataset_revision": "d243889a3eb6654029dbd7e7f9319ae31d58f97c",
  "task_name": "Ko-StrategyQA",
  "mteb_version": "1.38.1",
  "scores": {
    "dev": [
      {
        "ndcg_at_1": 0.75845,
        "ndcg_at_3": 0.71601,
        "ndcg_at_5": 0.74191,
        "ndcg_at_10": 0.77399,
        "ndcg_at_20": 0.79952,
        "ndcg_at_100": 0.82143,
        "ndcg_at_1000": 0.82143,
        "map_at_1": 0.50069,
        "map_at_3": 0.66065,
        "map_at_5": 0.68507,
        "map_at_10": 0.70609,
        "map_at_20": 0.71665,
        "map_at_100": 0.72367,
        "map_at_1000": 0.72367,
        "recall_at_1": 0.50069,
        "recall_at_3": 0.70856,
        "recall_at_5": 0.76434,
        "recall_at_10": 0.84004,
        "recall_at_20": 0.92077,
        "recall_at_100": 1.0,
        "recall_at_1000": 1.0,
        "precision_at_1": 0.75845,
        "precision_at_3": 0.40766,
        "precision_at_5": 0.27061,
        "precision_at_10": 0.15422,
        "precision_at_20": 0.08606,
        "precision_at_100": 0.01934,
        "precision_at_1000": 0.00193,
        "mrr_at_1": 0.758446,
        "mrr_at_3": 0.815597,
        "mrr_at_5": 0.822016,
        "mrr_at_10": 0.827512,
        "mrr_at_20": 0.830343,
        "mrr_at_100": 0.830744,
        "mrr_at_1000": 0.830744,
        "nauc_ndcg_at_1_max": 0.640878,
        "nauc_ndcg_at_1_std": 0.208324,
        "nauc_ndcg_at_1_diff1": 0.702923,
        "nauc_ndcg_at_3_max": 0.561518,
        "nauc_ndcg_at_3_std": 0.210587,
        "nauc_ndcg_at_3_diff1": 0.570358,
        "nauc_ndcg_at_5_max": 0.587062,
        "nauc_ndcg_at_5_std": 0.23889,
        "nauc_ndcg_at_5_diff1": 0.582275,
        "nauc_ndcg_at_10_max": 0.609199,
        "nauc_ndcg_at_10_std": 0.271515,
        "nauc_ndcg_at_10_diff1": 0.591731,
        "nauc_ndcg_at_20_max": 0.612721,
        "nauc_ndcg_at_20_std": 0.262498,
        "nauc_ndcg_at_20_diff1": 0.605116,
        "nauc_ndcg_at_100_max": 0.592804,
        "nauc_ndcg_at_100_std": 0.235071,
        "nauc_ndcg_at_100_diff1": 0.596511,
        "nauc_ndcg_at_1000_max": 0.592804,
        "nauc_ndcg_at_1000_std": 0.235071,
        "nauc_ndcg_at_1000_diff1": 0.596511,
        "nauc_map_at_1_max": 0.34311,
        "nauc_map_at_1_std": -0.017241,
        "nauc_map_at_1_diff1": 0.533027,
        "nauc_map_at_3_max": 0.515212,
        "nauc_map_at_3_std": 0.156257,
        "nauc_map_at_3_diff1": 0.552147,
        "nauc_map_at_5_max": 0.5367,
        "nauc_map_at_5_std": 0.17685,
        "nauc_map_at_5_diff1": 0.560621,
        "nauc_map_at_10_max": 0.550849,
        "nauc_map_at_10_std": 0.199181,
        "nauc_map_at_10_diff1": 0.56618,
        "nauc_map_at_20_max": 0.551744,
        "nauc_map_at_20_std": 0.197092,
        "nauc_map_at_20_diff1": 0.569769,
        "nauc_map_at_100_max": 0.546339,
        "nauc_map_at_100_std": 0.190042,
        "nauc_map_at_100_diff1": 0.567289,
        "nauc_map_at_1000_max": 0.546339,
        "nauc_map_at_1000_std": 0.190042,
        "nauc_map_at_1000_diff1": 0.567289,
        "nauc_recall_at_1_max": 0.34311,
        "nauc_recall_at_1_std": -0.017241,
        "nauc_recall_at_1_diff1": 0.533027,
        "nauc_recall_at_3_max": 0.527147,
        "nauc_recall_at_3_std": 0.224791,
        "nauc_recall_at_3_diff1": 0.508215,
        "nauc_recall_at_5_max": 0.568084,
        "nauc_recall_at_5_std": 0.277672,
        "nauc_recall_at_5_diff1": 0.520326,
        "nauc_recall_at_10_max": 0.631088,
        "nauc_recall_at_10_std": 0.386721,
        "nauc_recall_at_10_diff1": 0.537563,
        "nauc_recall_at_20_max": 0.700502,
        "nauc_recall_at_20_std": 0.429203,
        "nauc_recall_at_20_diff1": 0.612896,
        "nauc_recall_at_100_max": NaN,
        "nauc_recall_at_100_std": NaN,
        "nauc_recall_at_100_diff1": NaN,
        "nauc_recall_at_1000_max": NaN,
        "nauc_recall_at_1000_std": NaN,
        "nauc_recall_at_1000_diff1": NaN,
        "nauc_precision_at_1_max": 0.640878,
        "nauc_precision_at_1_std": 0.208324,
        "nauc_precision_at_1_diff1": 0.702923,
        "nauc_precision_at_3_max": 0.369,
        "nauc_precision_at_3_std": 0.340887,
        "nauc_precision_at_3_diff1": 0.123512,
        "nauc_precision_at_5_max": 0.304976,
        "nauc_precision_at_5_std": 0.329579,
        "nauc_precision_at_5_diff1": 0.054438,
        "nauc_precision_at_10_max": 0.186246,
        "nauc_precision_at_10_std": 0.301866,
        "nauc_precision_at_10_diff1": -0.067996,
        "nauc_precision_at_20_max": 0.055172,
        "nauc_precision_at_20_std": 0.22798,
        "nauc_precision_at_20_diff1": -0.179937,
        "nauc_precision_at_100_max": -0.158289,
        "nauc_precision_at_100_std": 0.066932,
        "nauc_precision_at_100_diff1": -0.342056,
        "nauc_precision_at_1000_max": -0.158289,
        "nauc_precision_at_1000_std": 0.066932,
        "nauc_precision_at_1000_diff1": -0.342056,
        "nauc_mrr_at_1_max": 0.640878,
        "nauc_mrr_at_1_std": 0.208324,
        "nauc_mrr_at_1_diff1": 0.702923,
        "nauc_mrr_at_3_max": 0.706913,
        "nauc_mrr_at_3_std": 0.330569,
        "nauc_mrr_at_3_diff1": 0.696975,
        "nauc_mrr_at_5_max": 0.706302,
        "nauc_mrr_at_5_std": 0.329503,
        "nauc_mrr_at_5_diff1": 0.700991,
        "nauc_mrr_at_10_max": 0.702659,
        "nauc_mrr_at_10_std": 0.317688,
        "nauc_mrr_at_10_diff1": 0.700772,
        "nauc_mrr_at_20_max": 0.698747,
        "nauc_mrr_at_20_std": 0.309576,
        "nauc_mrr_at_20_diff1": 0.700687,
        "nauc_mrr_at_100_max": 0.698507,
        "nauc_mrr_at_100_std": 0.310236,
        "nauc_mrr_at_100_diff1": 0.700529,
        "nauc_mrr_at_1000_max": 0.698507,
        "nauc_mrr_at_1000_std": 0.310236,
        "nauc_mrr_at_1000_diff1": 0.700529,
        "main_score": 0.77399,
        "hf_subset": "default",
        "languages": [
          "kor-Hang"
        ]
      }
    ]
  },
  "evaluation_time": 185.129141330719,
  "kg_co2_emissions": null
}