{
  "dataset_revision": "main",
  "task_name": "MIRACLRetrieval",
  "mteb_version": "1.38.1",
  "scores": {
    "dev": [
      {
        "ndcg_at_1": 0.80282,
        "ndcg_at_3": 0.79848,
        "ndcg_at_5": 0.79937,
        "ndcg_at_10": 0.83299,
        "ndcg_at_20": 0.86117,
        "ndcg_at_100": 0.86827,
        "ndcg_at_1000": 0.86827,
        "map_at_1": 0.50771,
        "map_at_3": 0.66874,
        "map_at_5": 0.71379,
        "map_at_10": 0.75677,
        "map_at_20": 0.77789,
        "map_at_100": 0.78123,
        "map_at_1000": 0.78123,
        "recall_at_1": 0.50771,
        "recall_at_3": 0.73327,
        "recall_at_5": 0.80672,
        "recall_at_10": 0.90785,
        "recall_at_20": 0.97852,
        "recall_at_100": 1.0,
        "recall_at_1000": 1.0,
        "precision_at_1": 0.80282,
        "precision_at_3": 0.47731,
        "precision_at_5": 0.3446,
        "precision_at_10": 0.21502,
        "precision_at_20": 0.12394,
        "precision_at_100": 0.02568,
        "precision_at_1000": 0.00257,
        "mrr_at_1": 0.802817,
        "mrr_at_3": 0.874022,
        "mrr_at_5": 0.877308,
        "mrr_at_10": 0.880483,
        "mrr_at_20": 0.880796,
        "mrr_at_100": 0.880796,
        "mrr_at_1000": 0.880796,
        "nauc_ndcg_at_1_max": 0.523277,
        "nauc_ndcg_at_1_std": 0.075676,
        "nauc_ndcg_at_1_diff1": 0.678658,
        "nauc_ndcg_at_3_max": 0.386661,
        "nauc_ndcg_at_3_std": -0.17408,
        "nauc_ndcg_at_3_diff1": 0.614266,
        "nauc_ndcg_at_5_max": 0.317148,
        "nauc_ndcg_at_5_std": -0.286483,
        "nauc_ndcg_at_5_diff1": 0.609007,
        "nauc_ndcg_at_10_max": 0.285832,
        "nauc_ndcg_at_10_std": -0.274812,
        "nauc_ndcg_at_10_diff1": 0.59349,
        "nauc_ndcg_at_20_max": 0.372222,
        "nauc_ndcg_at_20_std": -0.167667,
        "nauc_ndcg_at_20_diff1": 0.613644,
        "nauc_ndcg_at_100_max": 0.394365,
        "nauc_ndcg_at_100_std": -0.146246,
        "nauc_ndcg_at_100_diff1": 0.621641,
        "nauc_ndcg_at_1000_max": 0.394365,
        "nauc_ndcg_at_1000_std": -0.146246,
        "nauc_ndcg_at_1000_diff1": 0.621641,
        "nauc_map_at_1_max": 0.245081,
        "nauc_map_at_1_std": -0.334288,
        "nauc_map_at_1_diff1": 0.652112,
        "nauc_map_at_3_max": 0.189669,
        "nauc_map_at_3_std": -0.437137,
        "nauc_map_at_3_diff1": 0.617241,
        "nauc_map_at_5_max": 0.203641,
        "nauc_map_at_5_std": -0.444335,
        "nauc_map_at_5_diff1": 0.607984,
        "nauc_map_at_10_max": 0.252056,
        "nauc_map_at_10_std": -0.337924,
        "nauc_map_at_10_diff1": 0.595747,
        "nauc_map_at_20_max": 0.317675,
        "nauc_map_at_20_std": -0.253505,
        "nauc_map_at_20_diff1": 0.604936,
        "nauc_map_at_100_max": 0.325332,
        "nauc_map_at_100_std": -0.246175,
        "nauc_map_at_100_diff1": 0.606992,
        "nauc_map_at_1000_max": 0.325332,
        "nauc_map_at_1000_std": -0.246175,
        "nauc_map_at_1000_diff1": 0.606992,
        "nauc_recall_at_1_max": 0.245081,
        "nauc_recall_at_1_std": -0.334288,
        "nauc_recall_at_1_diff1": 0.652112,
        "nauc_recall_at_3_max": 0.083321,
        "nauc_recall_at_3_std": -0.548616,
        "nauc_recall_at_3_diff1": 0.535485,
        "nauc_recall_at_5_max": 0.038324,
        "nauc_recall_at_5_std": -0.640429,
        "nauc_recall_at_5_diff1": 0.499796,
        "nauc_recall_at_10_max": -0.046687,
        "nauc_recall_at_10_std": -0.516338,
        "nauc_recall_at_10_diff1": 0.385685,
        "nauc_recall_at_20_max": -0.014603,
        "nauc_recall_at_20_std": -0.440871,
        "nauc_recall_at_20_diff1": 0.365634,
        "nauc_recall_at_100_max": NaN,
        "nauc_recall_at_100_std": NaN,
        "nauc_recall_at_100_diff1": NaN,
        "nauc_recall_at_1000_max": NaN,
        "nauc_recall_at_1000_std": NaN,
        "nauc_recall_at_1000_diff1": NaN,
        "nauc_precision_at_1_max": 0.523277,
        "nauc_precision_at_1_std": 0.075676,
        "nauc_precision_at_1_diff1": 0.678658,
        "nauc_precision_at_3_max": 0.108051,
        "nauc_precision_at_3_std": 0.296971,
        "nauc_precision_at_3_diff1": -0.195748,
        "nauc_precision_at_5_max": 0.089912,
        "nauc_precision_at_5_std": 0.337477,
        "nauc_precision_at_5_diff1": -0.260622,
        "nauc_precision_at_10_max": 0.12367,
        "nauc_precision_at_10_std": 0.512527,
        "nauc_precision_at_10_diff1": -0.311613,
        "nauc_precision_at_20_max": 0.169091,
        "nauc_precision_at_20_std": 0.584081,
        "nauc_precision_at_20_diff1": -0.312952,
        "nauc_precision_at_100_max": 0.1672,
        "nauc_precision_at_100_std": 0.586233,
        "nauc_precision_at_100_diff1": -0.321417,
        "nauc_precision_at_1000_max": 0.1672,
        "nauc_precision_at_1000_std": 0.586233,
        "nauc_precision_at_1000_diff1": -0.321417,
        "nauc_mrr_at_1_max": 0.523277,
        "nauc_mrr_at_1_std": 0.075676,
        "nauc_mrr_at_1_diff1": 0.678658,
        "nauc_mrr_at_3_max": 0.535759,
        "nauc_mrr_at_3_std": 0.046486,
        "nauc_mrr_at_3_diff1": 0.687466,
        "nauc_mrr_at_5_max": 0.534457,
        "nauc_mrr_at_5_std": 0.045049,
        "nauc_mrr_at_5_diff1": 0.686738,
        "nauc_mrr_at_10_max": 0.531488,
        "nauc_mrr_at_10_std": 0.055235,
        "nauc_mrr_at_10_diff1": 0.684986,
        "nauc_mrr_at_20_max": 0.530187,
        "nauc_mrr_at_20_std": 0.052613,
        "nauc_mrr_at_20_diff1": 0.684474,
        "nauc_mrr_at_100_max": 0.530187,
        "nauc_mrr_at_100_std": 0.052613,
        "nauc_mrr_at_100_diff1": 0.684474,
        "nauc_mrr_at_1000_max": 0.530187,
        "nauc_mrr_at_1000_std": 0.052613,
        "nauc_mrr_at_1000_diff1": 0.684474,
        "main_score": 0.83299,
        "hf_subset": "ko",
        "languages": [
          "kor-Kore"
        ]
      }
    ]
  },
  "evaluation_time": 56.37955164909363,
  "kg_co2_emissions": null
}