{
  "dataset_revision": "fc24a3ce8f09746410daee3d5cd823ff7a0675b7",
  "task_name": "MrTidyRetrieval",
  "mteb_version": "1.38.1",
  "scores": {
    "test": [
      {
        "ndcg_at_1": 0.64371,
        "ndcg_at_3": 0.73382,
        "ndcg_at_5": 0.75967,
        "ndcg_at_10": 0.78577,
        "ndcg_at_20": 0.79713,
        "ndcg_at_100": 0.80329,
        "ndcg_at_1000": 0.80329,
        "map_at_1": 0.6061,
        "map_at_3": 0.69867,
        "map_at_5": 0.71345,
        "map_at_10": 0.7257,
        "map_at_20": 0.72986,
        "map_at_100": 0.73163,
        "map_at_1000": 0.73163,
        "recall_at_1": 0.6061,
        "recall_at_3": 0.80127,
        "recall_at_5": 0.86144,
        "recall_at_10": 0.93666,
        "recall_at_20": 0.97546,
        "recall_at_100": 1.0,
        "recall_at_1000": 1.0,
        "precision_at_1": 0.64371,
        "precision_at_3": 0.29295,
        "precision_at_5": 0.19097,
        "precision_at_10": 0.1057,
        "precision_at_20": 0.05606,
        "precision_at_100": 0.01169,
        "precision_at_1000": 0.00117,
        "mrr_at_1": 0.643705,
        "mrr_at_3": 0.733967,
        "mrr_at_5": 0.747862,
        "mrr_at_10": 0.756312,
        "mrr_at_20": 0.758134,
        "mrr_at_100": 0.758342,
        "mrr_at_1000": 0.758342,
        "nauc_ndcg_at_1_max": 0.528311,
        "nauc_ndcg_at_1_std": 0.016102,
        "nauc_ndcg_at_1_diff1": 0.64759,
        "nauc_ndcg_at_3_max": 0.435902,
        "nauc_ndcg_at_3_std": -0.040729,
        "nauc_ndcg_at_3_diff1": 0.544137,
        "nauc_ndcg_at_5_max": 0.45197,
        "nauc_ndcg_at_5_std": -0.046319,
        "nauc_ndcg_at_5_diff1": 0.556211,
        "nauc_ndcg_at_10_max": 0.441916,
        "nauc_ndcg_at_10_std": -0.031429,
        "nauc_ndcg_at_10_diff1": 0.561565,
        "nauc_ndcg_at_20_max": 0.457172,
        "nauc_ndcg_at_20_std": -0.016593,
        "nauc_ndcg_at_20_diff1": 0.570662,
        "nauc_ndcg_at_100_max": 0.462557,
        "nauc_ndcg_at_100_std": -0.02034,
        "nauc_ndcg_at_100_diff1": 0.577306,
        "nauc_ndcg_at_1000_max": 0.462557,
        "nauc_ndcg_at_1000_std": -0.02034,
        "nauc_ndcg_at_1000_diff1": 0.577306,
        "nauc_map_at_1_max": 0.493449,
        "nauc_map_at_1_std": 0.028198,
        "nauc_map_at_1_diff1": 0.593872,
        "nauc_map_at_3_max": 0.442641,
        "nauc_map_at_3_std": -0.034108,
        "nauc_map_at_3_diff1": 0.561237,
        "nauc_map_at_5_max": 0.45041,
        "nauc_map_at_5_std": -0.035904,
        "nauc_map_at_5_diff1": 0.566665,
        "nauc_map_at_10_max": 0.447491,
        "nauc_map_at_10_std": -0.030311,
        "nauc_map_at_10_diff1": 0.570909,
        "nauc_map_at_20_max": 0.451825,
        "nauc_map_at_20_std": -0.025086,
        "nauc_map_at_20_diff1": 0.572363,
        "nauc_map_at_100_max": 0.453236,
        "nauc_map_at_100_std": -0.025541,
        "nauc_map_at_100_diff1": 0.573828,
        "nauc_map_at_1000_max": 0.453236,
        "nauc_map_at_1000_std": -0.025541,
        "nauc_map_at_1000_diff1": 0.573828,
        "nauc_recall_at_1_max": 0.493449,
        "nauc_recall_at_1_std": 0.028198,
        "nauc_recall_at_1_diff1": 0.593872,
        "nauc_recall_at_3_max": 0.345269,
        "nauc_recall_at_3_std": -0.089951,
        "nauc_recall_at_3_diff1": 0.429958,
        "nauc_recall_at_5_max": 0.371894,
        "nauc_recall_at_5_std": -0.130962,
        "nauc_recall_at_5_diff1": 0.428375,
        "nauc_recall_at_10_max": 0.185313,
        "nauc_recall_at_10_std": -0.106155,
        "nauc_recall_at_10_diff1": 0.316595,
        "nauc_recall_at_20_max": 0.246664,
        "nauc_recall_at_20_std": 0.11059,
        "nauc_recall_at_20_diff1": 0.28872,
        "nauc_recall_at_100_max": NaN,
        "nauc_recall_at_100_std": NaN,
        "nauc_recall_at_100_diff1": NaN,
        "nauc_recall_at_1000_max": NaN,
        "nauc_recall_at_1000_std": NaN,
        "nauc_recall_at_1000_diff1": NaN,
        "nauc_precision_at_1_max": 0.528311,
        "nauc_precision_at_1_std": 0.016102,
        "nauc_precision_at_1_diff1": 0.64759,
        "nauc_precision_at_3_max": 0.256883,
        "nauc_precision_at_3_std": -0.126601,
        "nauc_precision_at_3_diff1": 0.347144,
        "nauc_precision_at_5_max": 0.183766,
        "nauc_precision_at_5_std": -0.141191,
        "nauc_precision_at_5_diff1": 0.233972,
        "nauc_precision_at_10_max": -0.097542,
        "nauc_precision_at_10_std": -0.069809,
        "nauc_precision_at_10_diff1": -0.036527,
        "nauc_precision_at_20_max": -0.140119,
        "nauc_precision_at_20_std": 0.021441,
        "nauc_precision_at_20_diff1": -0.158724,
        "nauc_precision_at_100_max": -0.148383,
        "nauc_precision_at_100_std": 0.009985,
        "nauc_precision_at_100_diff1": -0.177659,
        "nauc_precision_at_1000_max": -0.148383,
        "nauc_precision_at_1000_std": 0.009985,
        "nauc_precision_at_1000_diff1": -0.177659,
        "nauc_mrr_at_1_max": 0.528311,
        "nauc_mrr_at_1_std": 0.016102,
        "nauc_mrr_at_1_diff1": 0.64759,
        "nauc_mrr_at_3_max": 0.491946,
        "nauc_mrr_at_3_std": -0.012348,
        "nauc_mrr_at_3_diff1": 0.595116,
        "nauc_mrr_at_5_max": 0.500678,
        "nauc_mrr_at_5_std": -0.013728,
        "nauc_mrr_at_5_diff1": 0.604879,
        "nauc_mrr_at_10_max": 0.499094,
        "nauc_mrr_at_10_std": -0.005077,
        "nauc_mrr_at_10_diff1": 0.604649,
        "nauc_mrr_at_20_max": 0.500612,
        "nauc_mrr_at_20_std": -0.005212,
        "nauc_mrr_at_20_diff1": 0.607947,
        "nauc_mrr_at_100_max": 0.500165,
        "nauc_mrr_at_100_std": -0.006105,
        "nauc_mrr_at_100_diff1": 0.607918,
        "nauc_mrr_at_1000_max": 0.500165,
        "nauc_mrr_at_1000_std": -0.006105,
        "nauc_mrr_at_1000_diff1": 0.607918,
        "main_score": 0.78577,
        "hf_subset": "korean",
        "languages": [
          "kor-Kore"
        ]
      }
    ]
  },
  "evaluation_time": 110.57405209541321,
  "kg_co2_emissions": null
}