{
  "dataset_revision": "d67138e705d963e346253a80e59676ddb418810a",
  "task_name": "MultiLongDocRetrieval",
  "mteb_version": "1.38.1",
  "scores": {
    "test": [
      {
        "ndcg_at_1": 0.31,
        "ndcg_at_3": 0.40875,
        "ndcg_at_5": 0.43736,
        "ndcg_at_10": 0.50071,
        "ndcg_at_20": 0.53778,
        "ndcg_at_100": 0.55888,
        "ndcg_at_1000": 0.55888,
        "map_at_1": 0.31,
        "map_at_3": 0.38417,
        "map_at_5": 0.39992,
        "map_at_10": 0.42532,
        "map_at_20": 0.43504,
        "map_at_100": 0.43895,
        "map_at_1000": 0.43895,
        "recall_at_1": 0.31,
        "recall_at_3": 0.48,
        "recall_at_5": 0.55,
        "recall_at_10": 0.75,
        "recall_at_20": 0.9,
        "recall_at_100": 1.0,
        "recall_at_1000": 1.0,
        "precision_at_1": 0.31,
        "precision_at_3": 0.16,
        "precision_at_5": 0.11,
        "precision_at_10": 0.075,
        "precision_at_20": 0.045,
        "precision_at_100": 0.01,
        "precision_at_1000": 0.001,
        "mrr_at_1": 0.31,
        "mrr_at_3": 0.384167,
        "mrr_at_5": 0.399917,
        "mrr_at_10": 0.425315,
        "mrr_at_20": 0.435036,
        "mrr_at_100": 0.438947,
        "mrr_at_1000": 0.438947,
        "nauc_ndcg_at_1_max": 0.567568,
        "nauc_ndcg_at_1_std": 0.167115,
        "nauc_ndcg_at_1_diff1": 0.648507,
        "nauc_ndcg_at_3_max": 0.463333,
        "nauc_ndcg_at_3_std": 0.091405,
        "nauc_ndcg_at_3_diff1": 0.558354,
        "nauc_ndcg_at_5_max": 0.430645,
        "nauc_ndcg_at_5_std": 0.064185,
        "nauc_ndcg_at_5_diff1": 0.541291,
        "nauc_ndcg_at_10_max": 0.438957,
        "nauc_ndcg_at_10_std": 0.08787,
        "nauc_ndcg_at_10_diff1": 0.543504,
        "nauc_ndcg_at_20_max": 0.448236,
        "nauc_ndcg_at_20_std": 0.085933,
        "nauc_ndcg_at_20_diff1": 0.552755,
        "nauc_ndcg_at_100_max": 0.471048,
        "nauc_ndcg_at_100_std": 0.103183,
        "nauc_ndcg_at_100_diff1": 0.569381,
        "nauc_ndcg_at_1000_max": 0.471048,
        "nauc_ndcg_at_1000_std": 0.103183,
        "nauc_ndcg_at_1000_diff1": 0.569381,
        "nauc_map_at_1_max": 0.567568,
        "nauc_map_at_1_std": 0.167115,
        "nauc_map_at_1_diff1": 0.648507,
        "nauc_map_at_3_max": 0.489353,
        "nauc_map_at_3_std": 0.110899,
        "nauc_map_at_3_diff1": 0.578898,
        "nauc_map_at_5_max": 0.471436,
        "nauc_map_at_5_std": 0.096219,
        "nauc_map_at_5_diff1": 0.56959,
        "nauc_map_at_10_max": 0.476527,
        "nauc_map_at_10_std": 0.107307,
        "nauc_map_at_10_diff1": 0.572964,
        "nauc_map_at_20_max": 0.479741,
        "nauc_map_at_20_std": 0.10779,
        "nauc_map_at_20_diff1": 0.575814,
        "nauc_map_at_100_max": 0.483516,
        "nauc_map_at_100_std": 0.110741,
        "nauc_map_at_100_diff1": 0.578548,
        "nauc_map_at_1000_max": 0.483516,
        "nauc_map_at_1000_std": 0.110741,
        "nauc_map_at_1000_diff1": 0.578548,
        "nauc_recall_at_1_max": 0.567568,
        "nauc_recall_at_1_std": 0.167115,
        "nauc_recall_at_1_diff1": 0.648507,
        "nauc_recall_at_3_max": 0.388073,
        "nauc_recall_at_3_std": 0.034786,
        "nauc_recall_at_3_diff1": 0.499702,
        "nauc_recall_at_5_max": 0.302682,
        "nauc_recall_at_5_std": -0.037106,
        "nauc_recall_at_5_diff1": 0.454139,
        "nauc_recall_at_10_max": 0.273616,
        "nauc_recall_at_10_std": 0.009116,
        "nauc_recall_at_10_diff1": 0.410215,
        "nauc_recall_at_20_max": 0.169118,
        "nauc_recall_at_20_std": -0.120331,
        "nauc_recall_at_20_diff1": 0.348413,
        "nauc_recall_at_100_max": NaN,
        "nauc_recall_at_100_std": NaN,
        "nauc_recall_at_100_diff1": NaN,
        "nauc_recall_at_1000_max": NaN,
        "nauc_recall_at_1000_std": NaN,
        "nauc_recall_at_1000_diff1": NaN,
        "nauc_precision_at_1_max": 0.567568,
        "nauc_precision_at_1_std": 0.167115,
        "nauc_precision_at_1_diff1": 0.648507,
        "nauc_precision_at_3_max": 0.388073,
        "nauc_precision_at_3_std": 0.034786,
        "nauc_precision_at_3_diff1": 0.499702,
        "nauc_precision_at_5_max": 0.302682,
        "nauc_precision_at_5_std": -0.037106,
        "nauc_precision_at_5_diff1": 0.454139,
        "nauc_precision_at_10_max": 0.273616,
        "nauc_precision_at_10_std": 0.009116,
        "nauc_precision_at_10_diff1": 0.410215,
        "nauc_precision_at_20_max": 0.169118,
        "nauc_precision_at_20_std": -0.120331,
        "nauc_precision_at_20_diff1": 0.348413,
        "nauc_precision_at_100_max": 1.0,
        "nauc_precision_at_100_std": 1.0,
        "nauc_precision_at_100_diff1": 1.0,
        "nauc_precision_at_1000_max": 1.0,
        "nauc_precision_at_1000_std": 1.0,
        "nauc_precision_at_1000_diff1": 1.0,
        "nauc_mrr_at_1_max": 0.567568,
        "nauc_mrr_at_1_std": 0.167115,
        "nauc_mrr_at_1_diff1": 0.648507,
        "nauc_mrr_at_3_max": 0.489353,
        "nauc_mrr_at_3_std": 0.110899,
        "nauc_mrr_at_3_diff1": 0.578898,
        "nauc_mrr_at_5_max": 0.471436,
        "nauc_mrr_at_5_std": 0.096219,
        "nauc_mrr_at_5_diff1": 0.56959,
        "nauc_mrr_at_10_max": 0.476527,
        "nauc_mrr_at_10_std": 0.107307,
        "nauc_mrr_at_10_diff1": 0.572964,
        "nauc_mrr_at_20_max": 0.479741,
        "nauc_mrr_at_20_std": 0.10779,
        "nauc_mrr_at_20_diff1": 0.575814,
        "nauc_mrr_at_100_max": 0.483516,
        "nauc_mrr_at_100_std": 0.110741,
        "nauc_mrr_at_100_diff1": 0.578548,
        "nauc_mrr_at_1000_max": 0.483516,
        "nauc_mrr_at_1000_std": 0.110741,
        "nauc_mrr_at_1000_diff1": 0.578548,
        "main_score": 0.50071,
        "hf_subset": "ko",
        "languages": [
          "kor-Hang"
        ]
      }
    ]
  },
  "evaluation_time": 507.0177321434021,
  "kg_co2_emissions": null
}