{
  "dataset_revision": "main",
  "task_name": "PublicHealthQA",
  "mteb_version": "1.38.1",
  "scores": {
    "test": [
      {
        "ndcg_at_1": 0.18182,
        "ndcg_at_3": 0.21459,
        "ndcg_at_5": 0.22521,
        "ndcg_at_10": 0.24183,
        "ndcg_at_20": 0.25192,
        "ndcg_at_100": 0.30175,
        "ndcg_at_1000": 0.30175,
        "map_at_1": 0.18182,
        "map_at_3": 0.20779,
        "map_at_5": 0.21364,
        "map_at_10": 0.2204,
        "map_at_20": 0.2233,
        "map_at_100": 0.23058,
        "map_at_1000": 0.23058,
        "recall_at_1": 0.18182,
        "recall_at_3": 0.23377,
        "recall_at_5": 0.25974,
        "recall_at_10": 0.31169,
        "recall_at_20": 0.35065,
        "recall_at_100": 0.61039,
        "recall_at_1000": 0.61039,
        "precision_at_1": 0.18182,
        "precision_at_3": 0.07792,
        "precision_at_5": 0.05195,
        "precision_at_10": 0.03117,
        "precision_at_20": 0.01753,
        "precision_at_100": 0.0061,
        "precision_at_1000": 0.00061,
        "mrr_at_1": 0.181818,
        "mrr_at_3": 0.207792,
        "mrr_at_5": 0.213636,
        "mrr_at_10": 0.220398,
        "mrr_at_20": 0.223299,
        "mrr_at_100": 0.230576,
        "mrr_at_1000": 0.230576,
        "nauc_ndcg_at_1_max": 0.448468,
        "nauc_ndcg_at_1_std": 0.134345,
        "nauc_ndcg_at_1_diff1": 0.457721,
        "nauc_ndcg_at_3_max": 0.4095,
        "nauc_ndcg_at_3_std": 0.161081,
        "nauc_ndcg_at_3_diff1": 0.353786,
        "nauc_ndcg_at_5_max": 0.373333,
        "nauc_ndcg_at_5_std": 0.153782,
        "nauc_ndcg_at_5_diff1": 0.318809,
        "nauc_ndcg_at_10_max": 0.340496,
        "nauc_ndcg_at_10_std": 0.13547,
        "nauc_ndcg_at_10_diff1": 0.3177,
        "nauc_ndcg_at_20_max": 0.325022,
        "nauc_ndcg_at_20_std": 0.129962,
        "nauc_ndcg_at_20_diff1": 0.295644,
        "nauc_ndcg_at_100_max": 0.392588,
        "nauc_ndcg_at_100_std": 0.162801,
        "nauc_ndcg_at_100_diff1": 0.381299,
        "nauc_ndcg_at_1000_max": 0.392588,
        "nauc_ndcg_at_1000_std": 0.162801,
        "nauc_ndcg_at_1000_diff1": 0.381299,
        "nauc_map_at_1_max": 0.448468,
        "nauc_map_at_1_std": 0.134345,
        "nauc_map_at_1_diff1": 0.457721,
        "nauc_map_at_3_max": 0.41707,
        "nauc_map_at_3_std": 0.155888,
        "nauc_map_at_3_diff1": 0.373975,
        "nauc_map_at_5_max": 0.396649,
        "nauc_map_at_5_std": 0.152646,
        "nauc_map_at_5_diff1": 0.353745,
        "nauc_map_at_10_max": 0.38185,
        "nauc_map_at_10_std": 0.143921,
        "nauc_map_at_10_diff1": 0.353436,
        "nauc_map_at_20_max": 0.37724,
        "nauc_map_at_20_std": 0.141753,
        "nauc_map_at_20_diff1": 0.347001,
        "nauc_map_at_100_max": 0.387466,
        "nauc_map_at_100_std": 0.14716,
        "nauc_map_at_100_diff1": 0.35923,
        "nauc_map_at_1000_max": 0.387466,
        "nauc_map_at_1000_std": 0.14716,
        "nauc_map_at_1000_diff1": 0.35923,
        "nauc_recall_at_1_max": 0.448468,
        "nauc_recall_at_1_std": 0.134345,
        "nauc_recall_at_1_diff1": 0.457721,
        "nauc_recall_at_3_max": 0.389446,
        "nauc_recall_at_3_std": 0.174841,
        "nauc_recall_at_3_diff1": 0.300295,
        "nauc_recall_at_5_max": 0.307668,
        "nauc_recall_at_5_std": 0.154506,
        "nauc_recall_at_5_diff1": 0.224018,
        "nauc_recall_at_10_max": 0.223816,
        "nauc_recall_at_10_std": 0.108009,
        "nauc_recall_at_10_diff1": 0.22501,
        "nauc_recall_at_20_max": 0.172884,
        "nauc_recall_at_20_std": 0.093041,
        "nauc_recall_at_20_diff1": 0.150402,
        "nauc_recall_at_100_max": 0.495868,
        "nauc_recall_at_100_std": 0.249608,
        "nauc_recall_at_100_diff1": 0.574588,
        "nauc_recall_at_1000_max": 0.495868,
        "nauc_recall_at_1000_std": 0.249608,
        "nauc_recall_at_1000_diff1": 0.574588,
        "nauc_precision_at_1_max": 0.448468,
        "nauc_precision_at_1_std": 0.134345,
        "nauc_precision_at_1_diff1": 0.457721,
        "nauc_precision_at_3_max": 0.389446,
        "nauc_precision_at_3_std": 0.174841,
        "nauc_precision_at_3_diff1": 0.300295,
        "nauc_precision_at_5_max": 0.307668,
        "nauc_precision_at_5_std": 0.154506,
        "nauc_precision_at_5_diff1": 0.224018,
        "nauc_precision_at_10_max": 0.223816,
        "nauc_precision_at_10_std": 0.108009,
        "nauc_precision_at_10_diff1": 0.22501,
        "nauc_precision_at_20_max": 0.172884,
        "nauc_precision_at_20_std": 0.093041,
        "nauc_precision_at_20_diff1": 0.150402,
        "nauc_precision_at_100_max": 0.495868,
        "nauc_precision_at_100_std": 0.249608,
        "nauc_precision_at_100_diff1": 0.574588,
        "nauc_precision_at_1000_max": 0.495868,
        "nauc_precision_at_1000_std": 0.249608,
        "nauc_precision_at_1000_diff1": 0.574588,
        "nauc_mrr_at_1_max": 0.448468,
        "nauc_mrr_at_1_std": 0.134345,
        "nauc_mrr_at_1_diff1": 0.457721,
        "nauc_mrr_at_3_max": 0.41707,
        "nauc_mrr_at_3_std": 0.155888,
        "nauc_mrr_at_3_diff1": 0.373975,
        "nauc_mrr_at_5_max": 0.396649,
        "nauc_mrr_at_5_std": 0.152646,
        "nauc_mrr_at_5_diff1": 0.353745,
        "nauc_mrr_at_10_max": 0.38185,
        "nauc_mrr_at_10_std": 0.143921,
        "nauc_mrr_at_10_diff1": 0.353436,
        "nauc_mrr_at_20_max": 0.37724,
        "nauc_mrr_at_20_std": 0.141753,
        "nauc_mrr_at_20_diff1": 0.347001,
        "nauc_mrr_at_100_max": 0.387466,
        "nauc_mrr_at_100_std": 0.14716,
        "nauc_mrr_at_100_diff1": 0.35923,
        "nauc_mrr_at_1000_max": 0.387466,
        "nauc_mrr_at_1000_std": 0.14716,
        "nauc_mrr_at_1000_diff1": 0.35923,
        "main_score": 0.24183,
        "hf_subset": "korean",
        "languages": [
          "kor-Hang"
        ]
      }
    ]
  },
  "evaluation_time": 23.068443536758423,
  "kg_co2_emissions": null
}