{
  "dataset_revision": "c99d599f0a6ab9b85b065da6f9d94f9cf731679f",
  "task_name": "XPQARetrieval",
  "mteb_version": "1.38.1",
  "scores": {
    "test": [
      {
        "ndcg_at_1": 0.43425,
        "ndcg_at_3": 0.47817,
        "ndcg_at_5": 0.52411,
        "ndcg_at_10": 0.57989,
        "ndcg_at_20": 0.62249,
        "ndcg_at_100": 0.64302,
        "ndcg_at_1000": 0.64302,
        "map_at_1": 0.33777,
        "map_at_3": 0.43396,
        "map_at_5": 0.46738,
        "map_at_10": 0.49415,
        "map_at_20": 0.50971,
        "map_at_100": 0.51523,
        "map_at_1000": 0.51523,
        "recall_at_1": 0.33777,
        "recall_at_3": 0.51251,
        "recall_at_5": 0.62001,
        "recall_at_10": 0.77633,
        "recall_at_20": 0.91916,
        "recall_at_100": 1.0,
        "recall_at_1000": 1.0,
        "precision_at_1": 0.43425,
        "precision_at_3": 0.24159,
        "precision_at_5": 0.17951,
        "precision_at_10": 0.11361,
        "precision_at_20": 0.06965,
        "precision_at_100": 0.01564,
        "precision_at_1000": 0.00156,
        "mrr_at_1": 0.434251,
        "mrr_at_3": 0.514271,
        "mrr_at_5": 0.536672,
        "mrr_at_10": 0.555901,
        "mrr_at_20": 0.563834,
        "mrr_at_100": 0.56517,
        "mrr_at_1000": 0.56517,
        "nauc_ndcg_at_1_max": 0.229641,
        "nauc_ndcg_at_1_std": -0.111557,
        "nauc_ndcg_at_1_diff1": 0.523772,
        "nauc_ndcg_at_3_max": 0.145119,
        "nauc_ndcg_at_3_std": -0.16841,
        "nauc_ndcg_at_3_diff1": 0.434698,
        "nauc_ndcg_at_5_max": 0.111036,
        "nauc_ndcg_at_5_std": -0.206752,
        "nauc_ndcg_at_5_diff1": 0.430255,
        "nauc_ndcg_at_10_max": 0.093658,
        "nauc_ndcg_at_10_std": -0.208293,
        "nauc_ndcg_at_10_diff1": 0.41614,
        "nauc_ndcg_at_20_max": 0.098188,
        "nauc_ndcg_at_20_std": -0.213497,
        "nauc_ndcg_at_20_diff1": 0.430932,
        "nauc_ndcg_at_100_max": 0.137727,
        "nauc_ndcg_at_100_std": -0.178787,
        "nauc_ndcg_at_100_diff1": 0.446706,
        "nauc_ndcg_at_1000_max": 0.137727,
        "nauc_ndcg_at_1000_std": -0.178787,
        "nauc_ndcg_at_1000_diff1": 0.446706,
        "nauc_map_at_1_max": 0.151886,
        "nauc_map_at_1_std": -0.126001,
        "nauc_map_at_1_diff1": 0.448978,
        "nauc_map_at_3_max": 0.142593,
        "nauc_map_at_3_std": -0.156994,
        "nauc_map_at_3_diff1": 0.426514,
        "nauc_map_at_5_max": 0.121544,
        "nauc_map_at_5_std": -0.182055,
        "nauc_map_at_5_diff1": 0.425069,
        "nauc_map_at_10_max": 0.114991,
        "nauc_map_at_10_std": -0.184291,
        "nauc_map_at_10_diff1": 0.421753,
        "nauc_map_at_20_max": 0.116088,
        "nauc_map_at_20_std": -0.186031,
        "nauc_map_at_20_diff1": 0.426943,
        "nauc_map_at_100_max": 0.124333,
        "nauc_map_at_100_std": -0.178815,
        "nauc_map_at_100_diff1": 0.430097,
        "nauc_map_at_1000_max": 0.124333,
        "nauc_map_at_1000_std": -0.178815,
        "nauc_map_at_1000_diff1": 0.430097,
        "nauc_recall_at_1_max": 0.151886,
        "nauc_recall_at_1_std": -0.126001,
        "nauc_recall_at_1_diff1": 0.448978,
        "nauc_recall_at_3_max": 0.101907,
        "nauc_recall_at_3_std": -0.187088,
        "nauc_recall_at_3_diff1": 0.374935,
        "nauc_recall_at_5_max": 0.012013,
        "nauc_recall_at_5_std": -0.280857,
        "nauc_recall_at_5_diff1": 0.348612,
        "nauc_recall_at_10_max": -0.096585,
        "nauc_recall_at_10_std": -0.295296,
        "nauc_recall_at_10_diff1": 0.234694,
        "nauc_recall_at_20_max": -0.358164,
        "nauc_recall_at_20_std": -0.553871,
        "nauc_recall_at_20_diff1": 0.155918,
        "nauc_recall_at_100_max": NaN,
        "nauc_recall_at_100_std": NaN,
        "nauc_recall_at_100_diff1": NaN,
        "nauc_recall_at_1000_max": NaN,
        "nauc_recall_at_1000_std": NaN,
        "nauc_recall_at_1000_diff1": NaN,
        "nauc_precision_at_1_max": 0.229641,
        "nauc_precision_at_1_std": -0.111557,
        "nauc_precision_at_1_diff1": 0.523772,
        "nauc_precision_at_3_max": 0.152207,
        "nauc_precision_at_3_std": -0.123939,
        "nauc_precision_at_3_diff1": 0.316307,
        "nauc_precision_at_5_max": 0.063371,
        "nauc_precision_at_5_std": -0.159484,
        "nauc_precision_at_5_diff1": 0.235902,
        "nauc_precision_at_10_max": -0.012549,
        "nauc_precision_at_10_std": -0.13728,
        "nauc_precision_at_10_diff1": 0.110959,
        "nauc_precision_at_20_max": -0.002515,
        "nauc_precision_at_20_std": -0.065017,
        "nauc_precision_at_20_diff1": 0.047329,
        "nauc_precision_at_100_max": 0.110708,
        "nauc_precision_at_100_std": 0.095002,
        "nauc_precision_at_100_diff1": 0.002699,
        "nauc_precision_at_1000_max": 0.110708,
        "nauc_precision_at_1000_std": 0.095002,
        "nauc_precision_at_1000_diff1": 0.002699,
        "nauc_mrr_at_1_max": 0.229641,
        "nauc_mrr_at_1_std": -0.111557,
        "nauc_mrr_at_1_diff1": 0.523772,
        "nauc_mrr_at_3_max": 0.195994,
        "nauc_mrr_at_3_std": -0.152331,
        "nauc_mrr_at_3_diff1": 0.494985,
        "nauc_mrr_at_5_max": 0.181893,
        "nauc_mrr_at_5_std": -0.169158,
        "nauc_mrr_at_5_diff1": 0.494836,
        "nauc_mrr_at_10_max": 0.179198,
        "nauc_mrr_at_10_std": -0.164994,
        "nauc_mrr_at_10_diff1": 0.489511,
        "nauc_mrr_at_20_max": 0.182653,
        "nauc_mrr_at_20_std": -0.162289,
        "nauc_mrr_at_20_diff1": 0.490886,
        "nauc_mrr_at_100_max": 0.184563,
        "nauc_mrr_at_100_std": -0.160633,
        "nauc_mrr_at_100_diff1": 0.492153,
        "nauc_mrr_at_1000_max": 0.184563,
        "nauc_mrr_at_1000_std": -0.160633,
        "nauc_mrr_at_1000_diff1": 0.492153,
        "main_score": 0.57989,
        "hf_subset": "kor-kor",
        "languages": [
          "kor-Hang",
          "kor-Hang"
        ]
      },
      {
        "ndcg_at_1": 0.03058,
        "ndcg_at_3": 0.02275,
        "ndcg_at_5": 0.02468,
        "ndcg_at_10": 0.02618,
        "ndcg_at_20": 0.02659,
        "ndcg_at_100": 0.03109,
        "ndcg_at_1000": 0.03109,
        "map_at_1": 0.01374,
        "map_at_3": 0.01705,
        "map_at_5": 0.01852,
        "map_at_10": 0.01913,
        "map_at_20": 0.01926,
        "map_at_100": 0.01983,
        "map_at_1000": 0.01983,
        "recall_at_1": 0.01374,
        "recall_at_3": 0.02151,
        "recall_at_5": 0.02801,
        "recall_at_10": 0.0315,
        "recall_at_20": 0.03303,
        "recall_at_100": 0.05306,
        "recall_at_1000": 0.05306,
        "precision_at_1": 0.03058,
        "precision_at_3": 0.01376,
        "precision_at_5": 0.00979,
        "precision_at_10": 0.00566,
        "precision_at_20": 0.00291,
        "precision_at_100": 0.00096,
        "precision_at_1000": 0.0001,
        "mrr_at_1": 0.030581,
        "mrr_at_3": 0.035168,
        "mrr_at_5": 0.036927,
        "mrr_at_10": 0.03791,
        "mrr_at_20": 0.038037,
        "mrr_at_100": 0.038999,
        "mrr_at_1000": 0.038999,
        "nauc_ndcg_at_1_max": 0.347332,
        "nauc_ndcg_at_1_std": 0.163863,
        "nauc_ndcg_at_1_diff1": 0.352862,
        "nauc_ndcg_at_3_max": 0.319728,
        "nauc_ndcg_at_3_std": 0.206455,
        "nauc_ndcg_at_3_diff1": 0.226102,
        "nauc_ndcg_at_5_max": 0.288506,
        "nauc_ndcg_at_5_std": 0.193495,
        "nauc_ndcg_at_5_diff1": 0.210488,
        "nauc_ndcg_at_10_max": 0.312766,
        "nauc_ndcg_at_10_std": 0.22857,
        "nauc_ndcg_at_10_diff1": 0.195497,
        "nauc_ndcg_at_20_max": 0.300155,
        "nauc_ndcg_at_20_std": 0.217268,
        "nauc_ndcg_at_20_diff1": 0.18602,
        "nauc_ndcg_at_100_max": 0.312981,
        "nauc_ndcg_at_100_std": 0.235565,
        "nauc_ndcg_at_100_diff1": 0.191176,
        "nauc_ndcg_at_1000_max": 0.312981,
        "nauc_ndcg_at_1000_std": 0.235565,
        "nauc_ndcg_at_1000_diff1": 0.191176,
        "nauc_map_at_1_max": 0.456924,
        "nauc_map_at_1_std": 0.291599,