{
  "dataset_revision": "d67138e705d963e346253a80e59676ddb418810a",
  "task_name": "MultiLongDocRetrieval",
  "mteb_version": "1.38.1",
  "scores": {
    "test": [
      {
        "ndcg_at_1": 0.275,
        "ndcg_at_3": 0.33536,
        "ndcg_at_5": 0.36116,
        "ndcg_at_10": 0.40606,
        "ndcg_at_20": 0.45497,
        "ndcg_at_100": 0.50004,
        "ndcg_at_1000": 0.50004,
        "map_at_1": 0.275,
        "map_at_3": 0.32,
        "map_at_5": 0.33375,
        "map_at_10": 0.35301,
        "map_at_20": 0.36626,
        "map_at_100": 0.37365,
        "map_at_1000": 0.37365,
        "recall_at_1": 0.275,
        "recall_at_3": 0.38,
        "recall_at_5": 0.445,
        "recall_at_10": 0.58,
        "recall_at_20": 0.775,
        "recall_at_100": 1.0,
        "recall_at_1000": 1.0,
        "precision_at_1": 0.275,
        "precision_at_3": 0.12667,
        "precision_at_5": 0.089,
        "precision_at_10": 0.058,
        "precision_at_20": 0.03875,
        "precision_at_100": 0.01,
        "precision_at_1000": 0.001,
        "mrr_at_1": 0.275,
        "mrr_at_3": 0.32,
        "mrr_at_5": 0.33375,
        "mrr_at_10": 0.35351,
        "mrr_at_20": 0.366325,
        "mrr_at_100": 0.37373,
        "mrr_at_1000": 0.37373,
        "nauc_ndcg_at_1_max": 0.624904,
        "nauc_ndcg_at_1_std": 0.47755,
        "nauc_ndcg_at_1_diff1": 0.665352,
        "nauc_ndcg_at_3_max": 0.635128,
        "nauc_ndcg_at_3_std": 0.537304,
        "nauc_ndcg_at_3_diff1": 0.604948,
        "nauc_ndcg_at_5_max": 0.62782,
        "nauc_ndcg_at_5_std": 0.533279,
        "nauc_ndcg_at_5_diff1": 0.595699,
        "nauc_ndcg_at_10_max": 0.617175,
        "nauc_ndcg_at_10_std": 0.531224,
        "nauc_ndcg_at_10_diff1": 0.5976,
        "nauc_ndcg_at_20_max": 0.601159,
        "nauc_ndcg_at_20_std": 0.515685,
        "nauc_ndcg_at_20_diff1": 0.598691,
        "nauc_ndcg_at_100_max": 0.622607,
        "nauc_ndcg_at_100_std": 0.521003,
        "nauc_ndcg_at_100_diff1": 0.608249,
        "nauc_ndcg_at_1000_max": 0.622607,
        "nauc_ndcg_at_1000_std": 0.521003,
        "nauc_ndcg_at_1000_diff1": 0.608249,
        "nauc_map_at_1_max": 0.624904,
        "nauc_map_at_1_std": 0.47755,
        "nauc_map_at_1_diff1": 0.665352,
        "nauc_map_at_3_max": 0.636228,
        "nauc_map_at_3_std": 0.524613,
        "nauc_map_at_3_diff1": 0.619905,
        "nauc_map_at_5_max": 0.6322,
        "nauc_map_at_5_std": 0.522513,
        "nauc_map_at_5_diff1": 0.614391,
        "nauc_map_at_10_max": 0.62703,
        "nauc_map_at_10_std": 0.521076,
        "nauc_map_at_10_diff1": 0.613866,
        "nauc_map_at_20_max": 0.623731,
        "nauc_map_at_20_std": 0.517131,
        "nauc_map_at_20_diff1": 0.614377,
        "nauc_map_at_100_max": 0.626964,
        "nauc_map_at_100_std": 0.517912,
        "nauc_map_at_100_diff1": 0.615788,
        "nauc_map_at_1000_max": 0.626964,
        "nauc_map_at_1000_std": 0.517912,
        "nauc_map_at_1000_diff1": 0.615788,
        "nauc_recall_at_1_max": 0.624904,
        "nauc_recall_at_1_std": 0.47755,
        "nauc_recall_at_1_diff1": 0.665352,
        "nauc_recall_at_3_max": 0.630715,
        "nauc_recall_at_3_std": 0.571908,
        "nauc_recall_at_3_diff1": 0.563246,
        "nauc_recall_at_5_max": 0.613165,
        "nauc_recall_at_5_std": 0.561947,
        "nauc_recall_at_5_diff1": 0.542528,
        "nauc_recall_at_10_max": 0.581986,
        "nauc_recall_at_10_std": 0.560829,
        "nauc_recall_at_10_diff1": 0.551441,
        "nauc_recall_at_20_max": 0.460309,
        "nauc_recall_at_20_std": 0.482082,
        "nauc_recall_at_20_diff1": 0.533326,
        "nauc_recall_at_100_max": NaN,
        "nauc_recall_at_100_std": NaN,
        "nauc_recall_at_100_diff1": NaN,
        "nauc_recall_at_1000_max": NaN,
        "nauc_recall_at_1000_std": NaN,
        "nauc_recall_at_1000_diff1": NaN,
        "nauc_precision_at_1_max": 0.624904,
        "nauc_precision_at_1_std": 0.47755,
        "nauc_precision_at_1_diff1": 0.665352,
        "nauc_precision_at_3_max": 0.630715,
        "nauc_precision_at_3_std": 0.571908,
        "nauc_precision_at_3_diff1": 0.563246,
        "nauc_precision_at_5_max": 0.613165,
        "nauc_precision_at_5_std": 0.561947,
        "nauc_precision_at_5_diff1": 0.542528,
        "nauc_precision_at_10_max": 0.581986,
        "nauc_precision_at_10_std": 0.560829,
        "nauc_precision_at_10_diff1": 0.551441,
        "nauc_precision_at_20_max": 0.460309,
        "nauc_precision_at_20_std": 0.482082,
        "nauc_precision_at_20_diff1": 0.533326,
        "nauc_precision_at_100_max": 1.0,
        "nauc_precision_at_100_std": 1.0,
        "nauc_precision_at_100_diff1": 1.0,
        "nauc_precision_at_1000_max": 1.0,
        "nauc_precision_at_1000_std": 1.0,
        "nauc_precision_at_1000_diff1": 1.0,
        "nauc_mrr_at_1_max": 0.624904,
        "nauc_mrr_at_1_std": 0.47755,
        "nauc_mrr_at_1_diff1": 0.665352,
        "nauc_mrr_at_3_max": 0.636228,
        "nauc_mrr_at_3_std": 0.524613,
        "nauc_mrr_at_3_diff1": 0.619905,
        "nauc_mrr_at_5_max": 0.6322,
        "nauc_mrr_at_5_std": 0.522513,
        "nauc_mrr_at_5_diff1": 0.614391,
        "nauc_mrr_at_10_max": 0.629061,
        "nauc_mrr_at_10_std": 0.521605,
        "nauc_mrr_at_10_diff1": 0.61589,
        "nauc_mrr_at_20_max": 0.623936,
        "nauc_mrr_at_20_std": 0.517241,
        "nauc_mrr_at_20_diff1": 0.61455,
        "nauc_mrr_at_100_max": 0.627178,
        "nauc_mrr_at_100_std": 0.518009,
        "nauc_mrr_at_100_diff1": 0.61596,
        "nauc_mrr_at_1000_max": 0.627178,
        "nauc_mrr_at_1000_std": 0.518009,
        "nauc_mrr_at_1000_diff1": 0.61596,
        "main_score": 0.40606,
        "hf_subset": "ko",
        "languages": [
          "kor-Hang"
        ]
      }
    ]
  },
  "evaluation_time": 1375.2633237838745,
  "kg_co2_emissions": null
}