{
  "timestamp": "20241230_163209",
  "datatype_name": "AutoRAG",
  "qa_path": "/retriever-simple-benchmark/data/AutoRAG/qa_v4.parquet",
  "corpus_path": "/retriever-simple-benchmark/data/AutoRAG/ocr_corpus_v3.parquet",
  "model_type": "cross-encoder",
  "model_name": "BAAI/bge-reranker-v2-m3",
  "model_class": "huggingface",
  "use_fp16": true,
  "metrics": {
    "accuracy": {
      "1": 0.8771929824561403,
      "3": 0.956140350877193,
      "5": 0.9649122807017544,
      "10": 0.9912280701754386
    },
    "f1": {
      "1": 0.8771929824561403,
      "3": 0.4780701754385965,
      "5": 0.32163742690058467,
      "10": 0.18022328548644365
    },
    "recall": {
      "1": 0.8771929824561403,
      "3": 0.956140350877193,
      "5": 0.9649122807017544,
      "10": 0.9912280701754386
    },
    "precision": {
      "1": 0.8771929824561403,
      "3": 0.3187134502923975,
      "5": 0.19298245614035048,
      "10": 0.09912280701754365
    }
  },
  "inference_times": {
    "total_inference_time_sec": 313.8794541358948,
    "avg_inference_time_per_query_sec": 2.7533285450517084
  }
}