{
  "dataset_revision": "75b399394a9803252cfec289d103de462763db7c",
  "task_name": "BelebeleRetrieval",
  "mteb_version": "1.38.57",
  "scores": {
    "test": [
      {
        "ndcg_at_1": 0.95111,
        "ndcg_at_3": 0.96876,
        "ndcg_at_5": 0.97191,
        "ndcg_at_10": 0.97262,
        "ndcg_at_20": 0.97453,
        "ndcg_at_100": 0.97494,
        "ndcg_at_1000": 0.97494,
        "map_at_1": 0.95111,
        "map_at_3": 0.96481,
        "map_at_5": 0.96654,
        "map_at_10": 0.96682,
        "map_at_20": 0.96732,
        "map_at_100": 0.96737,
        "map_at_1000": 0.96737,
        "recall_at_1": 0.95111,
        "recall_at_3": 0.98,
        "recall_at_5": 0.98778,
        "recall_at_10": 0.99,
        "recall_at_20": 0.99778,
        "recall_at_100": 1.0,
        "recall_at_1000": 1.0,
        "precision_at_1": 0.95111,
        "precision_at_3": 0.32667,
        "precision_at_5": 0.19756,
        "precision_at_10": 0.099,
        "precision_at_20": 0.04989,
        "precision_at_100": 0.01,
        "precision_at_1000": 0.001,
        "mrr_at_1": 0.951111,
        "mrr_at_3": 0.964815,
        "mrr_at_5": 0.966537,
        "mrr_at_10": 0.966819,
        "mrr_at_20": 0.967325,
        "mrr_at_100": 0.967377,
        "mrr_at_1000": 0.967377,
        "nauc_ndcg_at_1_max": 0.82007,
        "nauc_ndcg_at_1_std": -0.173489,
        "nauc_ndcg_at_1_diff1": 0.988116,
        "nauc_ndcg_at_3_max": 0.84207,
        "nauc_ndcg_at_3_std": -0.079742,
        "nauc_ndcg_at_3_diff1": 0.987271,
        "nauc_ndcg_at_5_max": 0.836023,
        "nauc_ndcg_at_5_std": -0.06712,
        "nauc_ndcg_at_5_diff1": 0.985842,
        "nauc_ndcg_at_10_max": 0.835195,
        "nauc_ndcg_at_10_std": -0.061121,
        "nauc_ndcg_at_10_diff1": 0.985477,
        "nauc_ndcg_at_20_max": 0.838198,
        "nauc_ndcg_at_20_std": -0.071988,
        "nauc_ndcg_at_20_diff1": 0.985844,
        "nauc_ndcg_at_100_max": 0.835558,
        "nauc_ndcg_at_100_std": -0.088388,
        "nauc_ndcg_at_100_diff1": 0.986656,
        "nauc_ndcg_at_1000_max": 0.835558,
        "nauc_ndcg_at_1000_std": -0.088388,
        "nauc_ndcg_at_1000_diff1": 0.986656,
        "nauc_map_at_1_max": 0.82007,
        "nauc_map_at_1_std": -0.173489,
        "nauc_map_at_1_diff1": 0.988116,
        "nauc_map_at_3_max": 0.836722,
        "nauc_map_at_3_std": -0.104003,
        "nauc_map_at_3_diff1": 0.987616,
        "nauc_map_at_5_max": 0.834015,
        "nauc_map_at_5_std": -0.096854,
        "nauc_map_at_5_diff1": 0.986979,
        "nauc_map_at_10_max": 0.833637,
        "nauc_map_at_10_std": -0.095988,
        "nauc_map_at_10_diff1": 0.986868,
        "nauc_map_at_20_max": 0.834295,
        "nauc_map_at_20_std": -0.098735,
        "nauc_map_at_20_diff1": 0.986985,
        "nauc_map_at_100_max": 0.834028,
        "nauc_map_at_100_std": -0.100394,
        "nauc_map_at_100_diff1": 0.987061,
        "nauc_map_at_1000_max": 0.834028,
        "nauc_map_at_1000_std": -0.100394,
        "nauc_map_at_1000_diff1": 0.987061,
        "nauc_recall_at_1_max": 0.82007,
        "nauc_recall_at_1_std": -0.173489,
        "nauc_recall_at_1_diff1": 0.988116,
        "nauc_recall_at_3_max": 0.867751,
        "nauc_recall_at_3_std": 0.03823,
        "nauc_recall_at_3_diff1": 0.985476,
        "nauc_recall_at_5_max": 0.845981,
        "nauc_recall_at_5_std": 0.155165,
        "nauc_recall_at_5_diff1": 0.976233,
        "nauc_recall_at_10_max": 0.842619,
        "nauc_recall_at_10_std": 0.271864,
        "nauc_recall_at_10_diff1": 0.970951,
        "nauc_recall_at_20_max": 1.0,
        "nauc_recall_at_20_std": 0.934641,
        "nauc_recall_at_20_diff1": 0.934641,
        "nauc_recall_at_100_max": NaN,
        "nauc_recall_at_100_std": NaN,
        "nauc_recall_at_100_diff1": NaN,
        "nauc_recall_at_1000_max": NaN,
        "nauc_recall_at_1000_std": NaN,
        "nauc_recall_at_1000_diff1": NaN,
        "nauc_precision_at_1_max": 0.82007,
        "nauc_precision_at_1_std": -0.173489,
        "nauc_precision_at_1_diff1": 0.988116,
        "nauc_precision_at_3_max": 0.867751,
        "nauc_precision_at_3_std": 0.03823,
        "nauc_precision_at_3_diff1": 0.985476,
        "nauc_precision_at_5_max": 0.845981,
        "nauc_precision_at_5_std": 0.155165,
        "nauc_precision_at_5_diff1": 0.976233,
        "nauc_precision_at_10_max": 0.842619,
        "nauc_precision_at_10_std": 0.271864,
        "nauc_precision_at_10_diff1": 0.970951,
        "nauc_precision_at_20_max": 1.0,
        "nauc_precision_at_20_std": 0.934641,
        "nauc_precision_at_20_diff1": 0.934641,
        "nauc_precision_at_100_max": 1.0,
        "nauc_precision_at_100_std": 1.0,
        "nauc_precision_at_100_diff1": 1.0,
        "nauc_precision_at_1000_max": NaN,
        "nauc_precision_at_1000_std": NaN,
        "nauc_precision_at_1000_diff1": NaN,
        "nauc_mrr_at_1_max": 0.82007,
        "nauc_mrr_at_1_std": -0.173489,
        "nauc_mrr_at_1_diff1": 0.988116,
        "nauc_mrr_at_3_max": 0.836722,
        "nauc_mrr_at_3_std": -0.104003,
        "nauc_mrr_at_3_diff1": 0.987616,
        "nauc_mrr_at_5_max": 0.834015,
        "nauc_mrr_at_5_std": -0.096854,
        "nauc_mrr_at_5_diff1": 0.986979,
        "nauc_mrr_at_10_max": 0.833637,
        "nauc_mrr_at_10_std": -0.095988,
        "nauc_mrr_at_10_diff1": 0.986868,
        "nauc_mrr_at_20_max": 0.834287,
        "nauc_mrr_at_20_std": -0.098816,
        "nauc_mrr_at_20_diff1": 0.986982,
        "nauc_mrr_at_100_max": 0.834019,
        "nauc_mrr_at_100_std": -0.100475,
        "nauc_mrr_at_100_diff1": 0.987058,
        "nauc_mrr_at_1000_max": 0.834019,
        "nauc_mrr_at_1000_std": -0.100475,
        "nauc_mrr_at_1000_diff1": 0.987058,
        "main_score": 0.97262,
        "hf_subset": "kor_Hang-kor_Hang",
        "languages": [
          "kor-Hang",
          "kor-Hang"
        ]
      },
      {
        "ndcg_at_1": 0.09889,
        "ndcg_at_3": 0.1014,
        "ndcg_at_5": 0.1014,
        "ndcg_at_10": 0.1014,
        "ndcg_at_20": 0.1014,
        "ndcg_at_100": 0.1014,
        "ndcg_at_1000": 0.1014,
        "map_at_1": 0.09889,
        "map_at_3": 0.10074,
        "map_at_5": 0.10074,
        "map_at_10": 0.10074,
        "map_at_20": 0.10074,
        "map_at_100": 0.10074,
        "map_at_1000": 0.10074,
        "recall_at_1": 0.09889,
        "recall_at_3": 0.10333,
        "recall_at_5": 0.10333,
        "recall_at_10": 0.10333,
        "recall_at_20": 0.10333,
        "recall_at_100": 0.10333,
        "recall_at_1000": 0.10333,
        "precision_at_1": 0.09889,
        "precision_at_3": 0.03444,
        "precision_at_5": 0.02067,
        "precision_at_10": 0.01033,
        "precision_at_20": 0.00517,
        "precision_at_100": 0.00103,
        "precision_at_1000": 0.0001,
        "mrr_at_1": 0.098889,
        "mrr_at_3": 0.100741,
        "mrr_at_5": 0.100741,
        "mrr_at_10": 0.100741,
        "mrr_at_20": 0.100741,
        "mrr_at_100": 0.100741,
        "mrr_at_1000": 0.100741,
        "nauc_ndcg_at_1_max": 0.917064,
        "nauc_ndcg_at_1_std": 0.894273,
        "nauc_ndcg_at_1_diff1": 0.920863,
        "nauc_ndcg_at_3_max": 0.913659,
        "nauc_ndcg_at_3_std": 0.891297,
        "nauc_ndcg_at_3_diff1": 0.902619,
        "nauc_ndcg_at_5_max": 0.913659,
        "nauc_ndcg_at_5_std": 0.891297,
        "nauc_ndcg_at_5_diff1": 0.902619,
        "nauc_ndcg_at_10_max": 0.913659,
        "nauc_ndcg_at_10_std": 0.891297,
        "nauc_ndcg_at_10_diff1": 0.902619,
        "nauc_ndcg_at_20_max": 0.913659,
        "nauc_ndcg_at_20_std": 0.891297,
        "nauc_ndcg_at_20_diff1": 0.902619,
        "nauc_ndcg_at_100_max": 0.913659,
        "nauc_ndcg_at_100_std": 0.891297,
        "nauc_ndcg_at_100_diff1": 0.902619,
        "nauc_ndcg_at_1000_max": 0.913659,
        "nauc_ndcg_at_1000_std": 0.891297,
        "nauc_ndcg_at_1000_diff1": 0.902619,
        "nauc_map_at_1_max": 0.917064,
        "nauc_map_at_1_std": 0.894273,
        "nauc_map_at_1_diff1": 0.920863,