{
  "dataset_revision": "d243889a3eb6654029dbd7e7f9319ae31d58f97c",
  "task_name": "Ko-StrategyQA",
  "mteb_version": "1.38.57",
  "scores": {
    "dev": [
      {
        "ndcg_at_1": 0.74155,
        "ndcg_at_3": 0.74961,
        "ndcg_at_5": 0.78143,
        "ndcg_at_10": 0.80071,
        "ndcg_at_20": 0.81632,
        "ndcg_at_100": 0.83555,
        "ndcg_at_1000": 0.83555,
        "map_at_1": 0.47747,
        "map_at_3": 0.70311,
        "map_at_5": 0.73462,
        "map_at_10": 0.74864,
        "map_at_20": 0.75455,
        "map_at_100": 0.75954,
        "map_at_1000": 0.75954,
        "recall_at_1": 0.47747,
        "recall_at_3": 0.7656,
        "recall_at_5": 0.83328,
        "recall_at_10": 0.87809,
        "recall_at_20": 0.92688,
        "recall_at_100": 1.0,
        "recall_at_1000": 1.0,
        "precision_at_1": 0.74155,
        "precision_at_3": 0.45327,
        "precision_at_5": 0.30304,
        "precision_at_10": 0.16351,
        "precision_at_20": 0.08742,
        "precision_at_100": 0.01934,
        "precision_at_1000": 0.00193,
        "mrr_at_1": 0.798986,
        "mrr_at_3": 0.837838,
        "mrr_at_5": 0.842652,
        "mrr_at_10": 0.844507,
        "mrr_at_20": 0.847227,
        "mrr_at_100": 0.848506,
        "mrr_at_1000": 0.848506,
        "nauc_ndcg_at_1_max": 0.394449,
        "nauc_ndcg_at_1_std": -0.135378,
        "nauc_ndcg_at_1_diff1": 0.427173,
        "nauc_ndcg_at_3_max": 0.484499,
        "nauc_ndcg_at_3_std": 0.020212,
        "nauc_ndcg_at_3_diff1": 0.300015,
        "nauc_ndcg_at_5_max": 0.525917,
        "nauc_ndcg_at_5_std": 0.076181,
        "nauc_ndcg_at_5_diff1": 0.290792,
        "nauc_ndcg_at_10_max": 0.553296,
        "nauc_ndcg_at_10_std": 0.113079,
        "nauc_ndcg_at_10_diff1": 0.288966,
        "nauc_ndcg_at_20_max": 0.537448,
        "nauc_ndcg_at_20_std": 0.098471,
        "nauc_ndcg_at_20_diff1": 0.30294,
        "nauc_ndcg_at_100_max": 0.493629,
        "nauc_ndcg_at_100_std": 0.037073,
        "nauc_ndcg_at_100_diff1": 0.316122,
        "nauc_ndcg_at_1000_max": 0.493629,
        "nauc_ndcg_at_1000_std": 0.037073,
        "nauc_ndcg_at_1000_diff1": 0.316122,
        "nauc_map_at_1_max": 0.190459,
        "nauc_map_at_1_std": -0.219881,
        "nauc_map_at_1_diff1": 0.543885,
        "nauc_map_at_3_max": 0.450116,
        "nauc_map_at_3_std": -0.037505,
        "nauc_map_at_3_diff1": 0.311651,
        "nauc_map_at_5_max": 0.476339,
        "nauc_map_at_5_std": 0.007143,
        "nauc_map_at_5_diff1": 0.302391,
        "nauc_map_at_10_max": 0.489098,
        "nauc_map_at_10_std": 0.024772,
        "nauc_map_at_10_diff1": 0.300948,
        "nauc_map_at_20_max": 0.484811,
        "nauc_map_at_20_std": 0.021839,
        "nauc_map_at_20_diff1": 0.305508,
        "nauc_map_at_100_max": 0.476088,
        "nauc_map_at_100_std": 0.009986,
        "nauc_map_at_100_diff1": 0.308329,
        "nauc_map_at_1000_max": 0.476088,
        "nauc_map_at_1000_std": 0.009986,
        "nauc_map_at_1000_diff1": 0.308329,
        "nauc_recall_at_1_max": 0.190459,
        "nauc_recall_at_1_std": -0.219881,
        "nauc_recall_at_1_diff1": 0.543885,
        "nauc_recall_at_3_max": 0.538903,
        "nauc_recall_at_3_std": 0.109188,
        "nauc_recall_at_3_diff1": 0.228395,
        "nauc_recall_at_5_max": 0.647418,
        "nauc_recall_at_5_std": 0.266418,
        "nauc_recall_at_5_diff1": 0.191953,
        "nauc_recall_at_10_max": 0.802866,
        "nauc_recall_at_10_std": 0.461497,
        "nauc_recall_at_10_diff1": 0.170927,
        "nauc_recall_at_20_max": 0.845796,
        "nauc_recall_at_20_std": 0.555781,
        "nauc_recall_at_20_diff1": 0.199014,
        "nauc_recall_at_100_max": NaN,
        "nauc_recall_at_100_std": NaN,
        "nauc_recall_at_100_diff1": NaN,
        "nauc_recall_at_1000_max": NaN,
        "nauc_recall_at_1000_std": NaN,
        "nauc_recall_at_1000_diff1": NaN,
        "nauc_precision_at_1_max": 0.394449,
        "nauc_precision_at_1_std": -0.135378,
        "nauc_precision_at_1_diff1": 0.427173,
        "nauc_precision_at_3_max": 0.331799,
        "nauc_precision_at_3_std": 0.259675,
        "nauc_precision_at_3_diff1": -0.230856,
        "nauc_precision_at_5_max": 0.264327,
        "nauc_precision_at_5_std": 0.310038,
        "nauc_precision_at_5_diff1": -0.279455,
        "nauc_precision_at_10_max": 0.209736,
        "nauc_precision_at_10_std": 0.327102,
        "nauc_precision_at_10_diff1": -0.297281,
        "nauc_precision_at_20_max": 0.105365,
        "nauc_precision_at_20_std": 0.297315,
        "nauc_precision_at_20_diff1": -0.323452,
        "nauc_precision_at_100_max": -0.120575,
        "nauc_precision_at_100_std": 0.144512,
        "nauc_precision_at_100_diff1": -0.368472,
        "nauc_precision_at_1000_max": -0.120575,
        "nauc_precision_at_1000_std": 0.144512,
        "nauc_precision_at_1000_diff1": -0.368472,
        "nauc_mrr_at_1_max": 0.670525,
        "nauc_mrr_at_1_std": 0.193387,
        "nauc_mrr_at_1_diff1": 0.233069,
        "nauc_mrr_at_3_max": 0.715899,
        "nauc_mrr_at_3_std": 0.3003,
        "nauc_mrr_at_3_diff1": 0.219441,
        "nauc_mrr_at_5_max": 0.713078,
        "nauc_mrr_at_5_std": 0.300005,
        "nauc_mrr_at_5_diff1": 0.217801,
        "nauc_mrr_at_10_max": 0.718414,
        "nauc_mrr_at_10_std": 0.303616,
        "nauc_mrr_at_10_diff1": 0.21669,
        "nauc_mrr_at_20_max": 0.714955,
        "nauc_mrr_at_20_std": 0.297808,
        "nauc_mrr_at_20_diff1": 0.218046,
        "nauc_mrr_at_100_max": 0.713441,
        "nauc_mrr_at_100_std": 0.29433,
        "nauc_mrr_at_100_diff1": 0.218741,
        "nauc_mrr_at_1000_max": 0.713441,
        "nauc_mrr_at_1000_std": 0.29433,
        "nauc_mrr_at_1000_diff1": 0.218741,
        "main_score": 0.80071,
        "hf_subset": "default",
        "languages": [
          "kor-Hang"
        ]
      }
    ]
  },
  "evaluation_time": 405.23434114456177,
  "kg_co2_emissions": null
}