{
  "dataset_revision": "main",
  "task_name": "MIRACLRetrieval",
  "mteb_version": "1.38.57",
  "scores": {
    "dev": [
      {
        "ndcg_at_1": 0.67136,
        "ndcg_at_3": 0.76752,
        "ndcg_at_5": 0.79761,
        "ndcg_at_10": 0.83089,
        "ndcg_at_20": 0.84526,
        "ndcg_at_100": 0.8469,
        "ndcg_at_1000": 0.8469,
        "map_at_1": 0.43172,
        "map_at_3": 0.63937,
        "map_at_5": 0.71206,
        "map_at_10": 0.76135,
        "map_at_20": 0.77242,
        "map_at_100": 0.77325,
        "map_at_1000": 0.77325,
        "recall_at_1": 0.43172,
        "recall_at_3": 0.75023,
        "recall_at_5": 0.86358,
        "recall_at_10": 0.95506,
        "recall_at_20": 0.99531,
        "recall_at_100": 1.0,
        "recall_at_1000": 1.0,
        "precision_at_1": 0.67136,
        "precision_at_3": 0.49139,
        "precision_at_5": 0.3831,
        "precision_at_10": 0.23944,
        "precision_at_20": 0.12723,
        "precision_at_100": 0.02568,
        "precision_at_1000": 0.00257,
        "mrr_at_1": 0.896714,
        "mrr_at_3": 0.92723,
        "mrr_at_5": 0.930047,
        "mrr_at_10": 0.931416,
        "mrr_at_20": 0.932119,
        "mrr_at_100": 0.932119,
        "mrr_at_1000": 0.932119,
        "nauc_ndcg_at_1_max": 0.008552,
        "nauc_ndcg_at_1_std": -0.267596,
        "nauc_ndcg_at_1_diff1": 0.412072,
        "nauc_ndcg_at_3_max": -0.016094,
        "nauc_ndcg_at_3_std": -0.37138,
        "nauc_ndcg_at_3_diff1": 0.472211,
        "nauc_ndcg_at_5_max": -0.005683,
        "nauc_ndcg_at_5_std": -0.379567,
        "nauc_ndcg_at_5_diff1": 0.463088,
        "nauc_ndcg_at_10_max": -0.000599,
        "nauc_ndcg_at_10_std": -0.347605,
        "nauc_ndcg_at_10_diff1": 0.456647,
        "nauc_ndcg_at_20_max": -0.003427,
        "nauc_ndcg_at_20_std": -0.286426,
        "nauc_ndcg_at_20_diff1": 0.444545,
        "nauc_ndcg_at_100_max": -0.000962,
        "nauc_ndcg_at_100_std": -0.298395,
        "nauc_ndcg_at_100_diff1": 0.440249,
        "nauc_ndcg_at_1000_max": -0.000962,
        "nauc_ndcg_at_1000_std": -0.298395,
        "nauc_ndcg_at_1000_diff1": 0.440249,
        "nauc_map_at_1_max": -0.033303,
        "nauc_map_at_1_std": -0.485932,
        "nauc_map_at_1_diff1": 0.68588,
        "nauc_map_at_3_max": -0.016138,
        "nauc_map_at_3_std": -0.559471,
        "nauc_map_at_3_diff1": 0.599288,
        "nauc_map_at_5_max": -0.01086,
        "nauc_map_at_5_std": -0.520309,
        "nauc_map_at_5_diff1": 0.536856,
        "nauc_map_at_10_max": -0.012535,
        "nauc_map_at_10_std": -0.38021,
        "nauc_map_at_10_diff1": 0.493998,
        "nauc_map_at_20_max": -0.012801,
        "nauc_map_at_20_std": -0.32846,
        "nauc_map_at_20_diff1": 0.479468,
        "nauc_map_at_100_max": -0.010924,
        "nauc_map_at_100_std": -0.332721,
        "nauc_map_at_100_diff1": 0.478397,
        "nauc_map_at_1000_max": -0.010924,
        "nauc_map_at_1000_std": -0.332721,
        "nauc_map_at_1000_diff1": 0.478397,
        "nauc_recall_at_1_max": -0.033303,
        "nauc_recall_at_1_std": -0.485932,
        "nauc_recall_at_1_diff1": 0.68588,
        "nauc_recall_at_3_max": -0.006014,
        "nauc_recall_at_3_std": -0.66786,
        "nauc_recall_at_3_diff1": 0.566032,
        "nauc_recall_at_5_max": 0.009356,
        "nauc_recall_at_5_std": -0.741902,
        "nauc_recall_at_5_diff1": 0.496795,
        "nauc_recall_at_10_max": 0.008701,
        "nauc_recall_at_10_std": -0.609837,
        "nauc_recall_at_10_diff1": 0.450121,
        "nauc_recall_at_20_max": -0.114672,
        "nauc_recall_at_20_std": 0.713619,
        "nauc_recall_at_20_diff1": 0.696412,
        "nauc_recall_at_100_max": NaN,
        "nauc_recall_at_100_std": NaN,
        "nauc_recall_at_100_diff1": NaN,
        "nauc_recall_at_1000_max": NaN,
        "nauc_recall_at_1000_std": NaN,
        "nauc_recall_at_1000_diff1": NaN,
        "nauc_precision_at_1_max": 0.008552,
        "nauc_precision_at_1_std": -0.267596,
        "nauc_precision_at_1_diff1": 0.412072,
        "nauc_precision_at_3_max": 0.041396,
        "nauc_precision_at_3_std": 0.260792,
        "nauc_precision_at_3_diff1": -0.362029,
        "nauc_precision_at_5_max": 0.049017,
        "nauc_precision_at_5_std": 0.398502,
        "nauc_precision_at_5_diff1": -0.453171,
        "nauc_precision_at_10_max": 0.015152,
        "nauc_precision_at_10_std": 0.554476,
        "nauc_precision_at_10_diff1": -0.469365,
        "nauc_precision_at_20_max": 0.013609,
        "nauc_precision_at_20_std": 0.600246,
        "nauc_precision_at_20_diff1": -0.480044,
        "nauc_precision_at_100_max": 0.01498,
        "nauc_precision_at_100_std": 0.582118,
        "nauc_precision_at_100_diff1": -0.482803,
        "nauc_precision_at_1000_max": 0.01498,
        "nauc_precision_at_1000_std": 0.582118,
        "nauc_precision_at_1000_diff1": -0.482803,
        "nauc_mrr_at_1_max": 0.488763,
        "nauc_mrr_at_1_std": 0.148456,
        "nauc_mrr_at_1_diff1": -0.168763,
        "nauc_mrr_at_3_max": 0.475442,
        "nauc_mrr_at_3_std": 0.027834,
        "nauc_mrr_at_3_diff1": -0.053134,
        "nauc_mrr_at_5_max": 0.459732,
        "nauc_mrr_at_5_std": 0.071098,
        "nauc_mrr_at_5_diff1": -0.074665,
        "nauc_mrr_at_10_max": 0.473481,
        "nauc_mrr_at_10_std": 0.084583,
        "nauc_mrr_at_10_diff1": -0.075432,
        "nauc_mrr_at_20_max": 0.471584,
        "nauc_mrr_at_20_std": 0.080669,
        "nauc_mrr_at_20_diff1": -0.077401,
        "nauc_mrr_at_100_max": 0.471584,
        "nauc_mrr_at_100_std": 0.080669,
        "nauc_mrr_at_100_diff1": -0.077401,
        "nauc_mrr_at_1000_max": 0.471584,
        "nauc_mrr_at_1000_std": 0.080669,
        "nauc_mrr_at_1000_diff1": -0.077401,
        "main_score": 0.83089,
        "hf_subset": "ko",
        "languages": [
          "kor-Kore"
        ]
      }
    ]
  },
  "evaluation_time": 141.70915603637695,
  "kg_co2_emissions": null
}