{
  "dataset_revision": "fc24a3ce8f09746410daee3d5cd823ff7a0675b7",
  "task_name": "MrTidyRetrieval",
  "mteb_version": "1.38.57",
  "scores": {
    "test": [
      {
        "ndcg_at_1": 0.42518,
        "ndcg_at_3": 0.56872,
        "ndcg_at_5": 0.62222,
        "ndcg_at_10": 0.65374,
        "ndcg_at_20": 0.67084,
        "ndcg_at_100": 0.68318,
        "ndcg_at_1000": 0.68318,
        "map_at_1": 0.39232,
        "map_at_3": 0.5258,
        "map_at_5": 0.55856,
        "map_at_10": 0.57344,
        "map_at_20": 0.57898,
        "map_at_100": 0.58133,
        "map_at_1000": 0.58133,
        "recall_at_1": 0.39232,
        "recall_at_3": 0.66548,
        "recall_at_5": 0.7886,
        "recall_at_10": 0.87965,
        "recall_at_20": 0.94141,
        "recall_at_100": 1.0,
        "recall_at_1000": 1.0,
        "precision_at_1": 0.42518,
        "precision_at_3": 0.25099,
        "precision_at_5": 0.18005,
        "precision_at_10": 0.10166,
        "precision_at_20": 0.05499,
        "precision_at_100": 0.01169,
        "precision_at_1000": 0.00117,
        "mrr_at_1": 0.648456,
        "mrr_at_3": 0.707047,
        "mrr_at_5": 0.722724,
        "mrr_at_10": 0.729291,
        "mrr_at_20": 0.732966,
        "mrr_at_100": 0.734754,
        "mrr_at_1000": 0.734754,
        "nauc_ndcg_at_1_max": -0.002714,
        "nauc_ndcg_at_1_std": -0.373032,
        "nauc_ndcg_at_1_diff1": 0.537627,
        "nauc_ndcg_at_3_max": -0.019612,
        "nauc_ndcg_at_3_std": -0.406076,
        "nauc_ndcg_at_3_diff1": 0.426883,
        "nauc_ndcg_at_5_max": -0.003947,
        "nauc_ndcg_at_5_std": -0.381961,
        "nauc_ndcg_at_5_diff1": 0.421463,
        "nauc_ndcg_at_10_max": 0.018341,
        "nauc_ndcg_at_10_std": -0.366413,
        "nauc_ndcg_at_10_diff1": 0.415586,
        "nauc_ndcg_at_20_max": -0.000892,
        "nauc_ndcg_at_20_std": -0.366555,
        "nauc_ndcg_at_20_diff1": 0.439705,
        "nauc_ndcg_at_100_max": -0.005621,
        "nauc_ndcg_at_100_std": -0.377457,
        "nauc_ndcg_at_100_diff1": 0.448818,
        "nauc_ndcg_at_1000_max": -0.005621,
        "nauc_ndcg_at_1000_std": -0.377457,
        "nauc_ndcg_at_1000_diff1": 0.448818,
        "nauc_map_at_1_max": 0.002233,
        "nauc_map_at_1_std": -0.359524,
        "nauc_map_at_1_diff1": 0.517578,
        "nauc_map_at_3_max": -0.016052,
        "nauc_map_at_3_std": -0.397054,
        "nauc_map_at_3_diff1": 0.450119,
        "nauc_map_at_5_max": -0.006374,
        "nauc_map_at_5_std": -0.382469,
        "nauc_map_at_5_diff1": 0.449107,
        "nauc_map_at_10_max": -0.000176,
        "nauc_map_at_10_std": -0.379871,
        "nauc_map_at_10_diff1": 0.448918,
        "nauc_map_at_20_max": -0.00489,
        "nauc_map_at_20_std": -0.378807,
        "nauc_map_at_20_diff1": 0.455135,
        "nauc_map_at_100_max": -0.005865,
        "nauc_map_at_100_std": -0.379959,
        "nauc_map_at_100_diff1": 0.456168,
        "nauc_map_at_1000_max": -0.005865,
        "nauc_map_at_1000_std": -0.379959,
        "nauc_map_at_1000_diff1": 0.456168,
        "nauc_recall_at_1_max": 0.002233,
        "nauc_recall_at_1_std": -0.359524,
        "nauc_recall_at_1_diff1": 0.517578,
        "nauc_recall_at_3_max": -0.020435,
        "nauc_recall_at_3_std": -0.419707,
        "nauc_recall_at_3_diff1": 0.334628,
        "nauc_recall_at_5_max": 0.022327,
        "nauc_recall_at_5_std": -0.352576,
        "nauc_recall_at_5_diff1": 0.275869,
        "nauc_recall_at_10_max": 0.184883,
        "nauc_recall_at_10_std": -0.23977,
        "nauc_recall_at_10_diff1": 0.153669,
        "nauc_recall_at_20_max": 0.070856,
        "nauc_recall_at_20_std": -0.131307,
        "nauc_recall_at_20_diff1": 0.24113,
        "nauc_recall_at_100_max": NaN,
        "nauc_recall_at_100_std": NaN,
        "nauc_recall_at_100_diff1": NaN,
        "nauc_recall_at_1000_max": NaN,
        "nauc_recall_at_1000_std": NaN,
        "nauc_recall_at_1000_diff1": NaN,
        "nauc_precision_at_1_max": -0.002714,
        "nauc_precision_at_1_std": -0.373032,
        "nauc_precision_at_1_diff1": 0.537627,
        "nauc_precision_at_3_max": -0.039741,
        "nauc_precision_at_3_std": -0.349173,
        "nauc_precision_at_3_diff1": 0.285665,
        "nauc_precision_at_5_max": 0.011273,
        "nauc_precision_at_5_std": -0.173659,
        "nauc_precision_at_5_diff1": 0.153213,
        "nauc_precision_at_10_max": 0.073805,
        "nauc_precision_at_10_std": -0.027694,
        "nauc_precision_at_10_diff1": 0.033804,
        "nauc_precision_at_20_max": -0.004308,
        "nauc_precision_at_20_std": 0.078863,
        "nauc_precision_at_20_diff1": 0.02511,
        "nauc_precision_at_100_max": -0.032419,
        "nauc_precision_at_100_std": 0.119926,
        "nauc_precision_at_100_diff1": -0.046651,
        "nauc_precision_at_1000_max": -0.032419,
        "nauc_precision_at_1000_std": 0.119926,
        "nauc_precision_at_1000_diff1": -0.046651,
        "nauc_mrr_at_1_max": 0.223674,
        "nauc_mrr_at_1_std": -0.057294,
        "nauc_mrr_at_1_diff1": 0.030407,
        "nauc_mrr_at_3_max": 0.160646,
        "nauc_mrr_at_3_std": -0.106673,
        "nauc_mrr_at_3_diff1": 0.083803,
        "nauc_mrr_at_5_max": 0.172416,
        "nauc_mrr_at_5_std": -0.108672,
        "nauc_mrr_at_5_diff1": 0.076437,
        "nauc_mrr_at_10_max": 0.180412,
        "nauc_mrr_at_10_std": -0.10416,
        "nauc_mrr_at_10_diff1": 0.068966,
        "nauc_mrr_at_20_max": 0.178333,
        "nauc_mrr_at_20_std": -0.10282,
        "nauc_mrr_at_20_diff1": 0.070628,
        "nauc_mrr_at_100_max": 0.179135,
        "nauc_mrr_at_100_std": -0.101613,
        "nauc_mrr_at_100_diff1": 0.069427,
        "nauc_mrr_at_1000_max": 0.179135,
        "nauc_mrr_at_1000_std": -0.101613,
        "nauc_mrr_at_1000_diff1": 0.069427,
        "main_score": 0.65374,
        "hf_subset": "korean",
        "languages": [
          "kor-Kore"
        ]
      }
    ]
  },
  "evaluation_time": 279.8672158718109,
  "kg_co2_emissions": null
}