{
  "dataset_revision": "d67138e705d963e346253a80e59676ddb418810a",
  "task_name": "MultiLongDocRetrieval",
  "mteb_version": "1.38.57",
  "scores": {
    "test": [
      {
        "ndcg_at_1": 0.52,
        "ndcg_at_3": 0.63452,
        "ndcg_at_5": 0.65302,
        "ndcg_at_10": 0.66768,
        "ndcg_at_20": 0.67784,
        "ndcg_at_100": 0.7086,
        "ndcg_at_1000": 0.7086,
        "map_at_1": 0.52,
        "map_at_3": 0.60667,
        "map_at_5": 0.61692,
        "map_at_10": 0.62302,
        "map_at_20": 0.62584,
        "map_at_100": 0.63078,
        "map_at_1000": 0.63078,
        "recall_at_1": 0.52,
        "recall_at_3": 0.715,
        "recall_at_5": 0.76,
        "recall_at_10": 0.805,
        "recall_at_20": 0.845,
        "recall_at_100": 1.0,
        "recall_at_1000": 1.0,
        "precision_at_1": 0.52,
        "precision_at_3": 0.23833,
        "precision_at_5": 0.152,
        "precision_at_10": 0.0805,
        "precision_at_20": 0.04225,
        "precision_at_100": 0.01,
        "precision_at_1000": 0.001,
        "mrr_at_1": 0.52,
        "mrr_at_3": 0.6075,
        "mrr_at_5": 0.61875,
        "mrr_at_10": 0.624018,
        "mrr_at_20": 0.626837,
        "mrr_at_100": 0.631783,
        "mrr_at_1000": 0.631783,
        "nauc_ndcg_at_1_max": 0.514317,
        "nauc_ndcg_at_1_std": 0.141921,
        "nauc_ndcg_at_1_diff1": 0.53587,
        "nauc_ndcg_at_3_max": 0.439242,
        "nauc_ndcg_at_3_std": 0.140416,
        "nauc_ndcg_at_3_diff1": 0.450143,
        "nauc_ndcg_at_5_max": 0.419138,
        "nauc_ndcg_at_5_std": 0.180927,
        "nauc_ndcg_at_5_diff1": 0.43528,
        "nauc_ndcg_at_10_max": 0.422231,
        "nauc_ndcg_at_10_std": 0.184338,
        "nauc_ndcg_at_10_diff1": 0.445618,
        "nauc_ndcg_at_20_max": 0.42697,
        "nauc_ndcg_at_20_std": 0.177496,
        "nauc_ndcg_at_20_diff1": 0.44825,
        "nauc_ndcg_at_100_max": 0.442157,
        "nauc_ndcg_at_100_std": 0.159459,
        "nauc_ndcg_at_100_diff1": 0.459508,
        "nauc_ndcg_at_1000_max": 0.442157,
        "nauc_ndcg_at_1000_std": 0.159459,
        "nauc_ndcg_at_1000_diff1": 0.459508,
        "nauc_map_at_1_max": 0.514317,
        "nauc_map_at_1_std": 0.141921,
        "nauc_map_at_1_diff1": 0.53587,
        "nauc_map_at_3_max": 0.460128,
        "nauc_map_at_3_std": 0.138909,
        "nauc_map_at_3_diff1": 0.469179,
        "nauc_map_at_5_max": 0.450251,
        "nauc_map_at_5_std": 0.158723,
        "nauc_map_at_5_diff1": 0.462306,
        "nauc_map_at_10_max": 0.451553,
        "nauc_map_at_10_std": 0.159242,
        "nauc_map_at_10_diff1": 0.465782,
        "nauc_map_at_20_max": 0.452604,
        "nauc_map_at_20_std": 0.15679,
        "nauc_map_at_20_diff1": 0.467125,
        "nauc_map_at_100_max": 0.454222,
        "nauc_map_at_100_std": 0.153771,
        "nauc_map_at_100_diff1": 0.46847,
        "nauc_map_at_1000_max": 0.454222,
        "nauc_map_at_1000_std": 0.153771,
        "nauc_map_at_1000_diff1": 0.46847,
        "nauc_recall_at_1_max": 0.514317,
        "nauc_recall_at_1_std": 0.141921,
        "nauc_recall_at_1_diff1": 0.53587,
        "nauc_recall_at_3_max": 0.36573,
        "nauc_recall_at_3_std": 0.146674,
        "nauc_recall_at_3_diff1": 0.385527,
        "nauc_recall_at_5_max": 0.29242,
        "nauc_recall_at_5_std": 0.2793,
        "nauc_recall_at_5_diff1": 0.327864,
        "nauc_recall_at_10_max": 0.285919,
        "nauc_recall_at_10_std": 0.315797,
        "nauc_recall_at_10_diff1": 0.361375,
        "nauc_recall_at_20_max": 0.291115,
        "nauc_recall_at_20_std": 0.308124,
        "nauc_recall_at_20_diff1": 0.351995,
        "nauc_recall_at_100_max": NaN,
        "nauc_recall_at_100_std": NaN,
        "nauc_recall_at_100_diff1": NaN,
        "nauc_recall_at_1000_max": NaN,
        "nauc_recall_at_1000_std": NaN,
        "nauc_recall_at_1000_diff1": NaN,
        "nauc_precision_at_1_max": 0.514317,
        "nauc_precision_at_1_std": 0.141921,
        "nauc_precision_at_1_diff1": 0.53587,
        "nauc_precision_at_3_max": 0.36573,
        "nauc_precision_at_3_std": 0.146674,
        "nauc_precision_at_3_diff1": 0.385527,
        "nauc_precision_at_5_max": 0.29242,
        "nauc_precision_at_5_std": 0.2793,
        "nauc_precision_at_5_diff1": 0.327864,
        "nauc_precision_at_10_max": 0.285919,
        "nauc_precision_at_10_std": 0.315797,
        "nauc_precision_at_10_diff1": 0.361375,
        "nauc_precision_at_20_max": 0.291115,
        "nauc_precision_at_20_std": 0.308124,
        "nauc_precision_at_20_diff1": 0.351995,
        "nauc_precision_at_100_max": 1.0,
        "nauc_precision_at_100_std": 1.0,
        "nauc_precision_at_100_diff1": 1.0,
        "nauc_precision_at_1000_max": 1.0,
        "nauc_precision_at_1000_std": 1.0,
        "nauc_precision_at_1000_diff1": 1.0,
        "nauc_mrr_at_1_max": 0.514317,
        "nauc_mrr_at_1_std": 0.141921,
        "nauc_mrr_at_1_diff1": 0.53587,
        "nauc_mrr_at_3_max": 0.458071,
        "nauc_mrr_at_3_std": 0.143928,
        "nauc_mrr_at_3_diff1": 0.467135,
        "nauc_mrr_at_5_max": 0.445823,
        "nauc_mrr_at_5_std": 0.161841,
        "nauc_mrr_at_5_diff1": 0.457926,
        "nauc_mrr_at_10_max": 0.449009,
        "nauc_mrr_at_10_std": 0.164151,
        "nauc_mrr_at_10_diff1": 0.463267,
        "nauc_mrr_at_20_max": 0.45004,
        "nauc_mrr_at_20_std": 0.161736,
        "nauc_mrr_at_20_diff1": 0.464591,
        "nauc_mrr_at_100_max": 0.451619,
        "nauc_mrr_at_100_std": 0.158792,
        "nauc_mrr_at_100_diff1": 0.465897,
        "nauc_mrr_at_1000_max": 0.451619,
        "nauc_mrr_at_1000_std": 0.158792,
        "nauc_mrr_at_1000_diff1": 0.465897,
        "main_score": 0.66768,
        "hf_subset": "ko",
        "languages": [
          "kor-Hang"
        ]
      }
    ]
  },
  "evaluation_time": 19691.607812404633,
  "kg_co2_emissions": null
}