{
  "dataset_revision": "main",
  "task_name": "PublicHealthQA",
  "mteb_version": "1.38.57",
  "scores": {
    "test": [
      {
        "ndcg_at_1": 0.42857,
        "ndcg_at_3": 0.47603,
        "ndcg_at_5": 0.47603,
        "ndcg_at_10": 0.49371,
        "ndcg_at_20": 0.50015,
        "ndcg_at_100": 0.50291,
        "ndcg_at_1000": 0.50291,
        "map_at_1": 0.42857,
        "map_at_3": 0.46537,
        "map_at_5": 0.46537,
        "map_at_10": 0.47318,
        "map_at_20": 0.47487,
        "map_at_100": 0.47539,
        "map_at_1000": 0.47539,
        "recall_at_1": 0.42857,
        "recall_at_3": 0.50649,
        "recall_at_5": 0.50649,
        "recall_at_10": 0.55844,
        "recall_at_20": 0.58442,
        "recall_at_100": 0.5974,
        "recall_at_1000": 0.5974,
        "precision_at_1": 0.42857,
        "precision_at_3": 0.16883,
        "precision_at_5": 0.1013,
        "precision_at_10": 0.05584,
        "precision_at_20": 0.02922,
        "precision_at_100": 0.00597,
        "precision_at_1000": 0.0006,
        "mrr_at_1": 0.415584,
        "mrr_at_3": 0.45671,
        "mrr_at_5": 0.45671,
        "mrr_at_10": 0.464518,
        "mrr_at_20": 0.466209,
        "mrr_at_100": 0.46675,
        "mrr_at_1000": 0.46675,
        "nauc_ndcg_at_1_max": 0.573456,
        "nauc_ndcg_at_1_std": 0.160539,
        "nauc_ndcg_at_1_diff1": 0.408653,
        "nauc_ndcg_at_3_max": 0.600278,
        "nauc_ndcg_at_3_std": 0.221467,
        "nauc_ndcg_at_3_diff1": 0.349598,
        "nauc_ndcg_at_5_max": 0.600278,
        "nauc_ndcg_at_5_std": 0.221467,
        "nauc_ndcg_at_5_diff1": 0.349598,
        "nauc_ndcg_at_10_max": 0.579604,
        "nauc_ndcg_at_10_std": 0.220097,
        "nauc_ndcg_at_10_diff1": 0.339299,
        "nauc_ndcg_at_20_max": 0.567258,
        "nauc_ndcg_at_20_std": 0.208646,
        "nauc_ndcg_at_20_diff1": 0.327133,
        "nauc_ndcg_at_100_max": 0.560825,
        "nauc_ndcg_at_100_std": 0.201177,
        "nauc_ndcg_at_100_diff1": 0.320007,
        "nauc_ndcg_at_1000_max": 0.560825,
        "nauc_ndcg_at_1000_std": 0.201177,
        "nauc_ndcg_at_1000_diff1": 0.320007,
        "nauc_map_at_1_max": 0.573456,
        "nauc_map_at_1_std": 0.160539,
        "nauc_map_at_1_diff1": 0.408653,
        "nauc_map_at_3_max": 0.591772,
        "nauc_map_at_3_std": 0.204592,
        "nauc_map_at_3_diff1": 0.36274,
        "nauc_map_at_5_max": 0.591772,
        "nauc_map_at_5_std": 0.204592,
        "nauc_map_at_5_diff1": 0.36274,
        "nauc_map_at_10_max": 0.582909,
        "nauc_map_at_10_std": 0.203999,
        "nauc_map_at_10_diff1": 0.358924,
        "nauc_map_at_20_max": 0.579688,
        "nauc_map_at_20_std": 0.20092,
        "nauc_map_at_20_diff1": 0.355891,
        "nauc_map_at_100_max": 0.578511,
        "nauc_map_at_100_std": 0.199541,
        "nauc_map_at_100_diff1": 0.354594,
        "nauc_map_at_1000_max": 0.578511,
        "nauc_map_at_1000_std": 0.199541,
        "nauc_map_at_1000_diff1": 0.354594,
        "nauc_recall_at_1_max": 0.573456,
        "nauc_recall_at_1_std": 0.160539,
        "nauc_recall_at_1_diff1": 0.408653,
        "nauc_recall_at_3_max": 0.626008,
        "nauc_recall_at_3_std": 0.271722,
        "nauc_recall_at_3_diff1": 0.311651,
        "nauc_recall_at_5_max": 0.626008,
        "nauc_recall_at_5_std": 0.271722,
        "nauc_recall_at_5_diff1": 0.311651,
        "nauc_recall_at_10_max": 0.562642,
        "nauc_recall_at_10_std": 0.26961,
        "nauc_recall_at_10_diff1": 0.274746,
        "nauc_recall_at_20_max": 0.509117,
        "nauc_recall_at_20_std": 0.222368,
        "nauc_recall_at_20_diff1": 0.219667,
        "nauc_recall_at_100_max": 0.475465,
        "nauc_recall_at_100_std": 0.184492,
        "nauc_recall_at_100_diff1": 0.181751,
        "nauc_recall_at_1000_max": 0.475465,
        "nauc_recall_at_1000_std": 0.184492,
        "nauc_recall_at_1000_diff1": 0.181751,
        "nauc_precision_at_1_max": 0.573456,
        "nauc_precision_at_1_std": 0.160539,
        "nauc_precision_at_1_diff1": 0.408653,
        "nauc_precision_at_3_max": 0.626008,
        "nauc_precision_at_3_std": 0.271722,
        "nauc_precision_at_3_diff1": 0.311651,
        "nauc_precision_at_5_max": 0.626008,
        "nauc_precision_at_5_std": 0.271722,
        "nauc_precision_at_5_diff1": 0.311651,
        "nauc_precision_at_10_max": 0.562642,
        "nauc_precision_at_10_std": 0.26961,
        "nauc_precision_at_10_diff1": 0.274746,
        "nauc_precision_at_20_max": 0.509117,
        "nauc_precision_at_20_std": 0.222368,
        "nauc_precision_at_20_diff1": 0.219667,
        "nauc_precision_at_100_max": 0.475465,
        "nauc_precision_at_100_std": 0.184492,
        "nauc_precision_at_100_diff1": 0.181751,
        "nauc_precision_at_1000_max": 0.475465,
        "nauc_precision_at_1000_std": 0.184492,
        "nauc_precision_at_1000_diff1": 0.181751,
        "nauc_mrr_at_1_max": 0.528797,
        "nauc_mrr_at_1_std": 0.097303,
        "nauc_mrr_at_1_diff1": 0.442918,
        "nauc_mrr_at_3_max": 0.561509,
        "nauc_mrr_at_3_std": 0.161685,
        "nauc_mrr_at_3_diff1": 0.386057,
        "nauc_mrr_at_5_max": 0.561509,
        "nauc_mrr_at_5_std": 0.161685,
        "nauc_mrr_at_5_diff1": 0.386057,
        "nauc_mrr_at_10_max": 0.552432,
        "nauc_mrr_at_10_std": 0.160753,
        "nauc_mrr_at_10_diff1": 0.382439,
        "nauc_mrr_at_20_max": 0.54917,
        "nauc_mrr_at_20_std": 0.157608,
        "nauc_mrr_at_20_diff1": 0.379456,
        "nauc_mrr_at_100_max": 0.54793,
        "nauc_mrr_at_100_std": 0.156153,
        "nauc_mrr_at_100_diff1": 0.378122,
        "nauc_mrr_at_1000_max": 0.54793,
        "nauc_mrr_at_1000_std": 0.156153,
        "nauc_mrr_at_1000_diff1": 0.378122,
        "main_score": 0.49371,
        "hf_subset": "korean",
        "languages": [
          "kor-Hang"
        ]
      }
    ]
  },
  "evaluation_time": 52.42113661766052,
  "kg_co2_emissions": null
}