{
  "dataset_revision": "c99d599f0a6ab9b85b065da6f9d94f9cf731679f",
  "task_name": "XPQARetrieval",
  "mteb_version": "1.38.57",
  "scores": {
    "test": [
      {
        "ndcg_at_1": 0.33792,
        "ndcg_at_3": 0.38203,
        "ndcg_at_5": 0.41652,
        "ndcg_at_10": 0.4704,
        "ndcg_at_20": 0.51043,
        "ndcg_at_100": 0.55786,
        "ndcg_at_1000": 0.55786,
        "map_at_1": 0.23787,
        "map_at_3": 0.34757,
        "map_at_5": 0.37617,
        "map_at_10": 0.40213,
        "map_at_20": 0.41467,
        "map_at_100": 0.42434,
        "map_at_1000": 0.42434,
        "recall_at_1": 0.23787,
        "recall_at_3": 0.40945,
        "recall_at_5": 0.49083,
        "recall_at_10": 0.64134,
        "recall_at_20": 0.78512,
        "recall_at_100": 1.0,
        "recall_at_1000": 1.0,
        "precision_at_1": 0.33792,
        "precision_at_3": 0.21662,
        "precision_at_5": 0.15994,
        "precision_at_10": 0.10306,
        "precision_at_20": 0.06231,
        "precision_at_100": 0.01564,
        "precision_at_1000": 0.00156,
        "mrr_at_1": 0.348624,
        "mrr_at_3": 0.406728,
        "mrr_at_5": 0.422936,
        "mrr_at_10": 0.441955,
        "mrr_at_20": 0.451653,
        "mrr_at_100": 0.457316,
        "mrr_at_1000": 0.457316,
        "nauc_ndcg_at_1_max": 0.175126,
        "nauc_ndcg_at_1_std": -0.306105,
        "nauc_ndcg_at_1_diff1": 0.43261,
        "nauc_ndcg_at_3_max": 0.105134,
        "nauc_ndcg_at_3_std": -0.326109,
        "nauc_ndcg_at_3_diff1": 0.409186,
        "nauc_ndcg_at_5_max": 0.097877,
        "nauc_ndcg_at_5_std": -0.312595,
        "nauc_ndcg_at_5_diff1": 0.39741,
        "nauc_ndcg_at_10_max": 0.06323,
        "nauc_ndcg_at_10_std": -0.326327,
        "nauc_ndcg_at_10_diff1": 0.401337,
        "nauc_ndcg_at_20_max": 0.071618,
        "nauc_ndcg_at_20_std": -0.291037,
        "nauc_ndcg_at_20_diff1": 0.392971,
        "nauc_ndcg_at_100_max": 0.101454,
        "nauc_ndcg_at_100_std": -0.30345,
        "nauc_ndcg_at_100_diff1": 0.400673,
        "nauc_ndcg_at_1000_max": 0.101454,
        "nauc_ndcg_at_1000_std": -0.30345,
        "nauc_ndcg_at_1000_diff1": 0.400673,
        "nauc_map_at_1_max": 0.095913,
        "nauc_map_at_1_std": -0.342472,
        "nauc_map_at_1_diff1": 0.524373,
        "nauc_map_at_3_max": 0.105665,
        "nauc_map_at_3_std": -0.333649,
        "nauc_map_at_3_diff1": 0.423133,
        "nauc_map_at_5_max": 0.107019,
        "nauc_map_at_5_std": -0.319545,
        "nauc_map_at_5_diff1": 0.40623,
        "nauc_map_at_10_max": 0.09226,
        "nauc_map_at_10_std": -0.324899,
        "nauc_map_at_10_diff1": 0.408535,
        "nauc_map_at_20_max": 0.0944,
        "nauc_map_at_20_std": -0.313914,
        "nauc_map_at_20_diff1": 0.406039,
        "nauc_map_at_100_max": 0.100587,
        "nauc_map_at_100_std": -0.314653,
        "nauc_map_at_100_diff1": 0.407084,
        "nauc_map_at_1000_max": 0.100587,
        "nauc_map_at_1000_std": -0.314653,
        "nauc_map_at_1000_diff1": 0.407084,
        "nauc_recall_at_1_max": 0.095913,
        "nauc_recall_at_1_std": -0.342472,
        "nauc_recall_at_1_diff1": 0.524373,
        "nauc_recall_at_3_max": 0.061921,
        "nauc_recall_at_3_std": -0.330827,
        "nauc_recall_at_3_diff1": 0.385927,
        "nauc_recall_at_5_max": 0.05418,
        "nauc_recall_at_5_std": -0.296116,
        "nauc_recall_at_5_diff1": 0.356365,
        "nauc_recall_at_10_max": -0.06577,
        "nauc_recall_at_10_std": -0.339557,
        "nauc_recall_at_10_diff1": 0.360259,
        "nauc_recall_at_20_max": -0.091119,
        "nauc_recall_at_20_std": -0.173102,
        "nauc_recall_at_20_diff1": 0.307754,
        "nauc_recall_at_100_max": NaN,
        "nauc_recall_at_100_std": NaN,
        "nauc_recall_at_100_diff1": NaN,
        "nauc_recall_at_1000_max": NaN,
        "nauc_recall_at_1000_std": NaN,
        "nauc_recall_at_1000_diff1": NaN,
        "nauc_precision_at_1_max": 0.175126,
        "nauc_precision_at_1_std": -0.306105,
        "nauc_precision_at_1_diff1": 0.43261,
        "nauc_precision_at_3_max": 0.136802,
        "nauc_precision_at_3_std": -0.193129,
        "nauc_precision_at_3_diff1": 0.177071,
        "nauc_precision_at_5_max": 0.117803,
        "nauc_precision_at_5_std": -0.131223,
        "nauc_precision_at_5_diff1": 0.120206,
        "nauc_precision_at_10_max": 0.044148,
        "nauc_precision_at_10_std": -0.105876,
        "nauc_precision_at_10_diff1": 0.07861,
        "nauc_precision_at_20_max": 0.065103,
        "nauc_precision_at_20_std": 0.038647,
        "nauc_precision_at_20_diff1": -0.015082,
        "nauc_precision_at_100_max": 0.144788,
        "nauc_precision_at_100_std": 0.121248,
        "nauc_precision_at_100_diff1": -0.157695,
        "nauc_precision_at_1000_max": 0.144788,
        "nauc_precision_at_1000_std": 0.121248,
        "nauc_precision_at_1000_diff1": -0.157695,
        "nauc_mrr_at_1_max": 0.200967,
        "nauc_mrr_at_1_std": -0.283558,
        "nauc_mrr_at_1_diff1": 0.401243,
        "nauc_mrr_at_3_max": 0.150044,
        "nauc_mrr_at_3_std": -0.299057,
        "nauc_mrr_at_3_diff1": 0.394553,
        "nauc_mrr_at_5_max": 0.145655,
        "nauc_mrr_at_5_std": -0.29349,
        "nauc_mrr_at_5_diff1": 0.396196,
        "nauc_mrr_at_10_max": 0.135423,
        "nauc_mrr_at_10_std": -0.299159,
        "nauc_mrr_at_10_diff1": 0.395451,
        "nauc_mrr_at_20_max": 0.140168,
        "nauc_mrr_at_20_std": -0.291812,
        "nauc_mrr_at_20_diff1": 0.393919,
        "nauc_mrr_at_100_max": 0.143353,
        "nauc_mrr_at_100_std": -0.292874,
        "nauc_mrr_at_100_diff1": 0.395168,
        "nauc_mrr_at_1000_max": 0.143353,
        "nauc_mrr_at_1000_std": -0.292874,
        "nauc_mrr_at_1000_diff1": 0.395168,
        "main_score": 0.4704,
        "hf_subset": "kor-kor",
        "languages": [
          "kor-Hang",
          "kor-Hang"
        ]
      },
      {
        "ndcg_at_1": 0.04893,
        "ndcg_at_3": 0.0374,
        "ndcg_at_5": 0.03934,
        "ndcg_at_10": 0.04231,
        "ndcg_at_20": 0.04348,
        "ndcg_at_100": 0.0436,
        "ndcg_at_1000": 0.0436,
        "map_at_1": 0.02602,
        "map_at_3": 0.03039,
        "map_at_5": 0.03188,
        "map_at_10": 0.03304,
        "map_at_20": 0.03337,
        "map_at_100": 0.03338,
        "map_at_1000": 0.03338,
        "recall_at_1": 0.02602,
        "recall_at_3": 0.03397,
        "recall_at_5": 0.04039,
        "recall_at_10": 0.04855,
        "recall_at_20": 0.05275,
        "recall_at_100": 0.05306,
        "recall_at_1000": 0.05306,
        "precision_at_1": 0.04893,
        "precision_at_3": 0.02141,
        "precision_at_5": 0.01529,
        "precision_at_10": 0.00887,
        "precision_at_20": 0.00474,
        "precision_at_100": 0.00096,
        "precision_at_1000": 0.0001,
        "mrr_at_1": 0.04893,
        "mrr_at_3": 0.053517,
        "mrr_at_5": 0.056269,
        "mrr_at_10": 0.058,
        "mrr_at_20": 0.058325,
        "mrr_at_100": 0.058398,
        "mrr_at_1000": 0.058398,
        "nauc_ndcg_at_1_max": 0.496546,
        "nauc_ndcg_at_1_std": 0.28558,
        "nauc_ndcg_at_1_diff1": 0.551766,
        "nauc_ndcg_at_3_max": 0.458885,
        "nauc_ndcg_at_3_std": 0.276829,
        "nauc_ndcg_at_3_diff1": 0.467932,
        "nauc_ndcg_at_5_max": 0.427291,
        "nauc_ndcg_at_5_std": 0.256446,
        "nauc_ndcg_at_5_diff1": 0.435811,
        "nauc_ndcg_at_10_max": 0.426152,
        "nauc_ndcg_at_10_std": 0.276452,
        "nauc_ndcg_at_10_diff1": 0.393569,
        "nauc_ndcg_at_20_max": 0.415896,
        "nauc_ndcg_at_20_std": 0.271436,
        "nauc_ndcg_at_20_diff1": 0.386478,
        "nauc_ndcg_at_100_max": 0.417454,
        "nauc_ndcg_at_100_std": 0.272474,
        "nauc_ndcg_at_100_diff1": 0.388115,
        "nauc_ndcg_at_1000_max": 0.417454,
        "nauc_ndcg_at_1000_std": 0.272474,
        "nauc_ndcg_at_1000_diff1": 0.388115,
        "nauc_map_at_1_max": 0.537372,
        "nauc_map_at_1_std": 0.34628,