{
  "timestamp": "20241230_161936",
  "datatype_name": "AutoRAG",
  "qa_path": "/retriever-simple-benchmark/data/AutoRAG/qa_v4.parquet",
  "corpus_path": "/retriever-simple-benchmark/data/AutoRAG/ocr_corpus_v3.parquet",
  "model_type": "cross-encoder",
  "model_name": "Dongjin-kr/ko-reranker",
  "model_class": "huggingface",
  "use_fp16": true,
  "metrics": {
    "accuracy": {
      "1": 0.8508771929824561,
      "3": 0.9473684210526315,
      "5": 0.9649122807017544,
      "10": 0.9824561403508771
    },
    "f1": {
      "1": 0.8508771929824561,
      "3": 0.47368421052631576,
      "5": 0.32163742690058467,
      "10": 0.1786283891547052
    },
    "recall": {
      "1": 0.8508771929824561,
      "3": 0.9473684210526315,
      "5": 0.9649122807017544,
      "10": 0.9824561403508771
    },
    "precision": {
      "1": 0.8508771929824561,
      "3": 0.31578947368421034,
      "5": 0.19298245614035048,
      "10": 0.09824561403508751
    }
  },
  "inference_times": {
    "total_inference_time_sec": 230.99662613868713,
    "avg_inference_time_per_query_sec": 2.02628619419901
  }
}