{
  "dataset_revision": "fd7df84ac089bbec763b1c6bb1b56e985df5cc5c",
  "task_name": "AutoRAGRetrieval",
  "mteb_version": "1.38.1",
  "scores": {
    "test": [
      {
        "ndcg_at_1": 0.86842,
        "ndcg_at_3": 0.93139,
        "ndcg_at_5": 0.94234,
        "ndcg_at_10": 0.94234,
        "ndcg_at_20": 0.94234,
        "ndcg_at_100": 0.94234,
        "ndcg_at_1000": 0.94234,
        "map_at_1": 0.86842,
        "map_at_3": 0.91667,
        "map_at_5": 0.92281,
        "map_at_10": 0.92281,
        "map_at_20": 0.92281,
        "map_at_100": 0.92281,
        "map_at_1000": 0.92281,
        "recall_at_1": 0.86842,
        "recall_at_3": 0.97368,
        "recall_at_5": 1.0,
        "recall_at_10": 1.0,
        "recall_at_20": 1.0,
        "recall_at_100": 1.0,
        "recall_at_1000": 1.0,
        "precision_at_1": 0.86842,
        "precision_at_3": 0.32456,
        "precision_at_5": 0.2,
        "precision_at_10": 0.1,
        "precision_at_20": 0.05,
        "precision_at_100": 0.01,
        "precision_at_1000": 0.001,
        "mrr_at_1": 0.877193,
        "mrr_at_3": 0.921053,
        "mrr_at_5": 0.927193,
        "mrr_at_10": 0.927193,
        "mrr_at_20": 0.927193,
        "mrr_at_100": 0.927193,
        "mrr_at_1000": 0.927193,
        "nauc_ndcg_at_1_max": 0.485623,
        "nauc_ndcg_at_1_std": -0.041148,
        "nauc_ndcg_at_1_diff1": 0.933491,
        "nauc_ndcg_at_3_max": 0.5814,
        "nauc_ndcg_at_3_std": 0.064256,
        "nauc_ndcg_at_3_diff1": 0.937884,
        "nauc_ndcg_at_5_max": 0.535083,
        "nauc_ndcg_at_5_std": -0.011803,
        "nauc_ndcg_at_5_diff1": 0.934521,
        "nauc_ndcg_at_10_max": 0.535083,
        "nauc_ndcg_at_10_std": -0.011803,
        "nauc_ndcg_at_10_diff1": 0.934521,
        "nauc_ndcg_at_20_max": 0.535083,
        "nauc_ndcg_at_20_std": -0.011803,
        "nauc_ndcg_at_20_diff1": 0.934521,
        "nauc_ndcg_at_100_max": 0.535083,
        "nauc_ndcg_at_100_std": -0.011803,
        "nauc_ndcg_at_100_diff1": 0.934521,
        "nauc_ndcg_at_1000_max": 0.535083,
        "nauc_ndcg_at_1000_std": -0.011803,
        "nauc_ndcg_at_1000_diff1": 0.934521,
        "nauc_map_at_1_max": 0.485623,
        "nauc_map_at_1_std": -0.041148,
        "nauc_map_at_1_diff1": 0.933491,
        "nauc_map_at_3_max": 0.553882,
        "nauc_map_at_3_std": 0.021316,
        "nauc_map_at_3_diff1": 0.935834,
        "nauc_map_at_5_max": 0.531941,
        "nauc_map_at_5_std": -0.014352,
        "nauc_map_at_5_diff1": 0.934386,
        "nauc_map_at_10_max": 0.531941,
        "nauc_map_at_10_std": -0.014352,
        "nauc_map_at_10_diff1": 0.934386,
        "nauc_map_at_20_max": 0.531941,
        "nauc_map_at_20_std": -0.014352,
        "nauc_map_at_20_diff1": 0.934386,
        "nauc_map_at_100_max": 0.531941,
        "nauc_map_at_100_std": -0.014352,
        "nauc_map_at_100_diff1": 0.934386,
        "nauc_map_at_1000_max": 0.531941,
        "nauc_map_at_1000_std": -0.014352,
        "nauc_map_at_1000_diff1": 0.934386,
        "nauc_recall_at_1_max": 0.485623,
        "nauc_recall_at_1_std": -0.041148,
        "nauc_recall_at_1_diff1": 0.933491,
        "nauc_recall_at_3_max": 0.814938,
        "nauc_recall_at_3_std": 0.44985,
        "nauc_recall_at_3_diff1": 0.956596,
        "nauc_recall_at_5_max": NaN,
        "nauc_recall_at_5_std": NaN,
        "nauc_recall_at_5_diff1": NaN,
        "nauc_recall_at_10_max": NaN,
        "nauc_recall_at_10_std": NaN,
        "nauc_recall_at_10_diff1": NaN,
        "nauc_recall_at_20_max": NaN,
        "nauc_recall_at_20_std": NaN,
        "nauc_recall_at_20_diff1": NaN,
        "nauc_recall_at_100_max": NaN,
        "nauc_recall_at_100_std": NaN,
        "nauc_recall_at_100_diff1": NaN,
        "nauc_recall_at_1000_max": NaN,
        "nauc_recall_at_1000_std": NaN,
        "nauc_recall_at_1000_diff1": NaN,
        "nauc_precision_at_1_max": 0.485623,
        "nauc_precision_at_1_std": -0.041148,
        "nauc_precision_at_1_diff1": 0.933491,
        "nauc_precision_at_3_max": 0.814938,
        "nauc_precision_at_3_std": 0.44985,
        "nauc_precision_at_3_diff1": 0.956596,
        "nauc_precision_at_5_max": 1.0,
        "nauc_precision_at_5_std": 1.0,
        "nauc_precision_at_5_diff1": 1.0,
        "nauc_precision_at_10_max": 1.0,
        "nauc_precision_at_10_std": 1.0,
        "nauc_precision_at_10_diff1": 1.0,
        "nauc_precision_at_20_max": 1.0,
        "nauc_precision_at_20_std": 1.0,
        "nauc_precision_at_20_diff1": 1.0,
        "nauc_precision_at_100_max": 1.0,
        "nauc_precision_at_100_std": 1.0,
        "nauc_precision_at_100_diff1": 1.0,
        "nauc_precision_at_1000_max": 1.0,
        "nauc_precision_at_1000_std": 1.0,
        "nauc_precision_at_1000_diff1": 1.0,
        "nauc_mrr_at_1_max": 0.558086,
        "nauc_mrr_at_1_std": -0.031336,
        "nauc_mrr_at_1_diff1": 0.919673,
        "nauc_mrr_at_3_max": 0.613257,
        "nauc_mrr_at_3_std": 0.031985,
        "nauc_mrr_at_3_diff1": 0.92527,
        "nauc_mrr_at_5_max": 0.595267,
        "nauc_mrr_at_5_std": -0.004676,
        "nauc_mrr_at_5_diff1": 0.922832,
        "nauc_mrr_at_10_max": 0.595267,
        "nauc_mrr_at_10_std": -0.004676,
        "nauc_mrr_at_10_diff1": 0.922832,
        "nauc_mrr_at_20_max": 0.595267,
        "nauc_mrr_at_20_std": -0.004676,
        "nauc_mrr_at_20_diff1": 0.922832,
        "nauc_mrr_at_100_max": 0.595267,
        "nauc_mrr_at_100_std": -0.004676,
        "nauc_mrr_at_100_diff1": 0.922832,
        "nauc_mrr_at_1000_max": 0.595267,
        "nauc_mrr_at_1000_std": -0.004676,
        "nauc_mrr_at_1000_diff1": 0.922832,
        "main_score": 0.94234,
        "hf_subset": "default",
        "languages": [
          "kor-Hang"
        ]
      }
    ]
  },
  "evaluation_time": 386.74266481399536,
  "kg_co2_emissions": null
}