{
  "dataset_revision": "75b399394a9803252cfec289d103de462763db7c",
  "task_name": "BelebeleRetrieval",
  "mteb_version": "1.38.1",
  "scores": {
    "test": [
      {
        "ndcg_at_1": 0.75444,
        "ndcg_at_3": 0.79181,
        "ndcg_at_5": 0.79736,
        "ndcg_at_10": 0.80276,
        "ndcg_at_20": 0.80885,
        "ndcg_at_100": 0.82093,
        "ndcg_at_1000": 0.82912,
        "map_at_1": 0.75444,
        "map_at_3": 0.78315,
        "map_at_5": 0.78626,
        "map_at_10": 0.78849,
        "map_at_20": 0.79012,
        "map_at_100": 0.7917,
        "map_at_1000": 0.79204,
        "recall_at_1": 0.75444,
        "recall_at_3": 0.81667,
        "recall_at_5": 0.83,
        "recall_at_10": 0.84667,
        "recall_at_20": 0.87111,
        "recall_at_100": 0.93778,
        "recall_at_1000": 1.0,
        "precision_at_1": 0.75444,
        "precision_at_3": 0.27222,
        "precision_at_5": 0.166,
        "precision_at_10": 0.08467,
        "precision_at_20": 0.04356,
        "precision_at_100": 0.00938,
        "precision_at_1000": 0.001,
        "mrr_at_1": 0.755556,
        "mrr_at_3": 0.783704,
        "mrr_at_5": 0.787148,
        "mrr_at_10": 0.789234,
        "mrr_at_20": 0.790888,
        "mrr_at_100": 0.792486,
        "mrr_at_1000": 0.792831,
        "nauc_ndcg_at_1_max": 0.849056,
        "nauc_ndcg_at_1_std": -0.537161,
        "nauc_ndcg_at_1_diff1": 0.953455,
        "nauc_ndcg_at_3_max": 0.820935,
        "nauc_ndcg_at_3_std": -0.580663,
        "nauc_ndcg_at_3_diff1": 0.92894,
        "nauc_ndcg_at_5_max": 0.819475,
        "nauc_ndcg_at_5_std": -0.582426,
        "nauc_ndcg_at_5_diff1": 0.928318,
        "nauc_ndcg_at_10_max": 0.817267,
        "nauc_ndcg_at_10_std": -0.600922,
        "nauc_ndcg_at_10_diff1": 0.927903,
        "nauc_ndcg_at_20_max": 0.815874,
        "nauc_ndcg_at_20_std": -0.604077,
        "nauc_ndcg_at_20_diff1": 0.926764,
        "nauc_ndcg_at_100_max": 0.815041,
        "nauc_ndcg_at_100_std": -0.613605,
        "nauc_ndcg_at_100_diff1": 0.929369,
        "nauc_ndcg_at_1000_max": 0.820189,
        "nauc_ndcg_at_1000_std": -0.592461,
        "nauc_ndcg_at_1000_diff1": 0.93084,
        "nauc_map_at_1_max": 0.849056,
        "nauc_map_at_1_std": -0.537161,
        "nauc_map_at_1_diff1": 0.953455,
        "nauc_map_at_3_max": 0.827911,
        "nauc_map_at_3_std": -0.568938,
        "nauc_map_at_3_diff1": 0.934848,
        "nauc_map_at_5_max": 0.82734,
        "nauc_map_at_5_std": -0.569376,
        "nauc_map_at_5_diff1": 0.934596,
        "nauc_map_at_10_max": 0.826503,
        "nauc_map_at_10_std": -0.576475,
        "nauc_map_at_10_diff1": 0.93453,
        "nauc_map_at_20_max": 0.826223,
        "nauc_map_at_20_std": -0.57688,
        "nauc_map_at_20_diff1": 0.934305,
        "nauc_map_at_100_max": 0.826036,
        "nauc_map_at_100_std": -0.577715,
        "nauc_map_at_100_diff1": 0.934503,
        "nauc_map_at_1000_max": 0.826218,
        "nauc_map_at_1000_std": -0.576925,
        "nauc_map_at_1000_diff1": 0.934569,
        "nauc_recall_at_1_max": 0.849056,
        "nauc_recall_at_1_std": -0.537161,
        "nauc_recall_at_1_diff1": 0.953455,
        "nauc_recall_at_3_max": 0.798051,
        "nauc_recall_at_3_std": -0.619601,
        "nauc_recall_at_3_diff1": 0.90965,
        "nauc_recall_at_5_max": 0.791755,
        "nauc_recall_at_5_std": -0.629058,
        "nauc_recall_at_5_diff1": 0.906526,
        "nauc_recall_at_10_max": 0.780958,
        "nauc_recall_at_10_std": -0.704468,
        "nauc_recall_at_10_diff1": 0.902554,
        "nauc_recall_at_20_max": 0.766974,
        "nauc_recall_at_20_std": -0.742168,
        "nauc_recall_at_20_diff1": 0.891746,
        "nauc_recall_at_100_max": 0.713685,
        "nauc_recall_at_100_std": -1.02145,
        "nauc_recall_at_100_diff1": 0.901961,
        "nauc_recall_at_1000_max": NaN,
        "nauc_recall_at_1000_std": NaN,
        "nauc_recall_at_1000_diff1": NaN,
        "nauc_precision_at_1_max": 0.849056,
        "nauc_precision_at_1_std": -0.537161,
        "nauc_precision_at_1_diff1": 0.953455,
        "nauc_precision_at_3_max": 0.798051,
        "nauc_precision_at_3_std": -0.619601,
        "nauc_precision_at_3_diff1": 0.90965,
        "nauc_precision_at_5_max": 0.791755,
        "nauc_precision_at_5_std": -0.629058,
        "nauc_precision_at_5_diff1": 0.906526,
        "nauc_precision_at_10_max": 0.780958,
        "nauc_precision_at_10_std": -0.704468,
        "nauc_precision_at_10_diff1": 0.902554,
        "nauc_precision_at_20_max": 0.766974,
        "nauc_precision_at_20_std": -0.742168,
        "nauc_precision_at_20_diff1": 0.891746,
        "nauc_precision_at_100_max": 0.713685,
        "nauc_precision_at_100_std": -1.02145,
        "nauc_precision_at_100_diff1": 0.901961,
        "nauc_precision_at_1000_max": NaN,
        "nauc_precision_at_1000_std": NaN,
        "nauc_precision_at_1000_diff1": NaN,
        "nauc_mrr_at_1_max": 0.847757,
        "nauc_mrr_at_1_std": -0.536271,
        "nauc_mrr_at_1_diff1": 0.951876,
        "nauc_mrr_at_3_max": 0.827149,
        "nauc_mrr_at_3_std": -0.56851,
        "nauc_mrr_at_3_diff1": 0.933935,
        "nauc_mrr_at_5_max": 0.826854,
        "nauc_mrr_at_5_std": -0.5686,
        "nauc_mrr_at_5_diff1": 0.933782,
        "nauc_mrr_at_10_max": 0.825692,
        "nauc_mrr_at_10_std": -0.576455,
        "nauc_mrr_at_10_diff1": 0.933613,
        "nauc_mrr_at_20_max": 0.82541,
        "nauc_mrr_at_20_std": -0.576758,
        "nauc_mrr_at_20_diff1": 0.933377,
        "nauc_mrr_at_100_max": 0.825227,
        "nauc_mrr_at_100_std": -0.577535,
        "nauc_mrr_at_100_diff1": 0.93356,
        "nauc_mrr_at_1000_max": 0.825409,
        "nauc_mrr_at_1000_std": -0.57674,
        "nauc_mrr_at_1000_diff1": 0.933625,
        "main_score": 0.80276,
        "hf_subset": "kor_Hang-kor_Hang",
        "languages": [
          "kor-Hang",
          "kor-Hang"
        ]
      },
      {
        "ndcg_at_1": 0.23444,
        "ndcg_at_3": 0.26632,
        "ndcg_at_5": 0.27378,
        "ndcg_at_10": 0.28617,
        "ndcg_at_20": 0.29303,
        "ndcg_at_100": 0.31874,
        "ndcg_at_1000": 0.37856,
        "map_at_1": 0.23444,
        "map_at_3": 0.25852,
        "map_at_5": 0.26274,
        "map_at_10": 0.26774,
        "map_at_20": 0.26969,
        "map_at_100": 0.27275,
        "map_at_1000": 0.27468,
        "recall_at_1": 0.23444,
        "recall_at_3": 0.28889,
        "recall_at_5": 0.30667,
        "recall_at_10": 0.34556,
        "recall_at_20": 0.37222,
        "recall_at_100": 0.51778,
        "recall_at_1000": 1.0,
        "precision_at_1": 0.23444,
        "precision_at_3": 0.0963,
        "precision_at_5": 0.06133,
        "precision_at_10": 0.03456,
        "precision_at_20": 0.01861,
        "precision_at_100": 0.00518,
        "precision_at_1000": 0.001,
        "mrr_at_1": 0.234444,
        "mrr_at_3": 0.257593,
        "mrr_at_5": 0.262148,
        "mrr_at_10": 0.267387,
        "mrr_at_20": 0.269271,
        "mrr_at_100": 0.272384,
        "mrr_at_1000": 0.274313,
        "nauc_ndcg_at_1_max": 0.538533,
        "nauc_ndcg_at_1_std": -0.277896,
        "nauc_ndcg_at_1_diff1": 0.768145,
        "nauc_ndcg_at_3_max": 0.46478,
        "nauc_ndcg_at_3_std": -0.303074,
        "nauc_ndcg_at_3_diff1": 0.707795,
        "nauc_ndcg_at_5_max": 0.458188,
        "nauc_ndcg_at_5_std": -0.303276,
        "nauc_ndcg_at_5_diff1": 0.698914,
        "nauc_ndcg_at_10_max": 0.435979,
        "nauc_ndcg_at_10_std": -0.308762,
        "nauc_ndcg_at_10_diff1": 0.682018,
        "nauc_ndcg_at_20_max": 0.421455,
        "nauc_ndcg_at_20_std": -0.320313,
        "nauc_ndcg_at_20_diff1": 0.678059,
        "nauc_ndcg_at_100_max": 0.393642,
        "nauc_ndcg_at_100_std": -0.331855,
        "nauc_ndcg_at_100_diff1": 0.66341,
        "nauc_ndcg_at_1000_max": 0.428629,
        "nauc_ndcg_at_1000_std": -0.317416,
        "nauc_ndcg_at_1000_diff1": 0.685519,
        "nauc_map_at_1_max": 0.538533,
        "nauc_map_at_1_std": -0.277896,