{
  "dataset_revision": "d243889a3eb6654029dbd7e7f9319ae31d58f97c",
  "task_name": "Ko-StrategyQA",
  "mteb_version": "1.38.1",
  "scores": {
    "dev": [
      {
        "ndcg_at_1": 0.66216,
        "ndcg_at_3": 0.64089,
        "ndcg_at_5": 0.66402,
        "ndcg_at_10": 0.67786,
        "ndcg_at_20": 0.68649,
        "ndcg_at_100": 0.70318,
        "ndcg_at_1000": 0.73007,
        "map_at_1": 0.43532,
        "map_at_3": 0.60087,
        "map_at_5": 0.621,
        "map_at_10": 0.62958,
        "map_at_20": 0.63313,
        "map_at_100": 0.63642,
        "map_at_1000": 0.63753,
        "recall_at_1": 0.43532,
        "recall_at_3": 0.64413,
        "recall_at_5": 0.69118,
        "recall_at_10": 0.72417,
        "recall_at_20": 0.75055,
        "recall_at_100": 0.82412,
        "recall_at_1000": 1.0,
        "precision_at_1": 0.66216,
        "precision_at_3": 0.36768,
        "precision_at_5": 0.24392,
        "precision_at_10": 0.1299,
        "precision_at_20": 0.06816,
        "precision_at_100": 0.01517,
        "precision_at_1000": 0.00193,
        "mrr_at_1": 0.665541,
        "mrr_at_3": 0.711993,
        "mrr_at_5": 0.719003,
        "mrr_at_10": 0.721778,
        "mrr_at_20": 0.722846,
        "mrr_at_100": 0.723959,
        "mrr_at_1000": 0.724445,
        "nauc_ndcg_at_1_max": 0.762359,
        "nauc_ndcg_at_1_std": -0.388499,
        "nauc_ndcg_at_1_diff1": 0.63406,
        "nauc_ndcg_at_3_max": 0.729381,
        "nauc_ndcg_at_3_std": -0.385827,
        "nauc_ndcg_at_3_diff1": 0.453581,
        "nauc_ndcg_at_5_max": 0.757401,
        "nauc_ndcg_at_5_std": -0.410103,
        "nauc_ndcg_at_5_diff1": 0.464169,
        "nauc_ndcg_at_10_max": 0.765691,
        "nauc_ndcg_at_10_std": -0.418883,
        "nauc_ndcg_at_10_diff1": 0.468341,
        "nauc_ndcg_at_20_max": 0.773599,
        "nauc_ndcg_at_20_std": -0.438575,
        "nauc_ndcg_at_20_diff1": 0.473703,
        "nauc_ndcg_at_100_max": 0.774628,
        "nauc_ndcg_at_100_std": -0.458643,
        "nauc_ndcg_at_100_diff1": 0.488625,
        "nauc_ndcg_at_1000_max": 0.766469,
        "nauc_ndcg_at_1000_std": -0.433073,
        "nauc_ndcg_at_1000_diff1": 0.489518,
        "nauc_map_at_1_max": 0.444886,
        "nauc_map_at_1_std": -0.242283,
        "nauc_map_at_1_diff1": 0.589264,
        "nauc_map_at_3_max": 0.694668,
        "nauc_map_at_3_std": -0.350786,
        "nauc_map_at_3_diff1": 0.430386,
        "nauc_map_at_5_max": 0.718713,
        "nauc_map_at_5_std": -0.365748,
        "nauc_map_at_5_diff1": 0.435965,
        "nauc_map_at_10_max": 0.725085,
        "nauc_map_at_10_std": -0.373308,
        "nauc_map_at_10_diff1": 0.439999,
        "nauc_map_at_20_max": 0.729024,
        "nauc_map_at_20_std": -0.380398,
        "nauc_map_at_20_diff1": 0.4424,
        "nauc_map_at_100_max": 0.729433,
        "nauc_map_at_100_std": -0.38458,
        "nauc_map_at_100_diff1": 0.445686,
        "nauc_map_at_1000_max": 0.729121,
        "nauc_map_at_1000_std": -0.384043,
        "nauc_map_at_1000_diff1": 0.44585,
        "nauc_recall_at_1_max": 0.444886,
        "nauc_recall_at_1_std": -0.242283,
        "nauc_recall_at_1_diff1": 0.589264,
        "nauc_recall_at_3_max": 0.708844,
        "nauc_recall_at_3_std": -0.389246,
        "nauc_recall_at_3_diff1": 0.376098,
        "nauc_recall_at_5_max": 0.760619,
        "nauc_recall_at_5_std": -0.443958,
        "nauc_recall_at_5_diff1": 0.396386,
        "nauc_recall_at_10_max": 0.778642,
        "nauc_recall_at_10_std": -0.463627,
        "nauc_recall_at_10_diff1": 0.401124,
        "nauc_recall_at_20_max": 0.803978,
        "nauc_recall_at_20_std": -0.537207,
        "nauc_recall_at_20_diff1": 0.412291,
        "nauc_recall_at_100_max": 0.815736,
        "nauc_recall_at_100_std": -0.688943,
        "nauc_recall_at_100_diff1": 0.47778,
        "nauc_recall_at_1000_max": NaN,
        "nauc_recall_at_1000_std": NaN,
        "nauc_recall_at_1000_diff1": NaN,
        "nauc_precision_at_1_max": 0.762359,
        "nauc_precision_at_1_std": -0.388499,
        "nauc_precision_at_1_diff1": 0.63406,
        "nauc_precision_at_3_max": 0.582172,
        "nauc_precision_at_3_std": -0.285821,
        "nauc_precision_at_3_diff1": 0.047212,
        "nauc_precision_at_5_max": 0.535253,
        "nauc_precision_at_5_std": -0.274263,
        "nauc_precision_at_5_diff1": 0.013748,
        "nauc_precision_at_10_max": 0.48009,
        "nauc_precision_at_10_std": -0.260056,
        "nauc_precision_at_10_diff1": -0.009739,
        "nauc_precision_at_20_max": 0.444387,
        "nauc_precision_at_20_std": -0.280691,
        "nauc_precision_at_20_diff1": -0.025516,
        "nauc_precision_at_100_max": 0.331976,
        "nauc_precision_at_100_std": -0.270395,
        "nauc_precision_at_100_diff1": -0.051707,
        "nauc_precision_at_1000_max": -0.116979,
        "nauc_precision_at_1000_std": 0.100006,
        "nauc_precision_at_1000_diff1": -0.299548,
        "nauc_mrr_at_1_max": 0.76093,
        "nauc_mrr_at_1_std": -0.393769,
        "nauc_mrr_at_1_diff1": 0.626184,
        "nauc_mrr_at_3_max": 0.807613,
        "nauc_mrr_at_3_std": -0.45378,
        "nauc_mrr_at_3_diff1": 0.608295,
        "nauc_mrr_at_5_max": 0.813319,
        "nauc_mrr_at_5_std": -0.464778,
        "nauc_mrr_at_5_diff1": 0.614115,
        "nauc_mrr_at_10_max": 0.812381,
        "nauc_mrr_at_10_std": -0.461171,
        "nauc_mrr_at_10_diff1": 0.611885,
        "nauc_mrr_at_20_max": 0.811961,
        "nauc_mrr_at_20_std": -0.462558,
        "nauc_mrr_at_20_diff1": 0.611964,
        "nauc_mrr_at_100_max": 0.811052,
        "nauc_mrr_at_100_std": -0.46402,
        "nauc_mrr_at_100_diff1": 0.612761,
        "nauc_mrr_at_1000_max": 0.810884,
        "nauc_mrr_at_1000_std": -0.463642,
        "nauc_mrr_at_1000_diff1": 0.612762,
        "main_score": 0.67786,
        "hf_subset": "default",
        "languages": [
          "kor-Hang"
        ]
      }
    ]
  },
  "evaluation_time": 2290.873214006424,
  "kg_co2_emissions": null
}