{
  "dataset_revision": "main",
  "task_name": "MIRACLRetrieval",
  "mteb_version": "1.38.1",
  "scores": {
    "dev": [
      {
        "ndcg_at_1": 0.71362,
        "ndcg_at_3": 0.69354,
        "ndcg_at_5": 0.71162,
        "ndcg_at_10": 0.74166,
        "ndcg_at_20": 0.76532,
        "ndcg_at_100": 0.79212,
        "ndcg_at_1000": 0.79558,
        "map_at_1": 0.45153,
        "map_at_3": 0.57477,
        "map_at_5": 0.62285,
        "map_at_10": 0.6573,
        "map_at_20": 0.6719,
        "map_at_100": 0.68103,
        "map_at_1000": 0.68141,
        "recall_at_1": 0.45153,
        "recall_at_3": 0.63258,
        "recall_at_5": 0.73123,
        "recall_at_10": 0.82126,
        "recall_at_20": 0.88366,
        "recall_at_100": 0.98239,
        "recall_at_1000": 1.0,
        "precision_at_1": 0.71362,
        "precision_at_3": 0.41002,
        "precision_at_5": 0.30798,
        "precision_at_10": 0.1892,
        "precision_at_20": 0.10775,
        "precision_at_100": 0.02507,
        "precision_at_1000": 0.00257,
        "mrr_at_1": 0.7277,
        "mrr_at_3": 0.794992,
        "mrr_at_5": 0.80579,
        "mrr_at_10": 0.81015,
        "mrr_at_20": 0.811115,
        "mrr_at_100": 0.812038,
        "mrr_at_1000": 0.812081,
        "nauc_ndcg_at_1_max": 0.5566,
        "nauc_ndcg_at_1_std": -0.267154,
        "nauc_ndcg_at_1_diff1": 0.3905,
        "nauc_ndcg_at_3_max": 0.538397,
        "nauc_ndcg_at_3_std": -0.313292,
        "nauc_ndcg_at_3_diff1": 0.369524,
        "nauc_ndcg_at_5_max": 0.552378,
        "nauc_ndcg_at_5_std": -0.384185,
        "nauc_ndcg_at_5_diff1": 0.344411,
        "nauc_ndcg_at_10_max": 0.580618,
        "nauc_ndcg_at_10_std": -0.360408,
        "nauc_ndcg_at_10_diff1": 0.30118,
        "nauc_ndcg_at_20_max": 0.590064,
        "nauc_ndcg_at_20_std": -0.360306,
        "nauc_ndcg_at_20_diff1": 0.314835,
        "nauc_ndcg_at_100_max": 0.587149,
        "nauc_ndcg_at_100_std": -0.305969,
        "nauc_ndcg_at_100_diff1": 0.325419,
        "nauc_ndcg_at_1000_max": 0.582905,
        "nauc_ndcg_at_1000_std": -0.308099,
        "nauc_ndcg_at_1000_diff1": 0.333374,
        "nauc_map_at_1_max": 0.574404,
        "nauc_map_at_1_std": -0.439141,
        "nauc_map_at_1_diff1": 0.54942,
        "nauc_map_at_3_max": 0.57312,
        "nauc_map_at_3_std": -0.402571,
        "nauc_map_at_3_diff1": 0.418522,
        "nauc_map_at_5_max": 0.565354,
        "nauc_map_at_5_std": -0.419231,
        "nauc_map_at_5_diff1": 0.388267,
        "nauc_map_at_10_max": 0.577524,
        "nauc_map_at_10_std": -0.39072,
        "nauc_map_at_10_diff1": 0.359857,
        "nauc_map_at_20_max": 0.583125,
        "nauc_map_at_20_std": -0.38832,
        "nauc_map_at_20_diff1": 0.363477,
        "nauc_map_at_100_max": 0.583187,
        "nauc_map_at_100_std": -0.374083,
        "nauc_map_at_100_diff1": 0.365133,
        "nauc_map_at_1000_max": 0.582953,
        "nauc_map_at_1000_std": -0.373921,
        "nauc_map_at_1000_diff1": 0.365539,
        "nauc_recall_at_1_max": 0.574404,
        "nauc_recall_at_1_std": -0.439141,
        "nauc_recall_at_1_diff1": 0.54942,
        "nauc_recall_at_3_max": 0.496554,
        "nauc_recall_at_3_std": -0.401523,
        "nauc_recall_at_3_diff1": 0.350251,
        "nauc_recall_at_5_max": 0.4701,
        "nauc_recall_at_5_std": -0.472267,
        "nauc_recall_at_5_diff1": 0.247706,
        "nauc_recall_at_10_max": 0.527904,
        "nauc_recall_at_10_std": -0.407988,
        "nauc_recall_at_10_diff1": 0.087554,
        "nauc_recall_at_20_max": 0.571922,
        "nauc_recall_at_20_std": -0.471609,
        "nauc_recall_at_20_diff1": 0.080217,
        "nauc_recall_at_100_max": 0.677543,
        "nauc_recall_at_100_std": 0.002677,
        "nauc_recall_at_100_diff1": -0.23234,
        "nauc_recall_at_1000_max": NaN,
        "nauc_recall_at_1000_std": NaN,
        "nauc_recall_at_1000_diff1": NaN,
        "nauc_precision_at_1_max": 0.5566,
        "nauc_precision_at_1_std": -0.267154,
        "nauc_precision_at_1_diff1": 0.3905,
        "nauc_precision_at_3_max": 0.003023,
        "nauc_precision_at_3_std": 0.178437,
        "nauc_precision_at_3_diff1": -0.203059,
        "nauc_precision_at_5_max": -0.112033,
        "nauc_precision_at_5_std": 0.195593,
        "nauc_precision_at_5_diff1": -0.269108,
        "nauc_precision_at_10_max": -0.138955,
        "nauc_precision_at_10_std": 0.313863,
        "nauc_precision_at_10_diff1": -0.320251,
        "nauc_precision_at_20_max": -0.165304,
        "nauc_precision_at_20_std": 0.330433,
        "nauc_precision_at_20_diff1": -0.289217,
        "nauc_precision_at_100_max": -0.22123,
        "nauc_precision_at_100_std": 0.420662,
        "nauc_precision_at_100_diff1": -0.288382,
        "nauc_precision_at_1000_max": -0.236403,
        "nauc_precision_at_1000_std": 0.423047,
        "nauc_precision_at_1000_diff1": -0.284867,
        "nauc_mrr_at_1_max": 0.546597,
        "nauc_mrr_at_1_std": -0.230213,
        "nauc_mrr_at_1_diff1": 0.34823,
        "nauc_mrr_at_3_max": 0.52606,
        "nauc_mrr_at_3_std": -0.220138,
        "nauc_mrr_at_3_diff1": 0.327844,
        "nauc_mrr_at_5_max": 0.542238,
        "nauc_mrr_at_5_std": -0.225598,
        "nauc_mrr_at_5_diff1": 0.30656,
        "nauc_mrr_at_10_max": 0.544229,
        "nauc_mrr_at_10_std": -0.217981,
        "nauc_mrr_at_10_diff1": 0.301546,
        "nauc_mrr_at_20_max": 0.543684,
        "nauc_mrr_at_20_std": -0.218771,
        "nauc_mrr_at_20_diff1": 0.303763,
        "nauc_mrr_at_100_max": 0.543308,
        "nauc_mrr_at_100_std": -0.21825,
        "nauc_mrr_at_100_diff1": 0.306119,
        "nauc_mrr_at_1000_max": 0.543192,
        "nauc_mrr_at_1000_std": -0.218559,
        "nauc_mrr_at_1000_diff1": 0.306487,
        "main_score": 0.74166,
        "hf_subset": "ko",
        "languages": [
          "kor-Kore"
        ]
      }
    ]
  },
  "evaluation_time": 336.0243492126465,
  "kg_co2_emissions": null
}