{
  "dataset_revision": "fc24a3ce8f09746410daee3d5cd823ff7a0675b7",
  "task_name": "MrTidyRetrieval",
  "mteb_version": "1.38.1",
  "scores": {
    "test": [
      {
        "ndcg_at_1": 0.51544,
        "ndcg_at_3": 0.59953,
        "ndcg_at_5": 0.62766,
        "ndcg_at_10": 0.65871,
        "ndcg_at_20": 0.67435,
        "ndcg_at_100": 0.68606,
        "ndcg_at_1000": 0.69504,
        "map_at_1": 0.47546,
        "map_at_3": 0.56558,
        "map_at_5": 0.58255,
        "map_at_10": 0.59731,
        "map_at_20": 0.60238,
        "map_at_100": 0.60431,
        "map_at_1000": 0.6047,
        "recall_at_1": 0.47546,
        "recall_at_3": 0.66587,
        "recall_at_5": 0.72922,
        "recall_at_10": 0.8171,
        "recall_at_20": 0.87411,
        "recall_at_100": 0.9331,
        "recall_at_1000": 1.0,
        "precision_at_1": 0.51544,
        "precision_at_3": 0.24466,
        "precision_at_5": 0.16342,
        "precision_at_10": 0.09311,
        "precision_at_20": 0.05036,
        "precision_at_100": 0.01086,
        "precision_at_1000": 0.00117,
        "mrr_at_1": 0.532067,
        "mrr_at_3": 0.609264,
        "mrr_at_5": 0.624347,
        "mrr_at_10": 0.635336,
        "mrr_at_20": 0.63855,
        "mrr_at_100": 0.63972,
        "mrr_at_1000": 0.64,
        "nauc_ndcg_at_1_max": 0.524837,
        "nauc_ndcg_at_1_std": -0.137517,
        "nauc_ndcg_at_1_diff1": 0.220096,
        "nauc_ndcg_at_3_max": 0.50502,
        "nauc_ndcg_at_3_std": -0.184631,
        "nauc_ndcg_at_3_diff1": 0.209052,
        "nauc_ndcg_at_5_max": 0.504773,
        "nauc_ndcg_at_5_std": -0.182052,
        "nauc_ndcg_at_5_diff1": 0.210763,
        "nauc_ndcg_at_10_max": 0.516917,
        "nauc_ndcg_at_10_std": -0.171639,
        "nauc_ndcg_at_10_diff1": 0.180543,
        "nauc_ndcg_at_20_max": 0.530864,
        "nauc_ndcg_at_20_std": -0.162769,
        "nauc_ndcg_at_20_diff1": 0.176002,
        "nauc_ndcg_at_100_max": 0.52919,
        "nauc_ndcg_at_100_std": -0.160724,
        "nauc_ndcg_at_100_diff1": 0.186953,
        "nauc_ndcg_at_1000_max": 0.52405,
        "nauc_ndcg_at_1000_std": -0.162612,
        "nauc_ndcg_at_1000_diff1": 0.192548,
        "nauc_map_at_1_max": 0.495237,
        "nauc_map_at_1_std": -0.139047,
        "nauc_map_at_1_diff1": 0.226604,
        "nauc_map_at_3_max": 0.505001,
        "nauc_map_at_3_std": -0.173539,
        "nauc_map_at_3_diff1": 0.207262,
        "nauc_map_at_5_max": 0.504917,
        "nauc_map_at_5_std": -0.173651,
        "nauc_map_at_5_diff1": 0.209574,
        "nauc_map_at_10_max": 0.510866,
        "nauc_map_at_10_std": -0.16735,
        "nauc_map_at_10_diff1": 0.196113,
        "nauc_map_at_20_max": 0.514495,
        "nauc_map_at_20_std": -0.165257,
        "nauc_map_at_20_diff1": 0.196101,
        "nauc_map_at_100_max": 0.514124,
        "nauc_map_at_100_std": -0.164694,
        "nauc_map_at_100_diff1": 0.196838,
        "nauc_map_at_1000_max": 0.513913,
        "nauc_map_at_1000_std": -0.164878,
        "nauc_map_at_1000_diff1": 0.197132,
        "nauc_recall_at_1_max": 0.495237,
        "nauc_recall_at_1_std": -0.139047,
        "nauc_recall_at_1_diff1": 0.226604,
        "nauc_recall_at_3_max": 0.459249,
        "nauc_recall_at_3_std": -0.232145,
        "nauc_recall_at_3_diff1": 0.200719,
        "nauc_recall_at_5_max": 0.450648,
        "nauc_recall_at_5_std": -0.233926,
        "nauc_recall_at_5_diff1": 0.203006,
        "nauc_recall_at_10_max": 0.489241,
        "nauc_recall_at_10_std": -0.209392,
        "nauc_recall_at_10_diff1": 0.070467,
        "nauc_recall_at_20_max": 0.601397,
        "nauc_recall_at_20_std": -0.157007,
        "nauc_recall_at_20_diff1": -0.020245,
        "nauc_recall_at_100_max": 0.630165,
        "nauc_recall_at_100_std": -0.144119,
        "nauc_recall_at_100_diff1": 0.066954,
        "nauc_recall_at_1000_max": NaN,
        "nauc_recall_at_1000_std": NaN,
        "nauc_recall_at_1000_diff1": NaN,
        "nauc_precision_at_1_max": 0.524837,
        "nauc_precision_at_1_std": -0.137517,
        "nauc_precision_at_1_diff1": 0.220096,
        "nauc_precision_at_3_max": 0.471407,
        "nauc_precision_at_3_std": -0.173406,
        "nauc_precision_at_3_diff1": 0.139693,
        "nauc_precision_at_5_max": 0.393927,
        "nauc_precision_at_5_std": -0.130765,
        "nauc_precision_at_5_diff1": 0.107516,
        "nauc_precision_at_10_max": 0.310157,
        "nauc_precision_at_10_std": -0.038002,
        "nauc_precision_at_10_diff1": -0.045356,
        "nauc_precision_at_20_max": 0.264614,
        "nauc_precision_at_20_std": 0.022841,
        "nauc_precision_at_20_diff1": -0.088603,
        "nauc_precision_at_100_max": 0.137007,
        "nauc_precision_at_100_std": 0.09935,
        "nauc_precision_at_100_diff1": -0.093651,
        "nauc_precision_at_1000_max": -0.043599,
        "nauc_precision_at_1000_std": 0.133582,
        "nauc_precision_at_1000_diff1": -0.083808,
        "nauc_mrr_at_1_max": 0.582199,
        "nauc_mrr_at_1_std": -0.152397,
        "nauc_mrr_at_1_diff1": 0.174863,
        "nauc_mrr_at_3_max": 0.567312,
        "nauc_mrr_at_3_std": -0.16327,
        "nauc_mrr_at_3_diff1": 0.189534,
        "nauc_mrr_at_5_max": 0.567876,
        "nauc_mrr_at_5_std": -0.158295,
        "nauc_mrr_at_5_diff1": 0.186628,
        "nauc_mrr_at_10_max": 0.571043,
        "nauc_mrr_at_10_std": -0.158859,
        "nauc_mrr_at_10_diff1": 0.177233,
        "nauc_mrr_at_20_max": 0.573082,
        "nauc_mrr_at_20_std": -0.157522,
        "nauc_mrr_at_20_diff1": 0.17662,
        "nauc_mrr_at_100_max": 0.573155,
        "nauc_mrr_at_100_std": -0.157677,
        "nauc_mrr_at_100_diff1": 0.17794,
        "nauc_mrr_at_1000_max": 0.572998,
        "nauc_mrr_at_1000_std": -0.157814,
        "nauc_mrr_at_1000_diff1": 0.178014,
        "main_score": 0.65871,
        "hf_subset": "korean",
        "languages": [
          "kor-Kore"
        ]
      }
    ]
  },
  "evaluation_time": 680.8481369018555,
  "kg_co2_emissions": null
}