{
  "dataset_revision": "d67138e705d963e346253a80e59676ddb418810a",
  "task_name": "MultiLongDocRetrieval",
  "mteb_version": "1.38.1",
  "scores": {
    "test": [
      {
        "ndcg_at_1": 0.65,
        "ndcg_at_3": 0.67893,
        "ndcg_at_5": 0.68904,
        "ndcg_at_10": 0.69876,
        "ndcg_at_20": 0.70376,
        "ndcg_at_100": 0.71324,
        "ndcg_at_1000": 0.7342,
        "map_at_1": 0.65,
        "map_at_3": 0.67167,
        "map_at_5": 0.67717,
        "map_at_10": 0.68119,
        "map_at_20": 0.68253,
        "map_at_100": 0.6836,
        "map_at_1000": 0.68431,
        "recall_at_1": 0.65,
        "recall_at_3": 0.7,
        "recall_at_5": 0.725,
        "recall_at_10": 0.755,
        "recall_at_20": 0.775,
        "recall_at_100": 0.83,
        "recall_at_1000": 1.0,
        "precision_at_1": 0.65,
        "precision_at_3": 0.23333,
        "precision_at_5": 0.145,
        "precision_at_10": 0.0755,
        "precision_at_20": 0.03875,
        "precision_at_100": 0.0083,
        "precision_at_1000": 0.001,
        "mrr_at_1": 0.65,
        "mrr_at_3": 0.671667,
        "mrr_at_5": 0.677167,
        "mrr_at_10": 0.681284,
        "mrr_at_20": 0.682622,
        "mrr_at_100": 0.683699,
        "mrr_at_1000": 0.684417,
        "nauc_ndcg_at_1_max": 0.712434,
        "nauc_ndcg_at_1_std": -0.724957,
        "nauc_ndcg_at_1_diff1": 0.905908,
        "nauc_ndcg_at_3_max": 0.702368,
        "nauc_ndcg_at_3_std": -0.787147,
        "nauc_ndcg_at_3_diff1": 0.891459,
        "nauc_ndcg_at_5_max": 0.705158,
        "nauc_ndcg_at_5_std": -0.785372,
        "nauc_ndcg_at_5_diff1": 0.886574,
        "nauc_ndcg_at_10_max": 0.697864,
        "nauc_ndcg_at_10_std": -0.798563,
        "nauc_ndcg_at_10_diff1": 0.885076,
        "nauc_ndcg_at_20_max": 0.69592,
        "nauc_ndcg_at_20_std": -0.805222,
        "nauc_ndcg_at_20_diff1": 0.885989,
        "nauc_ndcg_at_100_max": 0.691361,
        "nauc_ndcg_at_100_std": -0.796597,
        "nauc_ndcg_at_100_diff1": 0.885652,
        "nauc_ndcg_at_1000_max": 0.697802,
        "nauc_ndcg_at_1000_std": -0.789327,
        "nauc_ndcg_at_1000_diff1": 0.887633,
        "nauc_map_at_1_max": 0.712434,
        "nauc_map_at_1_std": -0.724957,
        "nauc_map_at_1_diff1": 0.905908,
        "nauc_map_at_3_max": 0.706004,
        "nauc_map_at_3_std": -0.768761,
        "nauc_map_at_3_diff1": 0.895024,
        "nauc_map_at_5_max": 0.707779,
        "nauc_map_at_5_std": -0.767308,
        "nauc_map_at_5_diff1": 0.892326,
        "nauc_map_at_10_max": 0.704785,
        "nauc_map_at_10_std": -0.772546,
        "nauc_map_at_10_diff1": 0.891779,
        "nauc_map_at_20_max": 0.70429,
        "nauc_map_at_20_std": -0.774323,
        "nauc_map_at_20_diff1": 0.892054,
        "nauc_map_at_100_max": 0.703816,
        "nauc_map_at_100_std": -0.77364,
        "nauc_map_at_100_diff1": 0.891945,
        "nauc_map_at_1000_max": 0.703918,
        "nauc_map_at_1000_std": -0.773526,
        "nauc_map_at_1000_diff1": 0.891939,
        "nauc_recall_at_1_max": 0.712434,
        "nauc_recall_at_1_std": -0.724957,
        "nauc_recall_at_1_diff1": 0.905908,
        "nauc_recall_at_3_max": 0.690758,
        "nauc_recall_at_3_std": -0.844614,
        "nauc_recall_at_3_diff1": 0.88058,
        "nauc_recall_at_5_max": 0.696287,
        "nauc_recall_at_5_std": -0.845263,
        "nauc_recall_at_5_diff1": 0.867328,
        "nauc_recall_at_10_max": 0.669904,
        "nauc_recall_at_10_std": -0.897514,
        "nauc_recall_at_10_diff1": 0.860175,
        "nauc_recall_at_20_max": 0.658589,
        "nauc_recall_at_20_std": -0.935432,
        "nauc_recall_at_20_diff1": 0.862666,
        "nauc_recall_at_100_max": 0.607854,
        "nauc_recall_at_100_std": -0.889548,
        "nauc_recall_at_100_diff1": 0.855895,
        "nauc_recall_at_1000_max": NaN,
        "nauc_recall_at_1000_std": NaN,
        "nauc_recall_at_1000_diff1": NaN,
        "nauc_precision_at_1_max": 0.712434,
        "nauc_precision_at_1_std": -0.724957,
        "nauc_precision_at_1_diff1": 0.905908,
        "nauc_precision_at_3_max": 0.690758,
        "nauc_precision_at_3_std": -0.844614,
        "nauc_precision_at_3_diff1": 0.88058,
        "nauc_precision_at_5_max": 0.696287,
        "nauc_precision_at_5_std": -0.845263,
        "nauc_precision_at_5_diff1": 0.867328,
        "nauc_precision_at_10_max": 0.669904,
        "nauc_precision_at_10_std": -0.897514,
        "nauc_precision_at_10_diff1": 0.860175,
        "nauc_precision_at_20_max": 0.658589,
        "nauc_precision_at_20_std": -0.935432,
        "nauc_precision_at_20_diff1": 0.862666,
        "nauc_precision_at_100_max": 0.607854,
        "nauc_precision_at_100_std": -0.889548,
        "nauc_precision_at_100_diff1": 0.855895,
        "nauc_precision_at_1000_max": 1.0,
        "nauc_precision_at_1000_std": 1.0,
        "nauc_precision_at_1000_diff1": 1.0,
        "nauc_mrr_at_1_max": 0.712434,
        "nauc_mrr_at_1_std": -0.724957,
        "nauc_mrr_at_1_diff1": 0.905908,
        "nauc_mrr_at_3_max": 0.706004,
        "nauc_mrr_at_3_std": -0.768761,
        "nauc_mrr_at_3_diff1": 0.895024,
        "nauc_mrr_at_5_max": 0.707779,
        "nauc_mrr_at_5_std": -0.767308,
        "nauc_mrr_at_5_diff1": 0.892326,
        "nauc_mrr_at_10_max": 0.704914,
        "nauc_mrr_at_10_std": -0.772545,
        "nauc_mrr_at_10_diff1": 0.891661,
        "nauc_mrr_at_20_max": 0.704419,
        "nauc_mrr_at_20_std": -0.774321,
        "nauc_mrr_at_20_diff1": 0.891935,
        "nauc_mrr_at_100_max": 0.703947,
        "nauc_mrr_at_100_std": -0.773603,
        "nauc_mrr_at_100_diff1": 0.891822,
        "nauc_mrr_at_1000_max": 0.704048,
        "nauc_mrr_at_1000_std": -0.773494,
        "nauc_mrr_at_1000_diff1": 0.891814,
        "main_score": 0.69876,
        "hf_subset": "ko",
        "languages": [
          "kor-Hang"
        ]
      }
    ]
  },
  "evaluation_time": 16874.377314805984,
  "kg_co2_emissions": null
}