{
  "dataset_revision": "main",
  "task_name": "PublicHealthQA",
  "mteb_version": "1.38.1",
  "scores": {
    "test": [
      {
        "ndcg_at_1": 0.61039,
        "ndcg_at_3": 0.74258,
        "ndcg_at_5": 0.76381,
        "ndcg_at_10": 0.78119,
        "ndcg_at_20": 0.78771,
        "ndcg_at_100": 0.79315,
        "ndcg_at_1000": 0.79315,
        "map_at_1": 0.61039,
        "map_at_3": 0.70779,
        "map_at_5": 0.71948,
        "map_at_10": 0.72698,
        "map_at_20": 0.72874,
        "map_at_100": 0.72975,
        "map_at_1000": 0.72975,
        "recall_at_1": 0.61039,
        "recall_at_3": 0.84416,
        "recall_at_5": 0.8961,
        "recall_at_10": 0.94805,
        "recall_at_20": 0.97403,
        "recall_at_100": 1.0,
        "recall_at_1000": 1.0,
        "precision_at_1": 0.61039,
        "precision_at_3": 0.28139,
        "precision_at_5": 0.17922,
        "precision_at_10": 0.09481,
        "precision_at_20": 0.0487,
        "precision_at_100": 0.01,
        "precision_at_1000": 0.001,
        "mrr_at_1": 0.61039,
        "mrr_at_3": 0.705628,
        "mrr_at_5": 0.717316,
        "mrr_at_10": 0.724814,
        "mrr_at_20": 0.72723,
        "mrr_at_100": 0.727601,
        "mrr_at_1000": 0.727601,
        "nauc_ndcg_at_1_max": 0.330311,
        "nauc_ndcg_at_1_std": -0.300248,
        "nauc_ndcg_at_1_diff1": 0.483808,
        "nauc_ndcg_at_3_max": 0.322392,
        "nauc_ndcg_at_3_std": -0.287065,
        "nauc_ndcg_at_3_diff1": 0.496171,
        "nauc_ndcg_at_5_max": 0.308866,
        "nauc_ndcg_at_5_std": -0.309236,
        "nauc_ndcg_at_5_diff1": 0.525808,
        "nauc_ndcg_at_10_max": 0.359195,
        "nauc_ndcg_at_10_std": -0.28734,
        "nauc_ndcg_at_10_diff1": 0.500082,
        "nauc_ndcg_at_20_max": 0.352007,
        "nauc_ndcg_at_20_std": -0.277306,
        "nauc_ndcg_at_20_diff1": 0.489014,
        "nauc_ndcg_at_100_max": 0.340939,
        "nauc_ndcg_at_100_std": -0.285882,
        "nauc_ndcg_at_100_diff1": 0.486987,
        "nauc_ndcg_at_1000_max": 0.340939,
        "nauc_ndcg_at_1000_std": -0.285882,
        "nauc_ndcg_at_1000_diff1": 0.486987,
        "nauc_map_at_1_max": 0.330311,
        "nauc_map_at_1_std": -0.300248,
        "nauc_map_at_1_diff1": 0.483808,
        "nauc_map_at_3_max": 0.330028,
        "nauc_map_at_3_std": -0.281188,
        "nauc_map_at_3_diff1": 0.482768,
        "nauc_map_at_5_max": 0.322824,
        "nauc_map_at_5_std": -0.293928,
        "nauc_map_at_5_diff1": 0.496757,
        "nauc_map_at_10_max": 0.342358,
        "nauc_map_at_10_std": -0.284564,
        "nauc_map_at_10_diff1": 0.486668,
        "nauc_map_at_20_max": 0.340686,
        "nauc_map_at_20_std": -0.282392,
        "nauc_map_at_20_diff1": 0.484106,
        "nauc_map_at_100_max": 0.33883,
        "nauc_map_at_100_std": -0.284435,
        "nauc_map_at_100_diff1": 0.483661,
        "nauc_map_at_1000_max": 0.33883,
        "nauc_map_at_1000_std": -0.284435,
        "nauc_map_at_1000_diff1": 0.483661,
        "nauc_recall_at_1_max": 0.330311,
        "nauc_recall_at_1_std": -0.300248,
        "nauc_recall_at_1_diff1": 0.483808,
        "nauc_recall_at_3_max": 0.282825,
        "nauc_recall_at_3_std": -0.321487,
        "nauc_recall_at_3_diff1": 0.565934,
        "nauc_recall_at_5_max": 0.212015,
        "nauc_recall_at_5_std": -0.418343,
        "nauc_recall_at_5_diff1": 0.731808,
        "nauc_recall_at_10_max": 0.616902,
        "nauc_recall_at_10_std": -0.321313,
        "nauc_recall_at_10_diff1": 0.667958,
        "nauc_recall_at_20_max": 0.678958,
        "nauc_recall_at_20_std": -0.082183,
        "nauc_recall_at_20_diff1": 0.540259,
        "nauc_recall_at_100_max": NaN,
        "nauc_recall_at_100_std": NaN,
        "nauc_recall_at_100_diff1": NaN,
        "nauc_recall_at_1000_max": NaN,
        "nauc_recall_at_1000_std": NaN,
        "nauc_recall_at_1000_diff1": NaN,
        "nauc_precision_at_1_max": 0.330311,
        "nauc_precision_at_1_std": -0.300248,
        "nauc_precision_at_1_diff1": 0.483808,
        "nauc_precision_at_3_max": 0.282825,
        "nauc_precision_at_3_std": -0.321487,
        "nauc_precision_at_3_diff1": 0.565934,
        "nauc_precision_at_5_max": 0.212015,
        "nauc_precision_at_5_std": -0.418343,
        "nauc_precision_at_5_diff1": 0.731808,
        "nauc_precision_at_10_max": 0.616902,
        "nauc_precision_at_10_std": -0.321313,
        "nauc_precision_at_10_diff1": 0.667958,
        "nauc_precision_at_20_max": 0.678958,
        "nauc_precision_at_20_std": -0.082183,
        "nauc_precision_at_20_diff1": 0.540259,
        "nauc_precision_at_100_max": 1.0,
        "nauc_precision_at_100_std": 1.0,
        "nauc_precision_at_100_diff1": 1.0,
        "nauc_precision_at_1000_max": NaN,
        "nauc_precision_at_1000_std": NaN,
        "nauc_precision_at_1000_diff1": NaN,
        "nauc_mrr_at_1_max": 0.330311,
        "nauc_mrr_at_1_std": -0.300248,
        "nauc_mrr_at_1_diff1": 0.483808,
        "nauc_mrr_at_3_max": 0.33282,
        "nauc_mrr_at_3_std": -0.294666,
        "nauc_mrr_at_3_diff1": 0.487356,
        "nauc_mrr_at_5_max": 0.325784,
        "nauc_mrr_at_5_std": -0.307903,
        "nauc_mrr_at_5_diff1": 0.501449,
        "nauc_mrr_at_10_max": 0.345282,
        "nauc_mrr_at_10_std": -0.299063,
        "nauc_mrr_at_10_diff1": 0.491584,
        "nauc_mrr_at_20_max": 0.341751,
        "nauc_mrr_at_20_std": -0.300759,
        "nauc_mrr_at_20_diff1": 0.488405,
        "nauc_mrr_at_100_max": 0.341724,
        "nauc_mrr_at_100_std": -0.299334,
        "nauc_mrr_at_100_diff1": 0.48862,
        "nauc_mrr_at_1000_max": 0.341724,
        "nauc_mrr_at_1000_std": -0.299334,
        "nauc_mrr_at_1000_diff1": 0.48862,
        "main_score": 0.78119,
        "hf_subset": "korean",
        "languages": [
          "kor-Hang"
        ]
      }
    ]
  },
  "evaluation_time": 17.50327491760254,
  "kg_co2_emissions": null
}