{
  "dataset_revision": "c99d599f0a6ab9b85b065da6f9d94f9cf731679f",
  "task_name": "XPQARetrieval",
  "mteb_version": "1.38.1",
  "scores": {
    "test": [
      {
        "ndcg_at_1": 0.21713,
        "ndcg_at_3": 0.23102,
        "ndcg_at_5": 0.25137,
        "ndcg_at_10": 0.27398,
        "ndcg_at_20": 0.29945,
        "ndcg_at_100": 0.35362,
        "ndcg_at_1000": 0.39368,
        "map_at_1": 0.15642,
        "map_at_3": 0.20992,
        "map_at_5": 0.22386,
        "map_at_10": 0.23431,
        "map_at_20": 0.24212,
        "map_at_100": 0.25044,
        "map_at_1000": 0.25212,
        "recall_at_1": 0.15642,
        "recall_at_3": 0.24485,
        "recall_at_5": 0.29322,
        "recall_at_10": 0.35387,
        "recall_at_20": 0.4407,
        "recall_at_100": 0.70581,
        "recall_at_1000": 1.0,
        "precision_at_1": 0.21713,
        "precision_at_3": 0.12487,
        "precision_at_5": 0.09052,
        "precision_at_10": 0.05566,
        "precision_at_20": 0.0357,
        "precision_at_100": 0.01141,
        "precision_at_1000": 0.00156,
        "mrr_at_1": 0.218654,
        "mrr_at_3": 0.252548,
        "mrr_at_5": 0.264628,
        "mrr_at_10": 0.273623,
        "mrr_at_20": 0.280716,
        "mrr_at_100": 0.2865,
        "mrr_at_1000": 0.2876,
        "nauc_ndcg_at_1_max": 0.269605,
        "nauc_ndcg_at_1_std": -0.194593,
        "nauc_ndcg_at_1_diff1": 0.545154,
        "nauc_ndcg_at_3_max": 0.231824,
        "nauc_ndcg_at_3_std": -0.208558,
        "nauc_ndcg_at_3_diff1": 0.459734,
        "nauc_ndcg_at_5_max": 0.222017,
        "nauc_ndcg_at_5_std": -0.210687,
        "nauc_ndcg_at_5_diff1": 0.432431,
        "nauc_ndcg_at_10_max": 0.217399,
        "nauc_ndcg_at_10_std": -0.203311,
        "nauc_ndcg_at_10_diff1": 0.41282,
        "nauc_ndcg_at_20_max": 0.207528,
        "nauc_ndcg_at_20_std": -0.198724,
        "nauc_ndcg_at_20_diff1": 0.40163,
        "nauc_ndcg_at_100_max": 0.232341,
        "nauc_ndcg_at_100_std": -0.163897,
        "nauc_ndcg_at_100_diff1": 0.394301,
        "nauc_ndcg_at_1000_max": 0.233882,
        "nauc_ndcg_at_1000_std": -0.174644,
        "nauc_ndcg_at_1000_diff1": 0.415955,
        "nauc_map_at_1_max": 0.25055,
        "nauc_map_at_1_std": -0.201746,
        "nauc_map_at_1_diff1": 0.579816,
        "nauc_map_at_3_max": 0.241606,
        "nauc_map_at_3_std": -0.205787,
        "nauc_map_at_3_diff1": 0.47409,
        "nauc_map_at_5_max": 0.234085,
        "nauc_map_at_5_std": -0.207787,
        "nauc_map_at_5_diff1": 0.454132,
        "nauc_map_at_10_max": 0.234522,
        "nauc_map_at_10_std": -0.202371,
        "nauc_map_at_10_diff1": 0.443019,
        "nauc_map_at_20_max": 0.230713,
        "nauc_map_at_20_std": -0.201637,
        "nauc_map_at_20_diff1": 0.438758,
        "nauc_map_at_100_max": 0.234523,
        "nauc_map_at_100_std": -0.195657,
        "nauc_map_at_100_diff1": 0.436801,
        "nauc_map_at_1000_max": 0.235062,
        "nauc_map_at_1000_std": -0.195444,
        "nauc_map_at_1000_diff1": 0.437542,
        "nauc_recall_at_1_max": 0.25055,
        "nauc_recall_at_1_std": -0.201746,
        "nauc_recall_at_1_diff1": 0.579816,
        "nauc_recall_at_3_max": 0.195311,
        "nauc_recall_at_3_std": -0.214566,
        "nauc_recall_at_3_diff1": 0.407243,
        "nauc_recall_at_5_max": 0.176932,
        "nauc_recall_at_5_std": -0.2174,
        "nauc_recall_at_5_diff1": 0.347251,
        "nauc_recall_at_10_max": 0.164167,
        "nauc_recall_at_10_std": -0.20203,
        "nauc_recall_at_10_diff1": 0.301628,
        "nauc_recall_at_20_max": 0.132235,
        "nauc_recall_at_20_std": -0.187154,
        "nauc_recall_at_20_diff1": 0.266659,
        "nauc_recall_at_100_max": 0.220449,
        "nauc_recall_at_100_std": -0.026662,
        "nauc_recall_at_100_diff1": 0.186195,
        "nauc_recall_at_1000_max": NaN,
        "nauc_recall_at_1000_std": NaN,
        "nauc_recall_at_1000_diff1": NaN,
        "nauc_precision_at_1_max": 0.269605,
        "nauc_precision_at_1_std": -0.194593,
        "nauc_precision_at_1_diff1": 0.545154,
        "nauc_precision_at_3_max": 0.219139,
        "nauc_precision_at_3_std": -0.171135,
        "nauc_precision_at_3_diff1": 0.314211,
        "nauc_precision_at_5_max": 0.192962,
        "nauc_precision_at_5_std": -0.168813,
        "nauc_precision_at_5_diff1": 0.247491,
        "nauc_precision_at_10_max": 0.169248,
        "nauc_precision_at_10_std": -0.136132,
        "nauc_precision_at_10_diff1": 0.191719,
        "nauc_precision_at_20_max": 0.1336,
        "nauc_precision_at_20_std": -0.10327,
        "nauc_precision_at_20_diff1": 0.137218,
        "nauc_precision_at_100_max": 0.192457,
        "nauc_precision_at_100_std": 0.102436,
        "nauc_precision_at_100_diff1": 0.02076,
        "nauc_precision_at_1000_max": 0.120564,
        "nauc_precision_at_1000_std": 0.154432,
        "nauc_precision_at_1000_diff1": -0.053257,
        "nauc_mrr_at_1_max": 0.265144,
        "nauc_mrr_at_1_std": -0.197718,
        "nauc_mrr_at_1_diff1": 0.538484,
        "nauc_mrr_at_3_max": 0.242465,
        "nauc_mrr_at_3_std": -0.200589,
        "nauc_mrr_at_3_diff1": 0.490581,
        "nauc_mrr_at_5_max": 0.236431,
        "nauc_mrr_at_5_std": -0.204634,
        "nauc_mrr_at_5_diff1": 0.476503,
        "nauc_mrr_at_10_max": 0.232277,
        "nauc_mrr_at_10_std": -0.202165,
        "nauc_mrr_at_10_diff1": 0.468717,
        "nauc_mrr_at_20_max": 0.231274,
        "nauc_mrr_at_20_std": -0.200025,
        "nauc_mrr_at_20_diff1": 0.466962,
        "nauc_mrr_at_100_max": 0.233881,
        "nauc_mrr_at_100_std": -0.19704,
        "nauc_mrr_at_100_diff1": 0.467198,
        "nauc_mrr_at_1000_max": 0.233853,
        "nauc_mrr_at_1000_std": -0.197317,
        "nauc_mrr_at_1000_diff1": 0.467728,
        "main_score": 0.27398,
        "hf_subset": "kor-kor",
        "languages": [
          "kor-Hang",
          "kor-Hang"
        ]
      },
      {
        "ndcg_at_1": 0.05657,
        "ndcg_at_3": 0.05855,
        "ndcg_at_5": 0.06292,
        "ndcg_at_10": 0.07672,
        "ndcg_at_20": 0.09197,
        "ndcg_at_100": 0.1342,
        "ndcg_at_1000": 0.20013,
        "map_at_1": 0.0343,
        "map_at_3": 0.04696,
        "map_at_5": 0.05082,
        "map_at_10": 0.05694,
        "map_at_20": 0.06125,
        "map_at_100": 0.06676,
        "map_at_1000": 0.06937,
        "recall_at_1": 0.0343,
        "recall_at_3": 0.05943,
        "recall_at_5": 0.0709,
        "recall_at_10": 0.10787,
        "recall_at_20": 0.15869,
        "recall_at_100": 0.35632,
        "recall_at_1000": 0.82342,
        "precision_at_1": 0.05657,
        "precision_at_3": 0.03517,
        "precision_at_5": 0.02752,
        "precision_at_10": 0.02049,
        "precision_at_20": 0.01521,
        "precision_at_100": 0.00706,
        "precision_at_1000": 0.00152,
        "mrr_at_1": 0.056575,
        "mrr_at_3": 0.075178,
        "mrr_at_5": 0.078619,
        "mrr_at_10": 0.08448,
        "mrr_at_20": 0.089115,
        "mrr_at_100": 0.094952,
        "mrr_at_1000": 0.096739,
        "nauc_ndcg_at_1_max": 0.269693,
        "nauc_ndcg_at_1_std": -0.110216,
        "nauc_ndcg_at_1_diff1": 0.328751,
        "nauc_ndcg_at_3_max": 0.245124,
        "nauc_ndcg_at_3_std": -0.115353,
        "nauc_ndcg_at_3_diff1": 0.249806,
        "nauc_ndcg_at_5_max": 0.241384,
        "nauc_ndcg_at_5_std": -0.110331,
        "nauc_ndcg_at_5_diff1": 0.251494,
        "nauc_ndcg_at_10_max": 0.181047,
        "nauc_ndcg_at_10_std": -0.138366,
        "nauc_ndcg_at_10_diff1": 0.214971,
        "nauc_ndcg_at_20_max": 0.132853,
        "nauc_ndcg_at_20_std": -0.151287,
        "nauc_ndcg_at_20_diff1": 0.212734,
        "nauc_ndcg_at_100_max": 0.117437,
        "nauc_ndcg_at_100_std": -0.135617,
        "nauc_ndcg_at_100_diff1": 0.188806,
        "nauc_ndcg_at_1000_max": 0.160353,
        "nauc_ndcg_at_1000_std": -0.095264,
        "nauc_ndcg_at_1000_diff1": 0.182751,
        "nauc_map_at_1_max": 0.262714,