{
  "timestamp": "20241230_224622",
  "datatype_name": "AutoRAG",
  "qa_path": "/retriever-simple-benchmark/data/AutoRAG/qa_v4.parquet",
  "corpus_path": "/retriever-simple-benchmark/data/AutoRAG/ocr_corpus_v3.parquet",
  "model_type": "cross-encoder",
  "model_name": "BAAI/bge-reranker-v2.5-gemma2-lightweight",
  "model_class": "flaglayerwise",
  "use_fp16": true,
  "metrics": {
    "accuracy": {
      "1": 0.8157894736842105,
      "3": 0.9122807017543859,
      "5": 0.9298245614035088,
      "10": 0.9473684210526315
    },
    "f1": {
      "1": 0.8157894736842105,
      "3": 0.45614035087719296,
      "5": 0.309941520467836,
      "10": 0.17224880382775137
    },
    "recall": {
      "1": 0.8157894736842105,
      "3": 0.9122807017543859,
      "5": 0.9298245614035088,
      "10": 0.9473684210526315
    },
    "precision": {
      "1": 0.8157894736842105,
      "3": 0.3040935672514617,
      "5": 0.18596491228070136,
      "10": 0.09473684210526297
    }
  },
  "inference_times": {
    "total_inference_time_sec": 5052.875141859055,
    "avg_inference_time_per_query_sec": 44.32346615665838
  }
}