{
  "timestamp": "20241230_164124",
  "datatype_name": "AutoRAG",
  "qa_path": "/retriever-simple-benchmark/data/AutoRAG/qa_v4.parquet",
  "corpus_path": "/retriever-simple-benchmark/data/AutoRAG/ocr_corpus_v3.parquet",
  "model_type": "cross-encoder",
  "model_name": "mncai/bge-ko-reranker-560M",
  "model_class": "huggingface",
  "use_fp16": true,
  "metrics": {
    "accuracy": {
      "1": 0.008771929824561403,
      "3": 0.043859649122807015,
      "5": 0.08771929824561403,
      "10": 0.15789473684210525
    },
    "f1": {
      "1": 0.008771929824561403,
      "3": 0.021929824561403508,
      "5": 0.029239766081871347,
      "10": 0.02870813397129186
    },
    "recall": {
      "1": 0.008771929824561403,
      "3": 0.043859649122807015,
      "5": 0.08771929824561403,
      "10": 0.15789473684210525
    },
    "precision": {
      "1": 0.008771929824561403,
      "3": 0.014619883040935672,
      "5": 0.017543859649122806,
      "10": 0.01578947368421053
    }
  },
  "inference_times": {
    "total_inference_time_sec": 232.5000741481781,
    "avg_inference_time_per_query_sec": 2.0394743346331414
  }
}