{
  "dataset_revision": "fd7df84ac089bbec763b1c6bb1b56e985df5cc5c",
  "task_name": "AutoRAGRetrieval",
  "mteb_version": "1.38.57",
  "scores": {
    "test": [
      {
        "ndcg_at_1": 0.89474,
        "ndcg_at_3": 0.95447,
        "ndcg_at_5": 0.95786,
        "ndcg_at_10": 0.95786,
        "ndcg_at_20": 0.95786,
        "ndcg_at_100": 0.95786,
        "ndcg_at_1000": 0.95786,
        "map_at_1": 0.89474,
        "map_at_3": 0.94152,
        "map_at_5": 0.94327,
        "map_at_10": 0.94327,
        "map_at_20": 0.94327,
        "map_at_100": 0.94327,
        "map_at_1000": 0.94327,
        "recall_at_1": 0.89474,
        "recall_at_3": 0.99123,
        "recall_at_5": 1.0,
        "recall_at_10": 1.0,
        "recall_at_20": 1.0,
        "recall_at_100": 1.0,
        "recall_at_1000": 1.0,
        "precision_at_1": 0.89474,
        "precision_at_3": 0.33041,
        "precision_at_5": 0.2,
        "precision_at_10": 0.1,
        "precision_at_20": 0.05,
        "precision_at_100": 0.01,
        "precision_at_1000": 0.001,
        "mrr_at_1": 0.964912,
        "mrr_at_3": 0.982456,
        "mrr_at_5": 0.982456,
        "mrr_at_10": 0.982456,
        "mrr_at_20": 0.982456,
        "mrr_at_100": 0.982456,
        "mrr_at_1000": 0.982456,
        "nauc_ndcg_at_1_max": 0.063506,
        "nauc_ndcg_at_1_std": -0.842284,
        "nauc_ndcg_at_1_diff1": 0.871837,
        "nauc_ndcg_at_3_max": 0.042427,
        "nauc_ndcg_at_3_std": -0.977726,
        "nauc_ndcg_at_3_diff1": 0.874848,
        "nauc_ndcg_at_5_max": 0.059651,
        "nauc_ndcg_at_5_std": -0.914375,
        "nauc_ndcg_at_5_diff1": 0.87526,
        "nauc_ndcg_at_10_max": 0.059651,
        "nauc_ndcg_at_10_std": -0.914375,
        "nauc_ndcg_at_10_diff1": 0.87526,
        "nauc_ndcg_at_20_max": 0.059651,
        "nauc_ndcg_at_20_std": -0.914375,
        "nauc_ndcg_at_20_diff1": 0.87526,
        "nauc_ndcg_at_100_max": 0.059651,
        "nauc_ndcg_at_100_std": -0.914375,
        "nauc_ndcg_at_100_diff1": 0.87526,
        "nauc_ndcg_at_1000_max": 0.059651,
        "nauc_ndcg_at_1000_std": -0.914375,
        "nauc_ndcg_at_1000_diff1": 0.87526,
        "nauc_map_at_1_max": 0.063506,
        "nauc_map_at_1_std": -0.842284,
        "nauc_map_at_1_diff1": 0.871837,
        "nauc_map_at_3_max": 0.053295,
        "nauc_map_at_3_std": -0.934611,
        "nauc_map_at_3_diff1": 0.874917,
        "nauc_map_at_5_max": 0.06025,
        "nauc_map_at_5_std": -0.908932,
        "nauc_map_at_5_diff1": 0.875077,
        "nauc_map_at_10_max": 0.06025,
        "nauc_map_at_10_std": -0.908932,
        "nauc_map_at_10_diff1": 0.875077,
        "nauc_map_at_20_max": 0.06025,
        "nauc_map_at_20_std": -0.908932,
        "nauc_map_at_20_diff1": 0.875077,
        "nauc_map_at_100_max": 0.06025,
        "nauc_map_at_100_std": -0.908932,
        "nauc_map_at_100_diff1": 0.875077,
        "nauc_map_at_1000_max": 0.06025,
        "nauc_map_at_1000_std": -0.908932,
        "nauc_map_at_1000_diff1": 0.875077,
        "nauc_recall_at_1_max": 0.063506,
        "nauc_recall_at_1_std": -0.842284,
        "nauc_recall_at_1_diff1": 0.871837,
        "nauc_recall_at_3_max": -0.169326,
        "nauc_recall_at_3_std": -1.756536,
        "nauc_recall_at_3_diff1": 0.869789,
        "nauc_recall_at_5_max": NaN,
        "nauc_recall_at_5_std": NaN,
        "nauc_recall_at_5_diff1": NaN,
        "nauc_recall_at_10_max": NaN,
        "nauc_recall_at_10_std": NaN,
        "nauc_recall_at_10_diff1": NaN,
        "nauc_recall_at_20_max": NaN,
        "nauc_recall_at_20_std": NaN,
        "nauc_recall_at_20_diff1": NaN,
        "nauc_recall_at_100_max": NaN,
        "nauc_recall_at_100_std": NaN,
        "nauc_recall_at_100_diff1": NaN,
        "nauc_recall_at_1000_max": NaN,
        "nauc_recall_at_1000_std": NaN,
        "nauc_recall_at_1000_diff1": NaN,
        "nauc_precision_at_1_max": 0.063506,
        "nauc_precision_at_1_std": -0.842284,
        "nauc_precision_at_1_diff1": 0.871837,
        "nauc_precision_at_3_max": -0.169326,
        "nauc_precision_at_3_std": -1.756536,
        "nauc_precision_at_3_diff1": 0.869789,
        "nauc_precision_at_5_max": 1.0,
        "nauc_precision_at_5_std": 1.0,
        "nauc_precision_at_5_diff1": 1.0,
        "nauc_precision_at_10_max": 1.0,
        "nauc_precision_at_10_std": 1.0,
        "nauc_precision_at_10_diff1": 1.0,
        "nauc_precision_at_20_max": 1.0,
        "nauc_precision_at_20_std": 1.0,
        "nauc_precision_at_20_diff1": 1.0,
        "nauc_precision_at_100_max": 1.0,
        "nauc_precision_at_100_std": 1.0,
        "nauc_precision_at_100_diff1": 1.0,
        "nauc_precision_at_1000_max": 1.0,
        "nauc_precision_at_1000_std": 1.0,
        "nauc_precision_at_1000_diff1": 1.0,
        "nauc_mrr_at_1_max": 0.930602,
        "nauc_mrr_at_1_std": 0.715453,
        "nauc_mrr_at_1_diff1": 0.71734,
        "nauc_mrr_at_3_max": 0.930602,
        "nauc_mrr_at_3_std": 0.715453,
        "nauc_mrr_at_3_diff1": 0.71734,
        "nauc_mrr_at_5_max": 0.930602,
        "nauc_mrr_at_5_std": 0.715453,
        "nauc_mrr_at_5_diff1": 0.71734,
        "nauc_mrr_at_10_max": 0.930602,
        "nauc_mrr_at_10_std": 0.715453,
        "nauc_mrr_at_10_diff1": 0.71734,
        "nauc_mrr_at_20_max": 0.930602,
        "nauc_mrr_at_20_std": 0.715453,
        "nauc_mrr_at_20_diff1": 0.71734,
        "nauc_mrr_at_100_max": 0.930602,
        "nauc_mrr_at_100_std": 0.715453,
        "nauc_mrr_at_100_diff1": 0.71734,
        "nauc_mrr_at_1000_max": 0.930602,
        "nauc_mrr_at_1000_std": 0.715453,
        "nauc_mrr_at_1000_diff1": 0.71734,
        "main_score": 0.95786,
        "hf_subset": "default",
        "languages": [
          "kor-Hang"
        ]
      }
    ]
  },
  "evaluation_time": 35.93518090248108,
  "kg_co2_emissions": null
}