{
  "dataset_revision": "75b399394a9803252cfec289d103de462763db7c",
  "task_name": "BelebeleRetrieval",
  "mteb_version": "1.38.57",
  "scores": {
    "test": [
      {
        "ndcg_at_1": 0.95444,
        "ndcg_at_3": 0.97279,
        "ndcg_at_5": 0.97466,
        "ndcg_at_10": 0.97582,
        "ndcg_at_20": 0.97664,
        "ndcg_at_100": 0.97752,
        "ndcg_at_1000": 0.97752,
        "map_at_1": 0.95444,
        "map_at_3": 0.9687,
        "map_at_5": 0.96976,
        "map_at_10": 0.97029,
        "map_at_20": 0.9705,
        "map_at_100": 0.97064,
        "map_at_1000": 0.97064,
        "recall_at_1": 0.95444,
        "recall_at_3": 0.98444,
        "recall_at_5": 0.98889,
        "recall_at_10": 0.99222,
        "recall_at_20": 0.99556,
        "recall_at_100": 1.0,
        "recall_at_1000": 1.0,
        "precision_at_1": 0.95444,
        "precision_at_3": 0.32815,
        "precision_at_5": 0.19778,
        "precision_at_10": 0.09922,
        "precision_at_20": 0.04978,
        "precision_at_100": 0.01,
        "precision_at_1000": 0.001,
        "mrr_at_1": 0.955556,
        "mrr_at_3": 0.969259,
        "mrr_at_5": 0.970315,
        "mrr_at_10": 0.970844,
        "mrr_at_20": 0.971062,
        "mrr_at_100": 0.971215,
        "mrr_at_1000": 0.971215,
        "nauc_ndcg_at_1_max": 0.792672,
        "nauc_ndcg_at_1_std": 0.493863,
        "nauc_ndcg_at_1_diff1": 0.973184,
        "nauc_ndcg_at_3_max": 0.828009,
        "nauc_ndcg_at_3_std": 0.488099,
        "nauc_ndcg_at_3_diff1": 0.973327,
        "nauc_ndcg_at_5_max": 0.820286,
        "nauc_ndcg_at_5_std": 0.466301,
        "nauc_ndcg_at_5_diff1": 0.971363,
        "nauc_ndcg_at_10_max": 0.81379,
        "nauc_ndcg_at_10_std": 0.451163,
        "nauc_ndcg_at_10_diff1": 0.972127,
        "nauc_ndcg_at_20_max": 0.822345,
        "nauc_ndcg_at_20_std": 0.496328,
        "nauc_ndcg_at_20_diff1": 0.972668,
        "nauc_ndcg_at_100_max": 0.815406,
        "nauc_ndcg_at_100_std": 0.477915,
        "nauc_ndcg_at_100_diff1": 0.972975,
        "nauc_ndcg_at_1000_max": 0.815406,
        "nauc_ndcg_at_1000_std": 0.477915,
        "nauc_ndcg_at_1000_diff1": 0.972975,
        "nauc_map_at_1_max": 0.792672,
        "nauc_map_at_1_std": 0.493863,
        "nauc_map_at_1_diff1": 0.973184,
        "nauc_map_at_3_max": 0.818579,
        "nauc_map_at_3_std": 0.48771,
        "nauc_map_at_3_diff1": 0.973522,
        "nauc_map_at_5_max": 0.814648,
        "nauc_map_at_5_std": 0.477436,
        "nauc_map_at_5_diff1": 0.972598,
        "nauc_map_at_10_max": 0.812162,
        "nauc_map_at_10_std": 0.472131,
        "nauc_map_at_10_diff1": 0.972924,
        "nauc_map_at_20_max": 0.813929,
        "nauc_map_at_20_std": 0.481651,
        "nauc_map_at_20_diff1": 0.973037,
        "nauc_map_at_100_max": 0.813054,
        "nauc_map_at_100_std": 0.479358,
        "nauc_map_at_100_diff1": 0.973108,
        "nauc_map_at_1000_max": 0.813054,
        "nauc_map_at_1000_std": 0.479358,
        "nauc_map_at_1000_diff1": 0.973108,
        "nauc_recall_at_1_max": 0.792672,
        "nauc_recall_at_1_std": 0.493863,
        "nauc_recall_at_1_diff1": 0.973184,
        "nauc_recall_at_3_max": 0.880285,
        "nauc_recall_at_3_std": 0.492364,
        "nauc_recall_at_3_diff1": 0.971989,
        "nauc_recall_at_5_max": 0.858543,
        "nauc_recall_at_5_std": 0.374743,
        "nauc_recall_at_5_diff1": 0.960784,
        "nauc_recall_at_10_max": 0.816593,
        "nauc_recall_at_10_std": 0.198479,
        "nauc_recall_at_10_diff1": 0.962652,
        "nauc_recall_at_20_max": 1.0,
        "nauc_recall_at_20_std": 0.96732,
        "nauc_recall_at_20_diff1": 0.96732,
        "nauc_recall_at_100_max": NaN,
        "nauc_recall_at_100_std": NaN,
        "nauc_recall_at_100_diff1": NaN,
        "nauc_recall_at_1000_max": NaN,
        "nauc_recall_at_1000_std": NaN,
        "nauc_recall_at_1000_diff1": NaN,
        "nauc_precision_at_1_max": 0.792672,
        "nauc_precision_at_1_std": 0.493863,
        "nauc_precision_at_1_diff1": 0.973184,
        "nauc_precision_at_3_max": 0.880285,
        "nauc_precision_at_3_std": 0.492364,
        "nauc_precision_at_3_diff1": 0.971989,
        "nauc_precision_at_5_max": 0.858543,
        "nauc_precision_at_5_std": 0.374743,
        "nauc_precision_at_5_diff1": 0.960784,
        "nauc_precision_at_10_max": 0.816593,
        "nauc_precision_at_10_std": 0.198479,
        "nauc_precision_at_10_diff1": 0.962652,
        "nauc_precision_at_20_max": 1.0,
        "nauc_precision_at_20_std": 0.96732,
        "nauc_precision_at_20_diff1": 0.96732,
        "nauc_precision_at_100_max": 1.0,
        "nauc_precision_at_100_std": 1.0,
        "nauc_precision_at_100_diff1": 1.0,
        "nauc_precision_at_1000_max": NaN,
        "nauc_precision_at_1000_std": NaN,
        "nauc_precision_at_1000_diff1": NaN,
        "nauc_mrr_at_1_max": 0.855987,
        "nauc_mrr_at_1_std": 0.549708,
        "nauc_mrr_at_1_diff1": 0.972514,
        "nauc_mrr_at_3_max": 0.864818,
        "nauc_mrr_at_3_std": 0.527969,
        "nauc_mrr_at_3_diff1": 0.973043,
        "nauc_mrr_at_5_max": 0.862457,
        "nauc_mrr_at_5_std": 0.518934,
        "nauc_mrr_at_5_diff1": 0.972085,
        "nauc_mrr_at_10_max": 0.860792,
        "nauc_mrr_at_10_std": 0.514281,
        "nauc_mrr_at_10_diff1": 0.972409,
        "nauc_mrr_at_20_max": 0.862928,
        "nauc_mrr_at_20_std": 0.524218,
        "nauc_mrr_at_20_diff1": 0.972515,
        "nauc_mrr_at_100_max": 0.862197,
        "nauc_mrr_at_100_std": 0.521828,
        "nauc_mrr_at_100_diff1": 0.972598,
        "nauc_mrr_at_1000_max": 0.862197,
        "nauc_mrr_at_1000_std": 0.521828,
        "nauc_mrr_at_1000_diff1": 0.972598,
        "main_score": 0.97582,
        "hf_subset": "kor_Hang-kor_Hang",
        "languages": [
          "kor-Hang",
          "kor-Hang"
        ]
      },
      {
        "ndcg_at_1": 0.10111,
        "ndcg_at_3": 0.10251,
        "ndcg_at_5": 0.10251,
        "ndcg_at_10": 0.10251,
        "ndcg_at_20": 0.10251,
        "ndcg_at_100": 0.10251,
        "ndcg_at_1000": 0.10251,
        "map_at_1": 0.10111,
        "map_at_3": 0.10222,
        "map_at_5": 0.10222,
        "map_at_10": 0.10222,
        "map_at_20": 0.10222,
        "map_at_100": 0.10222,
        "map_at_1000": 0.10222,
        "recall_at_1": 0.10111,
        "recall_at_3": 0.10333,
        "recall_at_5": 0.10333,
        "recall_at_10": 0.10333,
        "recall_at_20": 0.10333,
        "recall_at_100": 0.10333,
        "recall_at_1000": 0.10333,
        "precision_at_1": 0.10111,
        "precision_at_3": 0.03444,
        "precision_at_5": 0.02067,
        "precision_at_10": 0.01033,
        "precision_at_20": 0.00517,
        "precision_at_100": 0.00103,
        "precision_at_1000": 0.0001,
        "mrr_at_1": 0.101111,
        "mrr_at_3": 0.102222,
        "mrr_at_5": 0.102222,
        "mrr_at_10": 0.102222,
        "mrr_at_20": 0.102222,
        "mrr_at_100": 0.102222,
        "mrr_at_1000": 0.102222,
        "nauc_ndcg_at_1_max": 0.966439,
        "nauc_ndcg_at_1_std": 0.958982,
        "nauc_ndcg_at_1_diff1": 0.966439,
        "nauc_ndcg_at_3_max": 0.966746,
        "nauc_ndcg_at_3_std": 0.959356,
        "nauc_ndcg_at_3_diff1": 0.966746,
        "nauc_ndcg_at_5_max": 0.966746,
        "nauc_ndcg_at_5_std": 0.959356,
        "nauc_ndcg_at_5_diff1": 0.966746,
        "nauc_ndcg_at_10_max": 0.966746,
        "nauc_ndcg_at_10_std": 0.959356,
        "nauc_ndcg_at_10_diff1": 0.966746,
        "nauc_ndcg_at_20_max": 0.966746,
        "nauc_ndcg_at_20_std": 0.959356,
        "nauc_ndcg_at_20_diff1": 0.966746,
        "nauc_ndcg_at_100_max": 0.966746,
        "nauc_ndcg_at_100_std": 0.959356,
        "nauc_ndcg_at_100_diff1": 0.966746,
        "nauc_ndcg_at_1000_max": 0.966746,
        "nauc_ndcg_at_1000_std": 0.959356,
        "nauc_ndcg_at_1000_diff1": 0.966746,
        "nauc_map_at_1_max": 0.966439,
        "nauc_map_at_1_std": 0.958982,
        "nauc_map_at_1_diff1": 0.966439,