{
  "dataset_revision": "d243889a3eb6654029dbd7e7f9319ae31d58f97c",
  "task_name": "Ko-StrategyQA",
  "mteb_version": "1.38.57",
  "scores": {
    "dev": [
      {
        "ndcg_at_1": 0.75507,
        "ndcg_at_3": 0.783,
        "ndcg_at_5": 0.80761,
        "ndcg_at_10": 0.82856,
        "ndcg_at_20": 0.84536,
        "ndcg_at_100": 0.85609,
        "ndcg_at_1000": 0.85609,
        "map_at_1": 0.48141,
        "map_at_3": 0.74188,
        "map_at_5": 0.76741,
        "map_at_10": 0.78132,
        "map_at_20": 0.78776,
        "map_at_100": 0.79089,
        "map_at_1000": 0.79089,
        "recall_at_1": 0.48141,
        "recall_at_3": 0.80576,
        "recall_at_5": 0.85804,
        "recall_at_10": 0.90826,
        "recall_at_20": 0.96104,
        "recall_at_100": 1.0,
        "recall_at_1000": 1.0,
        "precision_at_1": 0.75507,
        "precision_at_3": 0.48255,
        "precision_at_5": 0.31588,
        "precision_at_10": 0.17044,
        "precision_at_20": 0.0913,
        "precision_at_100": 0.01934,
        "precision_at_1000": 0.00193,
        "mrr_at_1": 0.849662,
        "mrr_at_3": 0.873311,
        "mrr_at_5": 0.877449,
        "mrr_at_10": 0.881099,
        "mrr_at_20": 0.884016,
        "mrr_at_100": 0.884335,
        "mrr_at_1000": 0.884335,
        "nauc_ndcg_at_1_max": 0.379423,
        "nauc_ndcg_at_1_std": -0.103318,
        "nauc_ndcg_at_1_diff1": 0.445227,
        "nauc_ndcg_at_3_max": 0.496079,
        "nauc_ndcg_at_3_std": 0.067689,
        "nauc_ndcg_at_3_diff1": 0.316494,
        "nauc_ndcg_at_5_max": 0.533285,
        "nauc_ndcg_at_5_std": 0.157521,
        "nauc_ndcg_at_5_diff1": 0.285932,
        "nauc_ndcg_at_10_max": 0.549313,
        "nauc_ndcg_at_10_std": 0.17985,
        "nauc_ndcg_at_10_diff1": 0.289436,
        "nauc_ndcg_at_20_max": 0.512161,
        "nauc_ndcg_at_20_std": 0.119569,
        "nauc_ndcg_at_20_diff1": 0.314191,
        "nauc_ndcg_at_100_max": 0.480678,
        "nauc_ndcg_at_100_std": 0.071472,
        "nauc_ndcg_at_100_diff1": 0.332353,
        "nauc_ndcg_at_1000_max": 0.480678,
        "nauc_ndcg_at_1000_std": 0.071472,
        "nauc_ndcg_at_1000_diff1": 0.332353,
        "nauc_map_at_1_max": 0.199645,
        "nauc_map_at_1_std": -0.24418,
        "nauc_map_at_1_diff1": 0.583583,
        "nauc_map_at_3_max": 0.463435,
        "nauc_map_at_3_std": -0.002087,
        "nauc_map_at_3_diff1": 0.33269,
        "nauc_map_at_5_max": 0.484618,
        "nauc_map_at_5_std": 0.066998,
        "nauc_map_at_5_diff1": 0.310697,
        "nauc_map_at_10_max": 0.491674,
        "nauc_map_at_10_std": 0.079212,
        "nauc_map_at_10_diff1": 0.3155,
        "nauc_map_at_20_max": 0.48074,
        "nauc_map_at_20_std": 0.06167,
        "nauc_map_at_20_diff1": 0.323072,
        "nauc_map_at_100_max": 0.473731,
        "nauc_map_at_100_std": 0.050375,
        "nauc_map_at_100_diff1": 0.327465,
        "nauc_map_at_1000_max": 0.473731,
        "nauc_map_at_1000_std": 0.050375,
        "nauc_map_at_1000_diff1": 0.327465,
        "nauc_recall_at_1_max": 0.199645,
        "nauc_recall_at_1_std": -0.24418,
        "nauc_recall_at_1_diff1": 0.583583,
        "nauc_recall_at_3_max": 0.566997,
        "nauc_recall_at_3_std": 0.191813,
        "nauc_recall_at_3_diff1": 0.21505,
        "nauc_recall_at_5_max": 0.68713,
        "nauc_recall_at_5_std": 0.452718,
        "nauc_recall_at_5_diff1": 0.125553,
        "nauc_recall_at_10_max": 0.8517,
        "nauc_recall_at_10_std": 0.681474,
        "nauc_recall_at_10_diff1": 0.074394,
        "nauc_recall_at_20_max": 0.854864,
        "nauc_recall_at_20_std": 0.672157,
        "nauc_recall_at_20_diff1": 0.09069,
        "nauc_recall_at_100_max": NaN,
        "nauc_recall_at_100_std": NaN,
        "nauc_recall_at_100_diff1": NaN,
        "nauc_recall_at_1000_max": NaN,
        "nauc_recall_at_1000_std": NaN,
        "nauc_recall_at_1000_diff1": NaN,
        "nauc_precision_at_1_max": 0.379423,
        "nauc_precision_at_1_std": -0.103318,
        "nauc_precision_at_1_diff1": 0.445227,
        "nauc_precision_at_3_max": 0.255296,
        "nauc_precision_at_3_std": 0.306315,
        "nauc_precision_at_3_diff1": -0.25119,
        "nauc_precision_at_5_max": 0.193959,
        "nauc_precision_at_5_std": 0.375686,
        "nauc_precision_at_5_diff1": -0.312434,
        "nauc_precision_at_10_max": 0.123711,
        "nauc_precision_at_10_std": 0.369309,
        "nauc_precision_at_10_diff1": -0.340337,
        "nauc_precision_at_20_max": -0.019288,
        "nauc_precision_at_20_std": 0.257158,
        "nauc_precision_at_20_diff1": -0.359844,
        "nauc_precision_at_100_max": -0.154187,
        "nauc_precision_at_100_std": 0.139844,
        "nauc_precision_at_100_diff1": -0.365445,
        "nauc_precision_at_1000_max": -0.154187,
        "nauc_precision_at_1000_std": 0.139844,
        "nauc_precision_at_1000_diff1": -0.365445,
        "nauc_mrr_at_1_max": 0.772244,
        "nauc_mrr_at_1_std": 0.511594,
        "nauc_mrr_at_1_diff1": 0.109183,
        "nauc_mrr_at_3_max": 0.767687,
        "nauc_mrr_at_3_std": 0.554756,
        "nauc_mrr_at_3_diff1": 0.121302,
        "nauc_mrr_at_5_max": 0.77365,
        "nauc_mrr_at_5_std": 0.560028,
        "nauc_mrr_at_5_diff1": 0.117012,
        "nauc_mrr_at_10_max": 0.780425,
        "nauc_mrr_at_10_std": 0.562794,
        "nauc_mrr_at_10_diff1": 0.113991,
        "nauc_mrr_at_20_max": 0.775955,
        "nauc_mrr_at_20_std": 0.554937,
        "nauc_mrr_at_20_diff1": 0.115872,
        "nauc_mrr_at_100_max": 0.775809,
        "nauc_mrr_at_100_std": 0.555966,
        "nauc_mrr_at_100_diff1": 0.1155,
        "nauc_mrr_at_1000_max": 0.775809,
        "nauc_mrr_at_1000_std": 0.555966,
        "nauc_mrr_at_1000_diff1": 0.1155,
        "main_score": 0.82856,
        "hf_subset": "default",
        "languages": [
          "kor-Hang"
        ]
      }
    ]
  },
  "evaluation_time": 106.82170581817627,
  "kg_co2_emissions": null
}