{
  "dataset_revision": "main",
  "task_name": "MIRACLRetrieval",
  "mteb_version": "1.38.57",
  "scores": {
    "dev": [
      {
        "ndcg_at_1": 0.61502,
        "ndcg_at_3": 0.71944,
        "ndcg_at_5": 0.75856,
        "ndcg_at_10": 0.80146,
        "ndcg_at_20": 0.81759,
        "ndcg_at_100": 0.81891,
        "ndcg_at_1000": 0.81891,
        "map_at_1": 0.38849,
        "map_at_3": 0.59231,
        "map_at_5": 0.66809,
        "map_at_10": 0.72025,
        "map_at_20": 0.73414,
        "map_at_100": 0.73474,
        "map_at_1000": 0.73474,
        "recall_at_1": 0.38849,
        "recall_at_3": 0.70885,
        "recall_at_5": 0.84582,
        "recall_at_10": 0.95814,
        "recall_at_20": 0.99593,
        "recall_at_100": 1.0,
        "recall_at_1000": 1.0,
        "precision_at_1": 0.61502,
        "precision_at_3": 0.46635,
        "precision_at_5": 0.36808,
        "precision_at_10": 0.2338,
        "precision_at_20": 0.12746,
        "precision_at_100": 0.02568,
        "precision_at_1000": 0.00257,
        "mrr_at_1": 0.924883,
        "mrr_at_3": 0.943662,
        "mrr_at_5": 0.947887,
        "mrr_at_10": 0.950123,
        "mrr_at_20": 0.950123,
        "mrr_at_100": 0.950123,
        "mrr_at_1000": 0.950123,
        "nauc_ndcg_at_1_max": -0.059045,
        "nauc_ndcg_at_1_std": -0.272468,
        "nauc_ndcg_at_1_diff1": 0.419601,
        "nauc_ndcg_at_3_max": -0.004453,
        "nauc_ndcg_at_3_std": -0.511474,
        "nauc_ndcg_at_3_diff1": 0.503192,
        "nauc_ndcg_at_5_max": -0.023969,
        "nauc_ndcg_at_5_std": -0.524813,
        "nauc_ndcg_at_5_diff1": 0.494932,
        "nauc_ndcg_at_10_max": 0.015223,
        "nauc_ndcg_at_10_std": -0.413584,
        "nauc_ndcg_at_10_diff1": 0.483726,
        "nauc_ndcg_at_20_max": 0.000218,
        "nauc_ndcg_at_20_std": -0.3469,
        "nauc_ndcg_at_20_diff1": 0.451062,
        "nauc_ndcg_at_100_max": -0.002473,
        "nauc_ndcg_at_100_std": -0.348724,
        "nauc_ndcg_at_100_diff1": 0.447377,
        "nauc_ndcg_at_1000_max": -0.002473,
        "nauc_ndcg_at_1000_std": -0.348724,
        "nauc_ndcg_at_1000_diff1": 0.447377,
        "nauc_map_at_1_max": -0.018856,
        "nauc_map_at_1_std": -0.557637,
        "nauc_map_at_1_diff1": 0.683484,
        "nauc_map_at_3_max": 0.012924,
        "nauc_map_at_3_std": -0.702593,
        "nauc_map_at_3_diff1": 0.623725,
        "nauc_map_at_5_max": -0.009407,
        "nauc_map_at_5_std": -0.656863,
        "nauc_map_at_5_diff1": 0.546401,
        "nauc_map_at_10_max": 0.002714,
        "nauc_map_at_10_std": -0.481509,
        "nauc_map_at_10_diff1": 0.501097,
        "nauc_map_at_20_max": -0.000609,
        "nauc_map_at_20_std": -0.41886,
        "nauc_map_at_20_diff1": 0.483169,
        "nauc_map_at_100_max": -0.001134,
        "nauc_map_at_100_std": -0.419869,
        "nauc_map_at_100_diff1": 0.482452,
        "nauc_map_at_1000_max": -0.001134,
        "nauc_map_at_1000_std": -0.419869,
        "nauc_map_at_1000_diff1": 0.482452,
        "nauc_recall_at_1_max": -0.018856,
        "nauc_recall_at_1_std": -0.557637,
        "nauc_recall_at_1_diff1": 0.683484,
        "nauc_recall_at_3_max": 0.045608,
        "nauc_recall_at_3_std": -0.87261,
        "nauc_recall_at_3_diff1": 0.632993,
        "nauc_recall_at_5_max": -0.01332,
        "nauc_recall_at_5_std": -0.930432,
        "nauc_recall_at_5_diff1": 0.535945,
        "nauc_recall_at_10_max": 0.206373,
        "nauc_recall_at_10_std": -0.697305,
        "nauc_recall_at_10_diff1": 0.647504,
        "nauc_recall_at_20_max": 0.347868,
        "nauc_recall_at_20_std": -0.051268,
        "nauc_recall_at_20_diff1": 0.747633,
        "nauc_recall_at_100_max": NaN,
        "nauc_recall_at_100_std": NaN,
        "nauc_recall_at_100_diff1": NaN,
        "nauc_recall_at_1000_max": NaN,
        "nauc_recall_at_1000_std": NaN,
        "nauc_recall_at_1000_diff1": NaN,
        "nauc_precision_at_1_max": -0.059045,
        "nauc_precision_at_1_std": -0.272468,
        "nauc_precision_at_1_diff1": 0.419601,
        "nauc_precision_at_3_max": 0.021189,
        "nauc_precision_at_3_std": 0.190636,
        "nauc_precision_at_3_diff1": -0.279464,
        "nauc_precision_at_5_max": -0.008921,
        "nauc_precision_at_5_std": 0.408018,
        "nauc_precision_at_5_diff1": -0.435333,
        "nauc_precision_at_10_max": -0.005729,
        "nauc_precision_at_10_std": 0.674593,
        "nauc_precision_at_10_diff1": -0.472694,
        "nauc_precision_at_20_max": -0.016182,
        "nauc_precision_at_20_std": 0.715937,
        "nauc_precision_at_20_diff1": -0.479082,
        "nauc_precision_at_100_max": -0.019179,
        "nauc_precision_at_100_std": 0.708546,
        "nauc_precision_at_100_diff1": -0.481395,
        "nauc_precision_at_1000_max": -0.019179,
        "nauc_precision_at_1000_std": 0.708546,
        "nauc_precision_at_1000_diff1": -0.481395,
        "nauc_mrr_at_1_max": 0.403333,
        "nauc_mrr_at_1_std": 0.355536,
        "nauc_mrr_at_1_diff1": -0.301821,
        "nauc_mrr_at_3_max": 0.345706,
        "nauc_mrr_at_3_std": 0.255819,
        "nauc_mrr_at_3_diff1": -0.177394,
        "nauc_mrr_at_5_max": 0.352948,
        "nauc_mrr_at_5_std": 0.278464,
        "nauc_mrr_at_5_diff1": -0.213704,
        "nauc_mrr_at_10_max": 0.359646,
        "nauc_mrr_at_10_std": 0.29352,
        "nauc_mrr_at_10_diff1": -0.225516,
        "nauc_mrr_at_20_max": 0.359646,
        "nauc_mrr_at_20_std": 0.29352,
        "nauc_mrr_at_20_diff1": -0.225516,
        "nauc_mrr_at_100_max": 0.359646,
        "nauc_mrr_at_100_std": 0.29352,
        "nauc_mrr_at_100_diff1": -0.225516,
        "nauc_mrr_at_1000_max": 0.359646,
        "nauc_mrr_at_1000_std": 0.29352,
        "nauc_mrr_at_1000_diff1": -0.225516,
        "main_score": 0.80146,
        "hf_subset": "ko",
        "languages": [
          "kor-Kore"
        ]
      }
    ]
  },
  "evaluation_time": 36.226945877075195,
  "kg_co2_emissions": null
}