{
  "dataset_revision": "fc24a3ce8f09746410daee3d5cd823ff7a0675b7",
  "task_name": "MrTidyRetrieval",
  "mteb_version": "1.38.57",
  "scores": {
    "test": [
      {
        "ndcg_at_1": 0.44181,
        "ndcg_at_3": 0.60358,
        "ndcg_at_5": 0.6508,
        "ndcg_at_10": 0.69018,
        "ndcg_at_20": 0.70038,
        "ndcg_at_100": 0.70516,
        "ndcg_at_1000": 0.70516,
        "map_at_1": 0.40182,
        "map_at_3": 0.55879,
        "map_at_5": 0.58771,
        "map_at_10": 0.60546,
        "map_at_20": 0.6088,
        "map_at_100": 0.60965,
        "map_at_1000": 0.60965,
        "recall_at_1": 0.40182,
        "recall_at_3": 0.71536,
        "recall_at_5": 0.82462,
        "recall_at_10": 0.94022,
        "recall_at_20": 0.97664,
        "recall_at_100": 1.0,
        "recall_at_1000": 1.0,
        "precision_at_1": 0.44181,
        "precision_at_3": 0.27316,
        "precision_at_5": 0.1905,
        "precision_at_10": 0.10926,
        "precision_at_20": 0.05701,
        "precision_at_100": 0.01169,
        "precision_at_1000": 0.00117,
        "mrr_at_1": 0.805226,
        "mrr_at_3": 0.830562,
        "mrr_at_5": 0.840063,
        "mrr_at_10": 0.846463,
        "mrr_at_20": 0.848565,
        "mrr_at_100": 0.849134,
        "mrr_at_1000": 0.849134,
        "nauc_ndcg_at_1_max": 0.012138,
        "nauc_ndcg_at_1_std": -0.495781,
        "nauc_ndcg_at_1_diff1": 0.595196,
        "nauc_ndcg_at_3_max": -0.007945,
        "nauc_ndcg_at_3_std": -0.61371,
        "nauc_ndcg_at_3_diff1": 0.500113,
        "nauc_ndcg_at_5_max": -0.002526,
        "nauc_ndcg_at_5_std": -0.594325,
        "nauc_ndcg_at_5_diff1": 0.492399,
        "nauc_ndcg_at_10_max": 0.018862,
        "nauc_ndcg_at_10_std": -0.536725,
        "nauc_ndcg_at_10_diff1": 0.504379,
        "nauc_ndcg_at_20_max": 0.009158,
        "nauc_ndcg_at_20_std": -0.534508,
        "nauc_ndcg_at_20_diff1": 0.510145,
        "nauc_ndcg_at_100_max": 0.008411,
        "nauc_ndcg_at_100_std": -0.545345,
        "nauc_ndcg_at_100_diff1": 0.518769,
        "nauc_ndcg_at_1000_max": 0.008411,
        "nauc_ndcg_at_1000_std": -0.545345,
        "nauc_ndcg_at_1000_diff1": 0.518769,
        "nauc_map_at_1_max": 0.009387,
        "nauc_map_at_1_std": -0.481581,
        "nauc_map_at_1_diff1": 0.622158,
        "nauc_map_at_3_max": -0.00618,
        "nauc_map_at_3_std": -0.589693,
        "nauc_map_at_3_diff1": 0.522439,
        "nauc_map_at_5_max": 0.000872,
        "nauc_map_at_5_std": -0.573228,
        "nauc_map_at_5_diff1": 0.518822,
        "nauc_map_at_10_max": 0.009346,
        "nauc_map_at_10_std": -0.548963,
        "nauc_map_at_10_diff1": 0.52405,
        "nauc_map_at_20_max": 0.007471,
        "nauc_map_at_20_std": -0.548275,
        "nauc_map_at_20_diff1": 0.525777,
        "nauc_map_at_100_max": 0.007193,
        "nauc_map_at_100_std": -0.549623,
        "nauc_map_at_100_diff1": 0.526905,
        "nauc_map_at_1000_max": 0.007193,
        "nauc_map_at_1000_std": -0.549623,
        "nauc_map_at_1000_diff1": 0.526905,
        "nauc_recall_at_1_max": 0.009387,
        "nauc_recall_at_1_std": -0.481581,
        "nauc_recall_at_1_diff1": 0.622158,
        "nauc_recall_at_3_max": -0.027306,
        "nauc_recall_at_3_std": -0.712594,
        "nauc_recall_at_3_diff1": 0.414556,
        "nauc_recall_at_5_max": -0.025841,
        "nauc_recall_at_5_std": -0.713057,
        "nauc_recall_at_5_diff1": 0.353819,
        "nauc_recall_at_10_max": 0.153218,
        "nauc_recall_at_10_std": -0.353803,
        "nauc_recall_at_10_diff1": 0.261634,
        "nauc_recall_at_20_max": 0.027711,
        "nauc_recall_at_20_std": -0.016743,
        "nauc_recall_at_20_diff1": 0.097916,
        "nauc_recall_at_100_max": NaN,
        "nauc_recall_at_100_std": NaN,
        "nauc_recall_at_100_diff1": NaN,
        "nauc_recall_at_1000_max": NaN,
        "nauc_recall_at_1000_std": NaN,
        "nauc_recall_at_1000_diff1": NaN,
        "nauc_precision_at_1_max": 0.012138,
        "nauc_precision_at_1_std": -0.495781,
        "nauc_precision_at_1_diff1": 0.595196,
        "nauc_precision_at_3_max": 0.005279,
        "nauc_precision_at_3_std": -0.462178,
        "nauc_precision_at_3_diff1": 0.188828,
        "nauc_precision_at_5_max": 0.026021,
        "nauc_precision_at_5_std": -0.280359,
        "nauc_precision_at_5_diff1": 0.045525,
        "nauc_precision_at_10_max": 0.118913,
        "nauc_precision_at_10_std": 0.103496,
        "nauc_precision_at_10_diff1": -0.132595,
        "nauc_precision_at_20_max": 0.093283,
        "nauc_precision_at_20_std": 0.215822,
        "nauc_precision_at_20_diff1": -0.21551,
        "nauc_precision_at_100_max": 0.080213,
        "nauc_precision_at_100_std": 0.224974,
        "nauc_precision_at_100_diff1": -0.237582,
        "nauc_precision_at_1000_max": 0.080213,
        "nauc_precision_at_1000_std": 0.224974,
        "nauc_precision_at_1000_diff1": -0.237582,
        "nauc_mrr_at_1_max": 0.147715,
        "nauc_mrr_at_1_std": 0.059576,
        "nauc_mrr_at_1_diff1": -0.065231,
        "nauc_mrr_at_3_max": 0.143721,
        "nauc_mrr_at_3_std": -0.024373,
        "nauc_mrr_at_3_diff1": 0.013959,
        "nauc_mrr_at_5_max": 0.149009,
        "nauc_mrr_at_5_std": -0.02397,
        "nauc_mrr_at_5_diff1": 0.010529,
        "nauc_mrr_at_10_max": 0.144282,
        "nauc_mrr_at_10_std": -0.015304,
        "nauc_mrr_at_10_diff1": 0.004609,
        "nauc_mrr_at_20_max": 0.140917,
        "nauc_mrr_at_20_std": -0.010027,
        "nauc_mrr_at_20_diff1": 0.00056,
        "nauc_mrr_at_100_max": 0.14225,
        "nauc_mrr_at_100_std": -0.009795,
        "nauc_mrr_at_100_diff1": 0.000479,
        "nauc_mrr_at_1000_max": 0.14225,
        "nauc_mrr_at_1000_std": -0.009795,
        "nauc_mrr_at_1000_diff1": 0.000479,
        "main_score": 0.69018,
        "hf_subset": "korean",
        "languages": [
          "kor-Kore"
        ]
      }
    ]
  },
  "evaluation_time": 70.77183723449707,
  "kg_co2_emissions": null
}