{
  "dataset_revision": "d67138e705d963e346253a80e59676ddb418810a",
  "task_name": "MultiLongDocRetrieval",
  "mteb_version": "1.38.57",
  "scores": {
    "test": [
      {
        "ndcg_at_1": 0.6,
        "ndcg_at_3": 0.6647,
        "ndcg_at_5": 0.6847,
        "ndcg_at_10": 0.70778,
        "ndcg_at_20": 0.72445,
        "ndcg_at_100": 0.74417,
        "ndcg_at_1000": 0.74417,
        "map_at_1": 0.6,
        "map_at_3": 0.6475,
        "map_at_5": 0.65825,
        "map_at_10": 0.66803,
        "map_at_20": 0.67273,
        "map_at_100": 0.67583,
        "map_at_1000": 0.67583,
        "recall_at_1": 0.6,
        "recall_at_3": 0.715,
        "recall_at_5": 0.765,
        "recall_at_10": 0.835,
        "recall_at_20": 0.9,
        "recall_at_100": 1.0,
        "recall_at_1000": 1.0,
        "precision_at_1": 0.6,
        "precision_at_3": 0.23833,
        "precision_at_5": 0.153,
        "precision_at_10": 0.0835,
        "precision_at_20": 0.045,
        "precision_at_100": 0.01,
        "precision_at_1000": 0.001,
        "mrr_at_1": 0.6,
        "mrr_at_3": 0.6475,
        "mrr_at_5": 0.65825,
        "mrr_at_10": 0.668532,
        "mrr_at_20": 0.672773,
        "mrr_at_100": 0.675883,
        "mrr_at_1000": 0.675883,
        "nauc_ndcg_at_1_max": 0.509721,
        "nauc_ndcg_at_1_std": 0.127486,
        "nauc_ndcg_at_1_diff1": 0.697915,
        "nauc_ndcg_at_3_max": 0.51374,
        "nauc_ndcg_at_3_std": 0.140002,
        "nauc_ndcg_at_3_diff1": 0.662115,
        "nauc_ndcg_at_5_max": 0.515243,
        "nauc_ndcg_at_5_std": 0.177611,
        "nauc_ndcg_at_5_diff1": 0.640719,
        "nauc_ndcg_at_10_max": 0.520512,
        "nauc_ndcg_at_10_std": 0.173093,
        "nauc_ndcg_at_10_diff1": 0.644535,
        "nauc_ndcg_at_20_max": 0.522249,
        "nauc_ndcg_at_20_std": 0.174563,
        "nauc_ndcg_at_20_diff1": 0.649493,
        "nauc_ndcg_at_100_max": 0.514625,
        "nauc_ndcg_at_100_std": 0.154621,
        "nauc_ndcg_at_100_diff1": 0.659751,
        "nauc_ndcg_at_1000_max": 0.514625,
        "nauc_ndcg_at_1000_std": 0.154621,
        "nauc_ndcg_at_1000_diff1": 0.659751,
        "nauc_map_at_1_max": 0.509721,
        "nauc_map_at_1_std": 0.127486,
        "nauc_map_at_1_diff1": 0.697915,
        "nauc_map_at_3_max": 0.510213,
        "nauc_map_at_3_std": 0.132385,
        "nauc_map_at_3_diff1": 0.671754,
        "nauc_map_at_5_max": 0.510686,
        "nauc_map_at_5_std": 0.150793,
        "nauc_map_at_5_diff1": 0.661409,
        "nauc_map_at_10_max": 0.5127,
        "nauc_map_at_10_std": 0.148875,
        "nauc_map_at_10_diff1": 0.663031,
        "nauc_map_at_20_max": 0.51292,
        "nauc_map_at_20_std": 0.148581,
        "nauc_map_at_20_diff1": 0.664409,
        "nauc_map_at_100_max": 0.51198,
        "nauc_map_at_100_std": 0.146093,
        "nauc_map_at_100_diff1": 0.665902,
        "nauc_map_at_1000_max": 0.51198,
        "nauc_map_at_1000_std": 0.146093,
        "nauc_map_at_1000_diff1": 0.665902,
        "nauc_recall_at_1_max": 0.509721,
        "nauc_recall_at_1_std": 0.127486,
        "nauc_recall_at_1_diff1": 0.697915,
        "nauc_recall_at_3_max": 0.526702,
        "nauc_recall_at_3_std": 0.167505,
        "nauc_recall_at_3_diff1": 0.629833,
        "nauc_recall_at_5_max": 0.53459,
        "nauc_recall_at_5_std": 0.290862,
        "nauc_recall_at_5_diff1": 0.556931,
        "nauc_recall_at_10_max": 0.565373,
        "nauc_recall_at_10_std": 0.304731,
        "nauc_recall_at_10_diff1": 0.548937,
        "nauc_recall_at_20_max": 0.607937,
        "nauc_recall_at_20_std": 0.397993,
        "nauc_recall_at_20_diff1": 0.541293,
        "nauc_recall_at_100_max": NaN,
        "nauc_recall_at_100_std": NaN,
        "nauc_recall_at_100_diff1": NaN,
        "nauc_recall_at_1000_max": NaN,
        "nauc_recall_at_1000_std": NaN,
        "nauc_recall_at_1000_diff1": NaN,
        "nauc_precision_at_1_max": 0.509721,
        "nauc_precision_at_1_std": 0.127486,
        "nauc_precision_at_1_diff1": 0.697915,
        "nauc_precision_at_3_max": 0.526702,
        "nauc_precision_at_3_std": 0.167505,
        "nauc_precision_at_3_diff1": 0.629833,
        "nauc_precision_at_5_max": 0.53459,
        "nauc_precision_at_5_std": 0.290862,
        "nauc_precision_at_5_diff1": 0.556931,
        "nauc_precision_at_10_max": 0.565373,
        "nauc_precision_at_10_std": 0.304731,
        "nauc_precision_at_10_diff1": 0.548937,
        "nauc_precision_at_20_max": 0.607937,
        "nauc_precision_at_20_std": 0.397993,
        "nauc_precision_at_20_diff1": 0.541293,
        "nauc_precision_at_100_max": 1.0,
        "nauc_precision_at_100_std": 1.0,
        "nauc_precision_at_100_diff1": 1.0,
        "nauc_precision_at_1000_max": 1.0,
        "nauc_precision_at_1000_std": 1.0,
        "nauc_precision_at_1000_diff1": 1.0,
        "nauc_mrr_at_1_max": 0.509721,
        "nauc_mrr_at_1_std": 0.127486,
        "nauc_mrr_at_1_diff1": 0.697915,
        "nauc_mrr_at_3_max": 0.510213,
        "nauc_mrr_at_3_std": 0.132385,
        "nauc_mrr_at_3_diff1": 0.671754,
        "nauc_mrr_at_5_max": 0.510686,
        "nauc_mrr_at_5_std": 0.150793,
        "nauc_mrr_at_5_diff1": 0.661409,
        "nauc_mrr_at_10_max": 0.513836,
        "nauc_mrr_at_10_std": 0.149429,
        "nauc_mrr_at_10_diff1": 0.663072,
        "nauc_mrr_at_20_max": 0.513025,
        "nauc_mrr_at_20_std": 0.148632,
        "nauc_mrr_at_20_diff1": 0.664413,
        "nauc_mrr_at_100_max": 0.512065,
        "nauc_mrr_at_100_std": 0.14611,
        "nauc_mrr_at_100_diff1": 0.665911,
        "nauc_mrr_at_1000_max": 0.512065,
        "nauc_mrr_at_1000_std": 0.14611,
        "nauc_mrr_at_1000_diff1": 0.665911,
        "main_score": 0.70778,
        "hf_subset": "ko",
        "languages": [
          "kor-Hang"
        ]
      }
    ]
  },
  "evaluation_time": 1596.9352622032166,
  "kg_co2_emissions": null
}