{
  "dataset_revision": "main",
  "task_name": "PublicHealthQA",
  "mteb_version": "1.38.57",
  "scores": {
    "test": [
      {
        "ndcg_at_1": 0.42857,
        "ndcg_at_3": 0.52829,
        "ndcg_at_5": 0.53891,
        "ndcg_at_10": 0.543,
        "ndcg_at_20": 0.55014,
        "ndcg_at_100": 0.55014,
        "ndcg_at_1000": 0.55014,
        "map_at_1": 0.42857,
        "map_at_3": 0.50433,
        "map_at_5": 0.51017,
        "map_at_10": 0.5118,
        "map_at_20": 0.51406,
        "map_at_100": 0.51406,
        "map_at_1000": 0.51406,
        "recall_at_1": 0.42857,
        "recall_at_3": 0.5974,
        "recall_at_5": 0.62338,
        "recall_at_10": 0.63636,
        "recall_at_20": 0.66234,
        "recall_at_100": 0.66234,
        "recall_at_1000": 0.66234,
        "precision_at_1": 0.42857,
        "precision_at_3": 0.19913,
        "precision_at_5": 0.12468,
        "precision_at_10": 0.06364,
        "precision_at_20": 0.03312,
        "precision_at_100": 0.00662,
        "precision_at_1000": 0.00066,
        "mrr_at_1": 0.441558,
        "mrr_at_3": 0.508658,
        "mrr_at_5": 0.514502,
        "mrr_at_10": 0.516126,
        "mrr_at_20": 0.518388,
        "mrr_at_100": 0.518388,
        "mrr_at_1000": 0.518388,
        "nauc_ndcg_at_1_max": 0.232044,
        "nauc_ndcg_at_1_std": -0.11497,
        "nauc_ndcg_at_1_diff1": 0.545484,
        "nauc_ndcg_at_3_max": 0.430892,
        "nauc_ndcg_at_3_std": 0.094912,
        "nauc_ndcg_at_3_diff1": 0.391444,
        "nauc_ndcg_at_5_max": 0.412735,
        "nauc_ndcg_at_5_std": 0.079868,
        "nauc_ndcg_at_5_diff1": 0.383525,
        "nauc_ndcg_at_10_max": 0.408634,
        "nauc_ndcg_at_10_std": 0.08748,
        "nauc_ndcg_at_10_diff1": 0.384622,
        "nauc_ndcg_at_20_max": 0.42234,
        "nauc_ndcg_at_20_std": 0.120764,
        "nauc_ndcg_at_20_diff1": 0.373622,
        "nauc_ndcg_at_100_max": 0.42234,
        "nauc_ndcg_at_100_std": 0.120764,
        "nauc_ndcg_at_100_diff1": 0.373622,
        "nauc_ndcg_at_1000_max": 0.42234,
        "nauc_ndcg_at_1000_std": 0.120764,
        "nauc_ndcg_at_1000_diff1": 0.373622,
        "nauc_map_at_1_max": 0.232044,
        "nauc_map_at_1_std": -0.11497,
        "nauc_map_at_1_diff1": 0.545484,
        "nauc_map_at_3_max": 0.383999,
        "nauc_map_at_3_std": 0.04127,
        "nauc_map_at_3_diff1": 0.425964,
        "nauc_map_at_5_max": 0.373743,
        "nauc_map_at_5_std": 0.032319,
        "nauc_map_at_5_diff1": 0.421954,
        "nauc_map_at_10_max": 0.372063,
        "nauc_map_at_10_std": 0.035116,
        "nauc_map_at_10_diff1": 0.422479,
        "nauc_map_at_20_max": 0.375964,
        "nauc_map_at_20_std": 0.045124,
        "nauc_map_at_20_diff1": 0.419295,
        "nauc_map_at_100_max": 0.375964,
        "nauc_map_at_100_std": 0.045124,
        "nauc_map_at_100_diff1": 0.419295,
        "nauc_map_at_1000_max": 0.375964,
        "nauc_map_at_1000_std": 0.045124,
        "nauc_map_at_1000_diff1": 0.419295,
        "nauc_recall_at_1_max": 0.232044,
        "nauc_recall_at_1_std": -0.11497,
        "nauc_recall_at_1_diff1": 0.545484,
        "nauc_recall_at_3_max": 0.575014,
        "nauc_recall_at_3_std": 0.261764,
        "nauc_recall_at_3_diff1": 0.286213,
        "nauc_recall_at_5_max": 0.53391,
        "nauc_recall_at_5_std": 0.231413,
        "nauc_recall_at_5_diff1": 0.26055,
        "nauc_recall_at_10_max": 0.522486,
        "nauc_recall_at_10_std": 0.261844,
        "nauc_recall_at_10_diff1": 0.261386,
        "nauc_recall_at_20_max": 0.586884,
        "nauc_recall_at_20_std": 0.409824,
        "nauc_recall_at_20_diff1": 0.208729,
        "nauc_recall_at_100_max": 0.586884,
        "nauc_recall_at_100_std": 0.409824,
        "nauc_recall_at_100_diff1": 0.208729,
        "nauc_recall_at_1000_max": 0.586884,
        "nauc_recall_at_1000_std": 0.409824,
        "nauc_recall_at_1000_diff1": 0.208729,
        "nauc_precision_at_1_max": 0.232044,
        "nauc_precision_at_1_std": -0.11497,
        "nauc_precision_at_1_diff1": 0.545484,
        "nauc_precision_at_3_max": 0.575014,
        "nauc_precision_at_3_std": 0.261764,
        "nauc_precision_at_3_diff1": 0.286213,
        "nauc_precision_at_5_max": 0.53391,
        "nauc_precision_at_5_std": 0.231413,
        "nauc_precision_at_5_diff1": 0.26055,
        "nauc_precision_at_10_max": 0.522486,
        "nauc_precision_at_10_std": 0.261844,
        "nauc_precision_at_10_diff1": 0.261386,
        "nauc_precision_at_20_max": 0.586884,
        "nauc_precision_at_20_std": 0.409824,
        "nauc_precision_at_20_diff1": 0.208729,
        "nauc_precision_at_100_max": 0.586884,
        "nauc_precision_at_100_std": 0.409824,
        "nauc_precision_at_100_diff1": 0.208729,
        "nauc_precision_at_1000_max": 0.586884,
        "nauc_precision_at_1000_std": 0.409824,
        "nauc_precision_at_1000_diff1": 0.208729,
        "nauc_mrr_at_1_max": 0.321194,
        "nauc_mrr_at_1_std": -0.088787,
        "nauc_mrr_at_1_diff1": 0.516317,
        "nauc_mrr_at_3_max": 0.431025,
        "nauc_mrr_at_3_std": 0.047861,
        "nauc_mrr_at_3_diff1": 0.415785,
        "nauc_mrr_at_5_max": 0.421221,
        "nauc_mrr_at_5_std": 0.038972,
        "nauc_mrr_at_5_diff1": 0.411677,
        "nauc_mrr_at_10_max": 0.419668,
        "nauc_mrr_at_10_std": 0.041787,
        "nauc_mrr_at_10_diff1": 0.412174,
        "nauc_mrr_at_20_max": 0.423748,
        "nauc_mrr_at_20_std": 0.051822,
        "nauc_mrr_at_20_diff1": 0.408951,
        "nauc_mrr_at_100_max": 0.423748,
        "nauc_mrr_at_100_std": 0.051822,
        "nauc_mrr_at_100_diff1": 0.408951,
        "nauc_mrr_at_1000_max": 0.423748,
        "nauc_mrr_at_1000_std": 0.051822,
        "nauc_mrr_at_1000_diff1": 0.408951,
        "main_score": 0.543,
        "hf_subset": "korean",
        "languages": [
          "kor-Hang"
        ]
      }
    ]
  },
  "evaluation_time": 14.851921796798706,
  "kg_co2_emissions": null
}