{
  "dataset_revision": "c99d599f0a6ab9b85b065da6f9d94f9cf731679f",
  "task_name": "XPQARetrieval",
  "mteb_version": "1.38.57",
  "scores": {
    "test": [
      {
        "ndcg_at_1": 0.34557,
        "ndcg_at_3": 0.41143,
        "ndcg_at_5": 0.44934,
        "ndcg_at_10": 0.49424,
        "ndcg_at_20": 0.5356,
        "ndcg_at_100": 0.57647,
        "ndcg_at_1000": 0.57647,
        "map_at_1": 0.25112,
        "map_at_3": 0.3739,
        "map_at_5": 0.40447,
        "map_at_10": 0.42746,
        "map_at_20": 0.44052,
        "map_at_100": 0.44878,
        "map_at_1000": 0.44878,
        "recall_at_1": 0.25112,
        "recall_at_3": 0.45464,
        "recall_at_5": 0.54376,
        "recall_at_10": 0.66593,
        "recall_at_20": 0.8146,
        "recall_at_100": 1.0,
        "recall_at_1000": 1.0,
        "precision_at_1": 0.34557,
        "precision_at_3": 0.23496,
        "precision_at_5": 0.1737,
        "precision_at_10": 0.10657,
        "precision_at_20": 0.06491,
        "precision_at_100": 0.01564,
        "precision_at_1000": 0.00156,
        "mrr_at_1": 0.408257,
        "mrr_at_3": 0.466106,
        "mrr_at_5": 0.480173,
        "mrr_at_10": 0.494411,
        "mrr_at_20": 0.503343,
        "mrr_at_100": 0.508616,
        "mrr_at_1000": 0.508616,
        "nauc_ndcg_at_1_max": 0.096882,
        "nauc_ndcg_at_1_std": -0.255799,
        "nauc_ndcg_at_1_diff1": 0.425377,
        "nauc_ndcg_at_3_max": 0.036552,
        "nauc_ndcg_at_3_std": -0.311003,
        "nauc_ndcg_at_3_diff1": 0.389551,
        "nauc_ndcg_at_5_max": 0.025862,
        "nauc_ndcg_at_5_std": -0.312902,
        "nauc_ndcg_at_5_diff1": 0.372933,
        "nauc_ndcg_at_10_max": 0.010364,
        "nauc_ndcg_at_10_std": -0.31897,
        "nauc_ndcg_at_10_diff1": 0.372128,
        "nauc_ndcg_at_20_max": 0.004329,
        "nauc_ndcg_at_20_std": -0.29383,
        "nauc_ndcg_at_20_diff1": 0.373708,
        "nauc_ndcg_at_100_max": 0.032078,
        "nauc_ndcg_at_100_std": -0.28919,
        "nauc_ndcg_at_100_diff1": 0.376665,
        "nauc_ndcg_at_1000_max": 0.032078,
        "nauc_ndcg_at_1000_std": -0.28919,
        "nauc_ndcg_at_1000_diff1": 0.376665,
        "nauc_map_at_1_max": 0.065402,
        "nauc_map_at_1_std": -0.284194,
        "nauc_map_at_1_diff1": 0.506908,
        "nauc_map_at_3_max": 0.049126,
        "nauc_map_at_3_std": -0.303318,
        "nauc_map_at_3_diff1": 0.406349,
        "nauc_map_at_5_max": 0.036522,
        "nauc_map_at_5_std": -0.303183,
        "nauc_map_at_5_diff1": 0.391055,
        "nauc_map_at_10_max": 0.028763,
        "nauc_map_at_10_std": -0.30766,
        "nauc_map_at_10_diff1": 0.39071,
        "nauc_map_at_20_max": 0.026986,
        "nauc_map_at_20_std": -0.299591,
        "nauc_map_at_20_diff1": 0.390935,
        "nauc_map_at_100_max": 0.033007,
        "nauc_map_at_100_std": -0.296859,
        "nauc_map_at_100_diff1": 0.390242,
        "nauc_map_at_1000_max": 0.033007,
        "nauc_map_at_1000_std": -0.296859,
        "nauc_map_at_1000_diff1": 0.390242,
        "nauc_recall_at_1_max": 0.065402,
        "nauc_recall_at_1_std": -0.284194,
        "nauc_recall_at_1_diff1": 0.506908,
        "nauc_recall_at_3_max": 0.010174,
        "nauc_recall_at_3_std": -0.33541,
        "nauc_recall_at_3_diff1": 0.358804,
        "nauc_recall_at_5_max": -0.009152,
        "nauc_recall_at_5_std": -0.337887,
        "nauc_recall_at_5_diff1": 0.318528,
        "nauc_recall_at_10_max": -0.062731,
        "nauc_recall_at_10_std": -0.369028,
        "nauc_recall_at_10_diff1": 0.313917,
        "nauc_recall_at_20_max": -0.149678,
        "nauc_recall_at_20_std": -0.273985,
        "nauc_recall_at_20_diff1": 0.309547,
        "nauc_recall_at_100_max": NaN,
        "nauc_recall_at_100_std": NaN,
        "nauc_recall_at_100_diff1": NaN,
        "nauc_recall_at_1000_max": NaN,
        "nauc_recall_at_1000_std": NaN,
        "nauc_recall_at_1000_diff1": NaN,
        "nauc_precision_at_1_max": 0.096882,
        "nauc_precision_at_1_std": -0.255799,
        "nauc_precision_at_1_diff1": 0.425377,
        "nauc_precision_at_3_max": 0.028906,
        "nauc_precision_at_3_std": -0.200206,
        "nauc_precision_at_3_diff1": 0.153054,
        "nauc_precision_at_5_max": -0.010622,
        "nauc_precision_at_5_std": -0.163456,
        "nauc_precision_at_5_diff1": 0.080426,
        "nauc_precision_at_10_max": -0.042318,
        "nauc_precision_at_10_std": -0.127728,
        "nauc_precision_at_10_diff1": 0.032745,
        "nauc_precision_at_20_max": -0.051941,
        "nauc_precision_at_20_std": 0.005408,
        "nauc_precision_at_20_diff1": -0.05321,
        "nauc_precision_at_100_max": 0.032379,
        "nauc_precision_at_100_std": 0.134044,
        "nauc_precision_at_100_diff1": -0.195916,
        "nauc_precision_at_1000_max": 0.032379,
        "nauc_precision_at_1000_std": 0.134044,
        "nauc_precision_at_1000_diff1": -0.195916,
        "nauc_mrr_at_1_max": 0.241113,
        "nauc_mrr_at_1_std": -0.062151,
        "nauc_mrr_at_1_diff1": 0.268112,
        "nauc_mrr_at_3_max": 0.166845,
        "nauc_mrr_at_3_std": -0.136234,
        "nauc_mrr_at_3_diff1": 0.279734,
        "nauc_mrr_at_5_max": 0.164317,
        "nauc_mrr_at_5_std": -0.143166,
        "nauc_mrr_at_5_diff1": 0.276903,
        "nauc_mrr_at_10_max": 0.157977,
        "nauc_mrr_at_10_std": -0.144316,
        "nauc_mrr_at_10_diff1": 0.275217,
        "nauc_mrr_at_20_max": 0.160177,
        "nauc_mrr_at_20_std": -0.136926,
        "nauc_mrr_at_20_diff1": 0.27516,
        "nauc_mrr_at_100_max": 0.164874,
        "nauc_mrr_at_100_std": -0.135374,
        "nauc_mrr_at_100_diff1": 0.274979,
        "nauc_mrr_at_1000_max": 0.164874,
        "nauc_mrr_at_1000_std": -0.135374,
        "nauc_mrr_at_1000_diff1": 0.274979,
        "main_score": 0.49424,
        "hf_subset": "kor-kor",
        "languages": [
          "kor-Hang",
          "kor-Hang"
        ]
      },
      {
        "ndcg_at_1": 0.0581,
        "ndcg_at_3": 0.04393,
        "ndcg_at_5": 0.04615,
        "ndcg_at_10": 0.04687,
        "ndcg_at_20": 0.04765,
        "ndcg_at_100": 0.04765,
        "ndcg_at_1000": 0.04765,
        "map_at_1": 0.02994,
        "map_at_3": 0.03507,
        "map_at_5": 0.03708,
        "map_at_10": 0.03735,
        "map_at_20": 0.03758,
        "map_at_100": 0.03758,
        "map_at_1000": 0.03758,
        "recall_at_1": 0.02994,
        "recall_at_3": 0.03981,
        "recall_at_5": 0.04834,
        "recall_at_10": 0.05,
        "recall_at_20": 0.05306,
        "recall_at_100": 0.05306,
        "recall_at_1000": 0.05306,
        "precision_at_1": 0.0581,
        "precision_at_3": 0.02446,
        "precision_at_5": 0.01774,
        "precision_at_10": 0.00933,
        "precision_at_20": 0.00482,
        "precision_at_100": 0.00096,
        "precision_at_1000": 0.0001,
        "mrr_at_1": 0.058104,
        "mrr_at_3": 0.06371,
        "mrr_at_5": 0.066616,
        "mrr_at_10": 0.06696,
        "mrr_at_20": 0.067183,
        "mrr_at_100": 0.067183,
        "mrr_at_1000": 0.067183,
        "nauc_ndcg_at_1_max": 0.453134,
        "nauc_ndcg_at_1_std": 0.348263,
        "nauc_ndcg_at_1_diff1": 0.621802,
        "nauc_ndcg_at_3_max": 0.420341,
        "nauc_ndcg_at_3_std": 0.336683,
        "nauc_ndcg_at_3_diff1": 0.511011,
        "nauc_ndcg_at_5_max": 0.420649,
        "nauc_ndcg_at_5_std": 0.34458,
        "nauc_ndcg_at_5_diff1": 0.487139,
        "nauc_ndcg_at_10_max": 0.425228,
        "nauc_ndcg_at_10_std": 0.35032,
        "nauc_ndcg_at_10_diff1": 0.47957,
        "nauc_ndcg_at_20_max": 0.428856,
        "nauc_ndcg_at_20_std": 0.355187,
        "nauc_ndcg_at_20_diff1": 0.472869,
        "nauc_ndcg_at_100_max": 0.428856,
        "nauc_ndcg_at_100_std": 0.355187,
        "nauc_ndcg_at_100_diff1": 0.472869,
        "nauc_ndcg_at_1000_max": 0.428856,
        "nauc_ndcg_at_1000_std": 0.355187,
        "nauc_ndcg_at_1000_diff1": 0.472869,
        "nauc_map_at_1_max": 0.426406,
        "nauc_map_at_1_std": 0.316407,