{
  "dataset_revision": "fd7df84ac089bbec763b1c6bb1b56e985df5cc5c",
  "task_name": "AutoRAGRetrieval",
  "mteb_version": "1.38.1",
  "scores": {
    "test": [
      {
        "ndcg_at_1": 0.65789,
        "ndcg_at_3": 0.76054,
        "ndcg_at_5": 0.77111,
        "ndcg_at_10": 0.79592,
        "ndcg_at_20": 0.80039,
        "ndcg_at_100": 0.80956,
        "ndcg_at_1000": 0.80956,
        "map_at_1": 0.65789,
        "map_at_3": 0.73538,
        "map_at_5": 0.74108,
        "map_at_10": 0.75091,
        "map_at_20": 0.75217,
        "map_at_100": 0.75383,
        "map_at_1000": 0.75383,
        "recall_at_1": 0.65789,
        "recall_at_3": 0.83333,
        "recall_at_5": 0.85965,
        "recall_at_10": 0.9386,
        "recall_at_20": 0.95614,
        "recall_at_100": 1.0,
        "recall_at_1000": 1.0,
        "precision_at_1": 0.65789,
        "precision_at_3": 0.27778,
        "precision_at_5": 0.17193,
        "precision_at_10": 0.09386,
        "precision_at_20": 0.04781,
        "precision_at_100": 0.01,
        "precision_at_1000": 0.001,
        "mrr_at_1": 0.657895,
        "mrr_at_3": 0.73538,
        "mrr_at_5": 0.741082,
        "mrr_at_10": 0.750912,
        "mrr_at_20": 0.752197,
        "mrr_at_100": 0.753879,
        "mrr_at_1000": 0.753879,
        "nauc_ndcg_at_1_max": 0.096094,
        "nauc_ndcg_at_1_std": -0.118826,
        "nauc_ndcg_at_1_diff1": 0.551773,
        "nauc_ndcg_at_3_max": 0.188261,
        "nauc_ndcg_at_3_std": 0.030222,
        "nauc_ndcg_at_3_diff1": 0.501967,
        "nauc_ndcg_at_5_max": 0.206983,
        "nauc_ndcg_at_5_std": 0.052816,
        "nauc_ndcg_at_5_diff1": 0.491937,
        "nauc_ndcg_at_10_max": 0.189059,
        "nauc_ndcg_at_10_std": 0.009167,
        "nauc_ndcg_at_10_diff1": 0.529689,
        "nauc_ndcg_at_20_max": 0.198814,
        "nauc_ndcg_at_20_std": 0.030784,
        "nauc_ndcg_at_20_diff1": 0.526905,
        "nauc_ndcg_at_100_max": 0.164423,
        "nauc_ndcg_at_100_std": -0.012987,
        "nauc_ndcg_at_100_diff1": 0.518587,
        "nauc_ndcg_at_1000_max": 0.164423,
        "nauc_ndcg_at_1000_std": -0.012987,
        "nauc_ndcg_at_1000_diff1": 0.518587,
        "nauc_map_at_1_max": 0.096094,
        "nauc_map_at_1_std": -0.118826,
        "nauc_map_at_1_diff1": 0.551773,
        "nauc_map_at_3_max": 0.156013,
        "nauc_map_at_3_std": -0.019381,
        "nauc_map_at_3_diff1": 0.514986,
        "nauc_map_at_5_max": 0.166072,
        "nauc_map_at_5_std": -0.008055,
        "nauc_map_at_5_diff1": 0.510693,
        "nauc_map_at_10_max": 0.156277,
        "nauc_map_at_10_std": -0.026992,
        "nauc_map_at_10_diff1": 0.522436,
        "nauc_map_at_20_max": 0.157967,
        "nauc_map_at_20_std": -0.022551,
        "nauc_map_at_20_diff1": 0.521493,
        "nauc_map_at_100_max": 0.152881,
        "nauc_map_at_100_std": -0.029059,
        "nauc_map_at_100_diff1": 0.520511,
        "nauc_map_at_1000_max": 0.152881,
        "nauc_map_at_1000_std": -0.029059,
        "nauc_map_at_1000_diff1": 0.520511,
        "nauc_recall_at_1_max": 0.096094,
        "nauc_recall_at_1_std": -0.118826,
        "nauc_recall_at_1_diff1": 0.551773,
        "nauc_recall_at_3_max": 0.325833,
        "nauc_recall_at_3_std": 0.240539,
        "nauc_recall_at_3_diff1": 0.448678,
        "nauc_recall_at_5_max": 0.407221,
        "nauc_recall_at_5_std": 0.350235,
        "nauc_recall_at_5_diff1": 0.400367,
        "nauc_recall_at_10_max": 0.522221,
        "nauc_recall_at_10_std": 0.340915,
        "nauc_recall_at_10_diff1": 0.666765,
        "nauc_recall_at_20_max": 0.819421,
        "nauc_recall_at_20_std": 0.819421,
        "nauc_recall_at_20_diff1": 0.688008,
        "nauc_recall_at_100_max": NaN,
        "nauc_recall_at_100_std": NaN,
        "nauc_recall_at_100_diff1": NaN,
        "nauc_recall_at_1000_max": NaN,
        "nauc_recall_at_1000_std": NaN,
        "nauc_recall_at_1000_diff1": NaN,
        "nauc_precision_at_1_max": 0.096094,
        "nauc_precision_at_1_std": -0.118826,
        "nauc_precision_at_1_diff1": 0.551773,
        "nauc_precision_at_3_max": 0.325833,
        "nauc_precision_at_3_std": 0.240539,
        "nauc_precision_at_3_diff1": 0.448678,
        "nauc_precision_at_5_max": 0.407221,
        "nauc_precision_at_5_std": 0.350235,
        "nauc_precision_at_5_diff1": 0.400367,
        "nauc_precision_at_10_max": 0.522221,
        "nauc_precision_at_10_std": 0.340915,
        "nauc_precision_at_10_diff1": 0.666765,
        "nauc_precision_at_20_max": 0.819421,
        "nauc_precision_at_20_std": 0.819421,
        "nauc_precision_at_20_diff1": 0.688008,
        "nauc_precision_at_100_max": 1.0,
        "nauc_precision_at_100_std": 1.0,
        "nauc_precision_at_100_diff1": 1.0,
        "nauc_precision_at_1000_max": 1.0,
        "nauc_precision_at_1000_std": 1.0,
        "nauc_precision_at_1000_diff1": 1.0,
        "nauc_mrr_at_1_max": 0.096094,
        "nauc_mrr_at_1_std": -0.118826,
        "nauc_mrr_at_1_diff1": 0.551773,
        "nauc_mrr_at_3_max": 0.156013,
        "nauc_mrr_at_3_std": -0.019381,
        "nauc_mrr_at_3_diff1": 0.514986,
        "nauc_mrr_at_5_max": 0.166072,
        "nauc_mrr_at_5_std": -0.008055,
        "nauc_mrr_at_5_diff1": 0.510693,
        "nauc_mrr_at_10_max": 0.156277,
        "nauc_mrr_at_10_std": -0.026992,
        "nauc_mrr_at_10_diff1": 0.522436,
        "nauc_mrr_at_20_max": 0.158054,
        "nauc_mrr_at_20_std": -0.022415,
        "nauc_mrr_at_20_diff1": 0.521512,
        "nauc_mrr_at_100_max": 0.15295,
        "nauc_mrr_at_100_std": -0.028958,
        "nauc_mrr_at_100_diff1": 0.520593,
        "nauc_mrr_at_1000_max": 0.15295,
        "nauc_mrr_at_1000_std": -0.028958,
        "nauc_mrr_at_1000_diff1": 0.520593,
        "main_score": 0.79592,
        "hf_subset": "default",
        "languages": [
          "kor-Hang"
        ]
      }
    ]
  },
  "evaluation_time": 11472.079060792923,
  "kg_co2_emissions": null
}