{
  "dataset_revision": "fd7df84ac089bbec763b1c6bb1b56e985df5cc5c",
  "task_name": "AutoRAGRetrieval",
  "mteb_version": "1.38.1",
  "scores": {
    "test": [
      {
        "ndcg_at_1": 0.64912,
        "ndcg_at_3": 0.75616,
        "ndcg_at_5": 0.75955,
        "ndcg_at_10": 0.77344,
        "ndcg_at_20": 0.78444,
        "ndcg_at_100": 0.79114,
        "ndcg_at_1000": 0.79582,
        "map_at_1": 0.64912,
        "map_at_3": 0.72953,
        "map_at_5": 0.73129,
        "map_at_10": 0.73685,
        "map_at_20": 0.73983,
        "map_at_100": 0.74083,
        "map_at_1000": 0.74104,
        "recall_at_1": 0.64912,
        "recall_at_3": 0.83333,
        "recall_at_5": 0.84211,
        "recall_at_10": 0.88596,
        "recall_at_20": 0.92982,
        "recall_at_100": 0.96491,
        "recall_at_1000": 1.0,
        "precision_at_1": 0.64912,
        "precision_at_3": 0.27778,
        "precision_at_5": 0.16842,
        "precision_at_10": 0.0886,
        "precision_at_20": 0.04649,
        "precision_at_100": 0.00965,
        "precision_at_1000": 0.001,
        "mrr_at_1": 0.649123,
        "mrr_at_3": 0.729532,
        "mrr_at_5": 0.731287,
        "mrr_at_10": 0.735975,
        "mrr_at_20": 0.739753,
        "mrr_at_100": 0.74075,
        "mrr_at_1000": 0.740956,
        "nauc_ndcg_at_1_max": 0.108062,
        "nauc_ndcg_at_1_std": -0.174849,
        "nauc_ndcg_at_1_diff1": 0.53519,
        "nauc_ndcg_at_3_max": 0.190182,
        "nauc_ndcg_at_3_std": -0.039887,
        "nauc_ndcg_at_3_diff1": 0.484772,
        "nauc_ndcg_at_5_max": 0.22129,
        "nauc_ndcg_at_5_std": -0.012018,
        "nauc_ndcg_at_5_diff1": 0.48581,
        "nauc_ndcg_at_10_max": 0.232791,
        "nauc_ndcg_at_10_std": 0.011931,
        "nauc_ndcg_at_10_diff1": 0.502077,
        "nauc_ndcg_at_20_max": 0.206264,
        "nauc_ndcg_at_20_std": -0.009961,
        "nauc_ndcg_at_20_diff1": 0.487964,
        "nauc_ndcg_at_100_max": 0.214304,
        "nauc_ndcg_at_100_std": -0.012621,
        "nauc_ndcg_at_100_diff1": 0.516229,
        "nauc_ndcg_at_1000_max": 0.195292,
        "nauc_ndcg_at_1000_std": -0.036861,
        "nauc_ndcg_at_1000_diff1": 0.506267,
        "nauc_map_at_1_max": 0.108062,
        "nauc_map_at_1_std": -0.174849,
        "nauc_map_at_1_diff1": 0.53519,
        "nauc_map_at_3_max": 0.162321,
        "nauc_map_at_3_std": -0.083316,
        "nauc_map_at_3_diff1": 0.499087,
        "nauc_map_at_5_max": 0.176795,
        "nauc_map_at_5_std": -0.070471,
        "nauc_map_at_5_diff1": 0.499671,
        "nauc_map_at_10_max": 0.178334,
        "nauc_map_at_10_std": -0.063383,
        "nauc_map_at_10_diff1": 0.505237,
        "nauc_map_at_20_max": 0.172017,
        "nauc_map_at_20_std": -0.068755,
        "nauc_map_at_20_diff1": 0.502058,
        "nauc_map_at_100_max": 0.173516,
        "nauc_map_at_100_std": -0.068606,
        "nauc_map_at_100_diff1": 0.506232,
        "nauc_map_at_1000_max": 0.172835,
        "nauc_map_at_1000_std": -0.069492,
        "nauc_map_at_1000_diff1": 0.5059,
        "nauc_recall_at_1_max": 0.108062,
        "nauc_recall_at_1_std": -0.174849,
        "nauc_recall_at_1_diff1": 0.53519,
        "nauc_recall_at_3_max": 0.310375,
        "nauc_recall_at_3_std": 0.146209,
        "nauc_recall_at_3_diff1": 0.424506,
        "nauc_recall_at_5_max": 0.428964,
        "nauc_recall_at_5_std": 0.256441,
        "nauc_recall_at_5_diff1": 0.425191,
        "nauc_recall_at_10_max": 0.581366,
        "nauc_recall_at_10_std": 0.483523,
        "nauc_recall_at_10_diff1": 0.500235,
        "nauc_recall_at_20_max": 0.496191,
        "nauc_recall_at_20_std": 0.517431,
        "nauc_recall_at_20_diff1": 0.348571,
        "nauc_recall_at_100_max": 0.934894,
        "nauc_recall_at_100_std": 0.902342,
        "nauc_recall_at_100_diff1": 0.898049,
        "nauc_recall_at_1000_max": NaN,
        "nauc_recall_at_1000_std": NaN,
        "nauc_recall_at_1000_diff1": NaN,
        "nauc_precision_at_1_max": 0.108062,
        "nauc_precision_at_1_std": -0.174849,
        "nauc_precision_at_1_diff1": 0.53519,
        "nauc_precision_at_3_max": 0.310375,
        "nauc_precision_at_3_std": 0.146209,
        "nauc_precision_at_3_diff1": 0.424506,
        "nauc_precision_at_5_max": 0.428964,
        "nauc_precision_at_5_std": 0.256441,
        "nauc_precision_at_5_diff1": 0.425191,
        "nauc_precision_at_10_max": 0.581366,
        "nauc_precision_at_10_std": 0.483523,
        "nauc_precision_at_10_diff1": 0.500235,
        "nauc_precision_at_20_max": 0.496191,
        "nauc_precision_at_20_std": 0.517431,
        "nauc_precision_at_20_diff1": 0.348571,
        "nauc_precision_at_100_max": 0.934894,
        "nauc_precision_at_100_std": 0.902342,
        "nauc_precision_at_100_diff1": 0.898049,
        "nauc_precision_at_1000_max": 1.0,
        "nauc_precision_at_1000_std": 1.0,
        "nauc_precision_at_1000_diff1": 1.0,
        "nauc_mrr_at_1_max": 0.108062,
        "nauc_mrr_at_1_std": -0.174849,
        "nauc_mrr_at_1_diff1": 0.53519,
        "nauc_mrr_at_3_max": 0.162321,
        "nauc_mrr_at_3_std": -0.083316,
        "nauc_mrr_at_3_diff1": 0.499087,
        "nauc_mrr_at_5_max": 0.176795,
        "nauc_mrr_at_5_std": -0.070471,
        "nauc_mrr_at_5_diff1": 0.499671,
        "nauc_mrr_at_10_max": 0.173279,
        "nauc_mrr_at_10_std": -0.065358,
        "nauc_mrr_at_10_diff1": 0.502873,
        "nauc_mrr_at_20_max": 0.171553,
        "nauc_mrr_at_20_std": -0.068935,
        "nauc_mrr_at_20_diff1": 0.501841,
        "nauc_mrr_at_100_max": 0.173069,
        "nauc_mrr_at_100_std": -0.068691,
        "nauc_mrr_at_100_diff1": 0.505914,
        "nauc_mrr_at_1000_max": 0.172385,
        "nauc_mrr_at_1000_std": -0.069581,
        "nauc_mrr_at_1000_diff1": 0.505581,
        "main_score": 0.77344,
        "hf_subset": "default",
        "languages": [
          "kor-Hang"
        ]
      }
    ]
  },
  "evaluation_time": 10669.938432455063,
  "kg_co2_emissions": null
}