{
  "dataset_revision": "75b399394a9803252cfec289d103de462763db7c",
  "task_name": "BelebeleRetrieval",
  "mteb_version": "1.38.1",
  "scores": {
    "test": [
      {
        "ndcg_at_1": 0.9,
        "ndcg_at_3": 0.93681,
        "ndcg_at_5": 0.94097,
        "ndcg_at_10": 0.94539,
        "ndcg_at_20": 0.94648,
        "ndcg_at_100": 0.94869,
        "ndcg_at_1000": 0.94869,
        "map_at_1": 0.9,
        "map_at_3": 0.92833,
        "map_at_5": 0.93067,
        "map_at_10": 0.93255,
        "map_at_20": 0.93284,
        "map_at_100": 0.93319,
        "map_at_1000": 0.93319,
        "recall_at_1": 0.9,
        "recall_at_3": 0.96111,
        "recall_at_5": 0.97111,
        "recall_at_10": 0.98444,
        "recall_at_20": 0.98889,
        "recall_at_100": 1.0,
        "recall_at_1000": 1.0,
        "precision_at_1": 0.9,
        "precision_at_3": 0.32037,
        "precision_at_5": 0.19422,
        "precision_at_10": 0.09844,
        "precision_at_20": 0.04944,
        "precision_at_100": 0.01,
        "precision_at_1000": 0.001,
        "mrr_at_1": 0.901111,
        "mrr_at_3": 0.92963,
        "mrr_at_5": 0.931685,
        "mrr_at_10": 0.933456,
        "mrr_at_20": 0.933746,
        "mrr_at_100": 0.934112,
        "mrr_at_1000": 0.934112,
        "nauc_ndcg_at_1_max": 0.627285,
        "nauc_ndcg_at_1_std": 0.567144,
        "nauc_ndcg_at_1_diff1": 0.787198,
        "nauc_ndcg_at_3_max": 0.649081,
        "nauc_ndcg_at_3_std": 0.577998,
        "nauc_ndcg_at_3_diff1": 0.806552,
        "nauc_ndcg_at_5_max": 0.651489,
        "nauc_ndcg_at_5_std": 0.582308,
        "nauc_ndcg_at_5_diff1": 0.812385,
        "nauc_ndcg_at_10_max": 0.646137,
        "nauc_ndcg_at_10_std": 0.578386,
        "nauc_ndcg_at_10_diff1": 0.808895,
        "nauc_ndcg_at_20_max": 0.643416,
        "nauc_ndcg_at_20_std": 0.576271,
        "nauc_ndcg_at_20_diff1": 0.806305,
        "nauc_ndcg_at_100_max": 0.642552,
        "nauc_ndcg_at_100_std": 0.576486,
        "nauc_ndcg_at_100_diff1": 0.802242,
        "nauc_ndcg_at_1000_max": 0.642552,
        "nauc_ndcg_at_1000_std": 0.576486,
        "nauc_ndcg_at_1000_diff1": 0.802242,
        "nauc_map_at_1_max": 0.627285,
        "nauc_map_at_1_std": 0.567144,
        "nauc_map_at_1_diff1": 0.787198,
        "nauc_map_at_3_max": 0.641496,
        "nauc_map_at_3_std": 0.574025,
        "nauc_map_at_3_diff1": 0.799245,
        "nauc_map_at_5_max": 0.6425,
        "nauc_map_at_5_std": 0.576123,
        "nauc_map_at_5_diff1": 0.801857,
        "nauc_map_at_10_max": 0.640899,
        "nauc_map_at_10_std": 0.575281,
        "nauc_map_at_10_diff1": 0.800482,
        "nauc_map_at_20_max": 0.640289,
        "nauc_map_at_20_std": 0.574801,
        "nauc_map_at_20_diff1": 0.799898,
        "nauc_map_at_100_max": 0.64024,
        "nauc_map_at_100_std": 0.574902,
        "nauc_map_at_100_diff1": 0.799396,
        "nauc_map_at_1000_max": 0.64024,
        "nauc_map_at_1000_std": 0.574902,
        "nauc_map_at_1000_diff1": 0.799396,
        "nauc_recall_at_1_max": 0.627285,
        "nauc_recall_at_1_std": 0.567144,
        "nauc_recall_at_1_diff1": 0.787198,
        "nauc_recall_at_3_max": 0.689609,
        "nauc_recall_at_3_std": 0.599373,
        "nauc_recall_at_3_diff1": 0.846018,
        "nauc_recall_at_5_max": 0.714375,
        "nauc_recall_at_5_std": 0.626212,
        "nauc_recall_at_5_diff1": 0.887596,
        "nauc_recall_at_10_max": 0.700247,
        "nauc_recall_at_10_std": 0.606876,
        "nauc_recall_at_10_diff1": 0.912132,
        "nauc_recall_at_20_max": 0.669514,
        "nauc_recall_at_20_std": 0.578011,
        "nauc_recall_at_20_diff1": 0.903128,
        "nauc_recall_at_100_max": NaN,
        "nauc_recall_at_100_std": NaN,
        "nauc_recall_at_100_diff1": NaN,
        "nauc_recall_at_1000_max": NaN,
        "nauc_recall_at_1000_std": NaN,
        "nauc_recall_at_1000_diff1": NaN,
        "nauc_precision_at_1_max": 0.627285,
        "nauc_precision_at_1_std": 0.567144,
        "nauc_precision_at_1_diff1": 0.787198,
        "nauc_precision_at_3_max": 0.689609,
        "nauc_precision_at_3_std": 0.599373,
        "nauc_precision_at_3_diff1": 0.846018,
        "nauc_precision_at_5_max": 0.714375,
        "nauc_precision_at_5_std": 0.626212,
        "nauc_precision_at_5_diff1": 0.887596,
        "nauc_precision_at_10_max": 0.700247,
        "nauc_precision_at_10_std": 0.606876,
        "nauc_precision_at_10_diff1": 0.912132,
        "nauc_precision_at_20_max": 0.669514,
        "nauc_precision_at_20_std": 0.578011,
        "nauc_precision_at_20_diff1": 0.903128,
        "nauc_precision_at_100_max": 1.0,
        "nauc_precision_at_100_std": 1.0,
        "nauc_precision_at_100_diff1": 1.0,
        "nauc_precision_at_1000_max": NaN,
        "nauc_precision_at_1000_std": NaN,
        "nauc_precision_at_1000_diff1": NaN,
        "nauc_mrr_at_1_max": 0.623097,
        "nauc_mrr_at_1_std": 0.56228,
        "nauc_mrr_at_1_diff1": 0.784807,
        "nauc_mrr_at_3_max": 0.634892,
        "nauc_mrr_at_3_std": 0.566178,
        "nauc_mrr_at_3_diff1": 0.795546,
        "nauc_mrr_at_5_max": 0.638074,
        "nauc_mrr_at_5_std": 0.571253,
        "nauc_mrr_at_5_diff1": 0.798903,
        "nauc_mrr_at_10_max": 0.636157,
        "nauc_mrr_at_10_std": 0.569793,
        "nauc_mrr_at_10_diff1": 0.797762,
        "nauc_mrr_at_20_max": 0.635518,
        "nauc_mrr_at_20_std": 0.569281,
        "nauc_mrr_at_20_diff1": 0.797157,
        "nauc_mrr_at_100_max": 0.635376,
        "nauc_mrr_at_100_std": 0.569275,
        "nauc_mrr_at_100_diff1": 0.7966,
        "nauc_mrr_at_1000_max": 0.635376,
        "nauc_mrr_at_1000_std": 0.569275,
        "nauc_mrr_at_1000_diff1": 0.7966,
        "main_score": 0.94539,
        "hf_subset": "kor_Hang-kor_Hang",
        "languages": [
          "kor-Hang",
          "kor-Hang"
        ]
      },
      {
        "ndcg_at_1": 0.09111,
        "ndcg_at_3": 0.09602,
        "ndcg_at_5": 0.09602,
        "ndcg_at_10": 0.09713,
        "ndcg_at_20": 0.09742,
        "ndcg_at_100": 0.09742,
        "ndcg_at_1000": 0.09742,
        "map_at_1": 0.09111,
        "map_at_3": 0.095,
        "map_at_5": 0.095,
        "map_at_10": 0.09548,
        "map_at_20": 0.09557,
        "map_at_100": 0.09557,
        "map_at_1000": 0.09557,
        "recall_at_1": 0.09111,
        "recall_at_3": 0.09889,
        "recall_at_5": 0.09889,
        "recall_at_10": 0.10222,
        "recall_at_20": 0.10333,
        "recall_at_100": 0.10333,
        "recall_at_1000": 0.10333,
        "precision_at_1": 0.09111,
        "precision_at_3": 0.03296,
        "precision_at_5": 0.01978,
        "precision_at_10": 0.01022,
        "precision_at_20": 0.00517,
        "precision_at_100": 0.00103,
        "precision_at_1000": 0.0001,
        "mrr_at_1": 0.091111,
        "mrr_at_3": 0.095,
        "mrr_at_5": 0.095222,
        "mrr_at_10": 0.095519,
        "mrr_at_20": 0.095598,
        "mrr_at_100": 0.095598,
        "mrr_at_1000": 0.095598,
        "nauc_ndcg_at_1_max": 0.63575,
        "nauc_ndcg_at_1_std": 0.603081,
        "nauc_ndcg_at_1_diff1": 0.732682,
        "nauc_ndcg_at_3_max": 0.615032,
        "nauc_ndcg_at_3_std": 0.583045,
        "nauc_ndcg_at_3_diff1": 0.700834,
        "nauc_ndcg_at_5_max": 0.615032,
        "nauc_ndcg_at_5_std": 0.583045,
        "nauc_ndcg_at_5_diff1": 0.700834,
        "nauc_ndcg_at_10_max": 0.613069,
        "nauc_ndcg_at_10_std": 0.582061,
        "nauc_ndcg_at_10_diff1": 0.693917,
        "nauc_ndcg_at_20_max": 0.612146,
        "nauc_ndcg_at_20_std": 0.581199,
        "nauc_ndcg_at_20_diff1": 0.692832,
        "nauc_ndcg_at_100_max": 0.612146,
        "nauc_ndcg_at_100_std": 0.581199,
        "nauc_ndcg_at_100_diff1": 0.692832,
        "nauc_ndcg_at_1000_max": 0.612146,
        "nauc_ndcg_at_1000_std": 0.581199,
        "nauc_ndcg_at_1000_diff1": 0.692832,
        "nauc_map_at_1_max": 0.63575,
        "nauc_map_at_1_std": 0.603081,
        "nauc_map_at_1_diff1": 0.732682,
        "nauc_map_at_3_max": 0.619155,