{
  "dataset_revision": "75b399394a9803252cfec289d103de462763db7c",
  "task_name": "BelebeleRetrieval",
  "mteb_version": "1.38.1",
  "scores": {
    "test": [
      {
        "ndcg_at_1": 0.88111,
        "ndcg_at_3": 0.91649,
        "ndcg_at_5": 0.92305,
        "ndcg_at_10": 0.9275,
        "ndcg_at_20": 0.92942,
        "ndcg_at_100": 0.93149,
        "ndcg_at_1000": 0.93289,
        "map_at_1": 0.88111,
        "map_at_3": 0.90796,
        "map_at_5": 0.91169,
        "map_at_10": 0.9136,
        "map_at_20": 0.91411,
        "map_at_100": 0.91439,
        "map_at_1000": 0.91444,
        "recall_at_1": 0.88111,
        "recall_at_3": 0.94111,
        "recall_at_5": 0.95667,
        "recall_at_10": 0.97,
        "recall_at_20": 0.97778,
        "recall_at_100": 0.98889,
        "recall_at_1000": 1.0,
        "precision_at_1": 0.88111,
        "precision_at_3": 0.3137,
        "precision_at_5": 0.19133,
        "precision_at_10": 0.097,
        "precision_at_20": 0.04889,
        "precision_at_100": 0.00989,
        "precision_at_1000": 0.001,
        "mrr_at_1": 0.878889,
        "mrr_at_3": 0.907037,
        "mrr_at_5": 0.910426,
        "mrr_at_10": 0.912675,
        "mrr_at_20": 0.913097,
        "mrr_at_100": 0.913379,
        "mrr_at_1000": 0.913425,
        "nauc_ndcg_at_1_max": 0.650008,
        "nauc_ndcg_at_1_std": 0.535356,
        "nauc_ndcg_at_1_diff1": 0.804735,
        "nauc_ndcg_at_3_max": 0.659522,
        "nauc_ndcg_at_3_std": 0.521732,
        "nauc_ndcg_at_3_diff1": 0.809558,
        "nauc_ndcg_at_5_max": 0.661161,
        "nauc_ndcg_at_5_std": 0.522228,
        "nauc_ndcg_at_5_diff1": 0.818144,
        "nauc_ndcg_at_10_max": 0.675656,
        "nauc_ndcg_at_10_std": 0.538062,
        "nauc_ndcg_at_10_diff1": 0.827625,
        "nauc_ndcg_at_20_max": 0.672601,
        "nauc_ndcg_at_20_std": 0.538339,
        "nauc_ndcg_at_20_diff1": 0.82404,
        "nauc_ndcg_at_100_max": 0.665909,
        "nauc_ndcg_at_100_std": 0.532179,
        "nauc_ndcg_at_100_diff1": 0.820239,
        "nauc_ndcg_at_1000_max": 0.667121,
        "nauc_ndcg_at_1000_std": 0.53502,
        "nauc_ndcg_at_1000_diff1": 0.819117,
        "nauc_map_at_1_max": 0.650008,
        "nauc_map_at_1_std": 0.535356,
        "nauc_map_at_1_diff1": 0.804735,
        "nauc_map_at_3_max": 0.659627,
        "nauc_map_at_3_std": 0.529138,
        "nauc_map_at_3_diff1": 0.809229,
        "nauc_map_at_5_max": 0.660613,
        "nauc_map_at_5_std": 0.52994,
        "nauc_map_at_5_diff1": 0.813618,
        "nauc_map_at_10_max": 0.665981,
        "nauc_map_at_10_std": 0.535859,
        "nauc_map_at_10_diff1": 0.817044,
        "nauc_map_at_20_max": 0.665369,
        "nauc_map_at_20_std": 0.536166,
        "nauc_map_at_20_diff1": 0.816239,
        "nauc_map_at_100_max": 0.664545,
        "nauc_map_at_100_std": 0.535431,
        "nauc_map_at_100_diff1": 0.815772,
        "nauc_map_at_1000_max": 0.664603,
        "nauc_map_at_1000_std": 0.535531,
        "nauc_map_at_1000_diff1": 0.815744,
        "nauc_recall_at_1_max": 0.650008,
        "nauc_recall_at_1_std": 0.535356,
        "nauc_recall_at_1_diff1": 0.804735,
        "nauc_recall_at_3_max": 0.657118,
        "nauc_recall_at_3_std": 0.486743,
        "nauc_recall_at_3_diff1": 0.810281,
        "nauc_recall_at_5_max": 0.661675,
        "nauc_recall_at_5_std": 0.474251,
        "nauc_recall_at_5_diff1": 0.8451,
        "nauc_recall_at_10_max": 0.763668,
        "nauc_recall_at_10_std": 0.565982,
        "nauc_recall_at_10_diff1": 0.923574,
        "nauc_recall_at_20_max": 0.752591,
        "nauc_recall_at_20_std": 0.571499,
        "nauc_recall_at_20_diff1": 0.910714,
        "nauc_recall_at_100_max": 0.620495,
        "nauc_recall_at_100_std": 0.408123,
        "nauc_recall_at_100_diff1": 0.87535,
        "nauc_recall_at_1000_max": NaN,
        "nauc_recall_at_1000_std": NaN,
        "nauc_recall_at_1000_diff1": NaN,
        "nauc_precision_at_1_max": 0.650008,
        "nauc_precision_at_1_std": 0.535356,
        "nauc_precision_at_1_diff1": 0.804735,
        "nauc_precision_at_3_max": 0.657118,
        "nauc_precision_at_3_std": 0.486743,
        "nauc_precision_at_3_diff1": 0.810281,
        "nauc_precision_at_5_max": 0.661675,
        "nauc_precision_at_5_std": 0.474251,
        "nauc_precision_at_5_diff1": 0.8451,
        "nauc_precision_at_10_max": 0.763668,
        "nauc_precision_at_10_std": 0.565982,
        "nauc_precision_at_10_diff1": 0.923574,
        "nauc_precision_at_20_max": 0.752591,
        "nauc_precision_at_20_std": 0.571499,
        "nauc_precision_at_20_diff1": 0.910714,
        "nauc_precision_at_100_max": 0.620495,
        "nauc_precision_at_100_std": 0.408123,
        "nauc_precision_at_100_diff1": 0.87535,
        "nauc_precision_at_1000_max": NaN,
        "nauc_precision_at_1000_std": NaN,
        "nauc_precision_at_1000_diff1": NaN,
        "nauc_mrr_at_1_max": 0.658175,
        "nauc_mrr_at_1_std": 0.545394,
        "nauc_mrr_at_1_diff1": 0.810377,
        "nauc_mrr_at_3_max": 0.664114,
        "nauc_mrr_at_3_std": 0.535002,
        "nauc_mrr_at_3_diff1": 0.812441,
        "nauc_mrr_at_5_max": 0.665435,
        "nauc_mrr_at_5_std": 0.536687,
        "nauc_mrr_at_5_diff1": 0.817084,
        "nauc_mrr_at_10_max": 0.670516,
        "nauc_mrr_at_10_std": 0.541898,
        "nauc_mrr_at_10_diff1": 0.820167,
        "nauc_mrr_at_20_max": 0.670257,
        "nauc_mrr_at_20_std": 0.542679,
        "nauc_mrr_at_20_diff1": 0.819558,
        "nauc_mrr_at_100_max": 0.669481,
        "nauc_mrr_at_100_std": 0.541986,
        "nauc_mrr_at_100_diff1": 0.819119,
        "nauc_mrr_at_1000_max": 0.669542,
        "nauc_mrr_at_1000_std": 0.542087,
        "nauc_mrr_at_1000_diff1": 0.819093,
        "main_score": 0.9275,
        "hf_subset": "kor_Hang-kor_Hang",
        "languages": [
          "kor-Hang",
          "kor-Hang"
        ]
      },
      {
        "ndcg_at_1": 0.74,
        "ndcg_at_3": 0.81178,
        "ndcg_at_5": 0.82972,
        "ndcg_at_10": 0.84019,
        "ndcg_at_20": 0.84521,
        "ndcg_at_100": 0.85105,
        "ndcg_at_1000": 0.853,
        "map_at_1": 0.74,
        "map_at_3": 0.795,
        "map_at_5": 0.805,
        "map_at_10": 0.80935,
        "map_at_20": 0.81071,
        "map_at_100": 0.81162,
        "map_at_1000": 0.81172,
        "recall_at_1": 0.74,
        "recall_at_3": 0.86,
        "recall_at_5": 0.90333,
        "recall_at_10": 0.93556,
        "recall_at_20": 0.95556,
        "recall_at_100": 0.98556,
        "recall_at_1000": 1.0,
        "precision_at_1": 0.74,
        "precision_at_3": 0.28667,
        "precision_at_5": 0.18067,
        "precision_at_10": 0.09356,
        "precision_at_20": 0.04778,
        "precision_at_100": 0.00986,
        "precision_at_1000": 0.001,
        "mrr_at_1": 0.74,
        "mrr_at_3": 0.793704,
        "mrr_at_5": 0.804537,
        "mrr_at_10": 0.808705,
        "mrr_at_20": 0.810271,
        "mrr_at_100": 0.811134,
        "mrr_at_1000": 0.811225,
        "nauc_ndcg_at_1_max": 0.511737,
        "nauc_ndcg_at_1_std": 0.429349,
        "nauc_ndcg_at_1_diff1": 0.664707,
        "nauc_ndcg_at_3_max": 0.539533,
        "nauc_ndcg_at_3_std": 0.446547,
        "nauc_ndcg_at_3_diff1": 0.680884,
        "nauc_ndcg_at_5_max": 0.532383,
        "nauc_ndcg_at_5_std": 0.440537,
        "nauc_ndcg_at_5_diff1": 0.672744,
        "nauc_ndcg_at_10_max": 0.52041,
        "nauc_ndcg_at_10_std": 0.428358,
        "nauc_ndcg_at_10_diff1": 0.667694,
        "nauc_ndcg_at_20_max": 0.517535,
        "nauc_ndcg_at_20_std": 0.423981,
        "nauc_ndcg_at_20_diff1": 0.664528,
        "nauc_ndcg_at_100_max": 0.515872,
        "nauc_ndcg_at_100_std": 0.423803,
        "nauc_ndcg_at_100_diff1": 0.663015,
        "nauc_ndcg_at_1000_max": 0.519272,
        "nauc_ndcg_at_1000_std": 0.428162,
        "nauc_ndcg_at_1000_diff1": 0.665521,
        "nauc_map_at_1_max": 0.511737,
        "nauc_map_at_1_std": 0.429349,
        "nauc_map_at_1_diff1": 0.664707,