{
  "dataset_revision": "d243889a3eb6654029dbd7e7f9319ae31d58f97c",
  "task_name": "Ko-StrategyQA",
  "mteb_version": "1.38.1",
  "scores": {
    "dev": [
      {
        "ndcg_at_1": 0.76351,
        "ndcg_at_3": 0.75301,
        "ndcg_at_5": 0.78049,
        "ndcg_at_10": 0.79802,
        "ndcg_at_20": 0.80676,
        "ndcg_at_100": 0.82102,
        "ndcg_at_1000": 0.83006,
        "map_at_1": 0.49098,
        "map_at_3": 0.71486,
        "map_at_5": 0.74083,
        "map_at_10": 0.75237,
        "map_at_20": 0.75604,
        "map_at_100": 0.75881,
        "map_at_1000": 0.75934,
        "recall_at_1": 0.49098,
        "recall_at_3": 0.75855,
        "recall_at_5": 0.81601,
        "recall_at_10": 0.85891,
        "recall_at_20": 0.88557,
        "recall_at_100": 0.94582,
        "recall_at_1000": 1.0,
        "precision_at_1": 0.76351,
        "precision_at_3": 0.44932,
        "precision_at_5": 0.29696,
        "precision_at_10": 0.15828,
        "precision_at_20": 0.08243,
        "precision_at_100": 0.01792,
        "precision_at_1000": 0.00193,
        "mrr_at_1": 0.763514,
        "mrr_at_3": 0.808277,
        "mrr_at_5": 0.815963,
        "mrr_at_10": 0.818578,
        "mrr_at_20": 0.819717,
        "mrr_at_100": 0.820925,
        "mrr_at_1000": 0.821059,
        "nauc_ndcg_at_1_max": 0.664448,
        "nauc_ndcg_at_1_std": 0.57902,
        "nauc_ndcg_at_1_diff1": 0.678843,
        "nauc_ndcg_at_3_max": 0.654208,
        "nauc_ndcg_at_3_std": 0.584122,
        "nauc_ndcg_at_3_diff1": 0.539652,
        "nauc_ndcg_at_5_max": 0.6737,
        "nauc_ndcg_at_5_std": 0.610505,
        "nauc_ndcg_at_5_diff1": 0.559299,
        "nauc_ndcg_at_10_max": 0.690904,
        "nauc_ndcg_at_10_std": 0.637402,
        "nauc_ndcg_at_10_diff1": 0.578999,
        "nauc_ndcg_at_20_max": 0.703108,
        "nauc_ndcg_at_20_std": 0.647797,
        "nauc_ndcg_at_20_diff1": 0.602389,
        "nauc_ndcg_at_100_max": 0.69583,
        "nauc_ndcg_at_100_std": 0.637376,
        "nauc_ndcg_at_100_diff1": 0.600848,
        "nauc_ndcg_at_1000_max": 0.685137,
        "nauc_ndcg_at_1000_std": 0.623559,
        "nauc_ndcg_at_1000_diff1": 0.592903,
        "nauc_map_at_1_max": 0.340555,
        "nauc_map_at_1_std": 0.194106,
        "nauc_map_at_1_diff1": 0.5718,
        "nauc_map_at_3_max": 0.614616,
        "nauc_map_at_3_std": 0.530407,
        "nauc_map_at_3_diff1": 0.510015,
        "nauc_map_at_5_max": 0.637721,
        "nauc_map_at_5_std": 0.566483,
        "nauc_map_at_5_diff1": 0.526195,
        "nauc_map_at_10_max": 0.647249,
        "nauc_map_at_10_std": 0.581315,
        "nauc_map_at_10_diff1": 0.536027,
        "nauc_map_at_20_max": 0.651798,
        "nauc_map_at_20_std": 0.58481,
        "nauc_map_at_20_diff1": 0.544328,
        "nauc_map_at_100_max": 0.650792,
        "nauc_map_at_100_std": 0.583467,
        "nauc_map_at_100_diff1": 0.544373,
        "nauc_map_at_1000_max": 0.65026,
        "nauc_map_at_1000_std": 0.582796,
        "nauc_map_at_1000_diff1": 0.544037,
        "nauc_recall_at_1_max": 0.340555,
        "nauc_recall_at_1_std": 0.194106,
        "nauc_recall_at_1_diff1": 0.5718,
        "nauc_recall_at_3_max": 0.644785,
        "nauc_recall_at_3_std": 0.577897,
        "nauc_recall_at_3_diff1": 0.481674,
        "nauc_recall_at_5_max": 0.680684,
        "nauc_recall_at_5_std": 0.636641,
        "nauc_recall_at_5_diff1": 0.504478,
        "nauc_recall_at_10_max": 0.736736,
        "nauc_recall_at_10_std": 0.727572,
        "nauc_recall_at_10_diff1": 0.55436,
        "nauc_recall_at_20_max": 0.815626,
        "nauc_recall_at_20_std": 0.807751,
        "nauc_recall_at_20_diff1": 0.670323,
        "nauc_recall_at_100_max": 0.846874,
        "nauc_recall_at_100_std": 0.843465,
        "nauc_recall_at_100_diff1": 0.71799,
        "nauc_recall_at_1000_max": NaN,
        "nauc_recall_at_1000_std": NaN,
        "nauc_recall_at_1000_diff1": NaN,
        "nauc_precision_at_1_max": 0.664448,
        "nauc_precision_at_1_std": 0.57902,
        "nauc_precision_at_1_diff1": 0.678843,
        "nauc_precision_at_3_max": 0.388332,
        "nauc_precision_at_3_std": 0.480481,
        "nauc_precision_at_3_diff1": 0.032226,
        "nauc_precision_at_5_max": 0.30955,
        "nauc_precision_at_5_std": 0.426782,
        "nauc_precision_at_5_diff1": -0.019198,
        "nauc_precision_at_10_max": 0.252675,
        "nauc_precision_at_10_std": 0.389723,
        "nauc_precision_at_10_diff1": -0.053926,
        "nauc_precision_at_20_max": 0.219986,
        "nauc_precision_at_20_std": 0.35722,
        "nauc_precision_at_20_diff1": -0.056009,
        "nauc_precision_at_100_max": 0.067715,
        "nauc_precision_at_100_std": 0.212463,
        "nauc_precision_at_100_diff1": -0.178921,
        "nauc_precision_at_1000_max": -0.107233,
        "nauc_precision_at_1000_std": 0.032826,
        "nauc_precision_at_1000_diff1": -0.316388,
        "nauc_mrr_at_1_max": 0.664448,
        "nauc_mrr_at_1_std": 0.57902,
        "nauc_mrr_at_1_diff1": 0.678843,
        "nauc_mrr_at_3_max": 0.724348,
        "nauc_mrr_at_3_std": 0.657901,
        "nauc_mrr_at_3_diff1": 0.68235,
        "nauc_mrr_at_5_max": 0.722709,
        "nauc_mrr_at_5_std": 0.656775,
        "nauc_mrr_at_5_diff1": 0.685634,
        "nauc_mrr_at_10_max": 0.722659,
        "nauc_mrr_at_10_std": 0.657529,
        "nauc_mrr_at_10_diff1": 0.688255,
        "nauc_mrr_at_20_max": 0.722509,
        "nauc_mrr_at_20_std": 0.657117,
        "nauc_mrr_at_20_diff1": 0.688949,
        "nauc_mrr_at_100_max": 0.721207,
        "nauc_mrr_at_100_std": 0.655368,
        "nauc_mrr_at_100_diff1": 0.687899,
        "nauc_mrr_at_1000_max": 0.721009,
        "nauc_mrr_at_1000_std": 0.655139,
        "nauc_mrr_at_1000_diff1": 0.687708,
        "main_score": 0.79802,
        "hf_subset": "default",
        "languages": [
          "kor-Hang"
        ]
      }
    ]
  },
  "evaluation_time": 43633.078916311264,
  "kg_co2_emissions": null
}