{
  "dataset_revision": "d243889a3eb6654029dbd7e7f9319ae31d58f97c",
  "task_name": "Ko-StrategyQA",
  "mteb_version": "1.38.1",
  "scores": {
    "dev": [
      {
        "ndcg_at_1": 0.75,
        "ndcg_at_3": 0.73421,
        "ndcg_at_5": 0.76552,
        "ndcg_at_10": 0.7971,
        "ndcg_at_20": 0.81721,
        "ndcg_at_100": 0.83219,
        "ndcg_at_1000": 0.83219,
        "map_at_1": 0.48197,
        "map_at_3": 0.69215,
        "map_at_5": 0.72097,
        "map_at_10": 0.74026,
        "map_at_20": 0.74835,
        "map_at_100": 0.75283,
        "map_at_1000": 0.75283,
        "recall_at_1": 0.48197,
        "recall_at_3": 0.73997,
        "recall_at_5": 0.80587,
        "recall_at_10": 0.88217,
        "recall_at_20": 0.94405,
        "recall_at_100": 1.0,
        "recall_at_1000": 1.0,
        "precision_at_1": 0.75,
        "precision_at_3": 0.43806,
        "precision_at_5": 0.29291,
        "precision_at_10": 0.16436,
        "precision_at_20": 0.08944,
        "precision_at_100": 0.01934,
        "precision_at_1000": 0.00193,
        "mrr_at_1": 0.75,
        "mrr_at_3": 0.797297,
        "mrr_at_5": 0.80549,
        "mrr_at_10": 0.813176,
        "mrr_at_20": 0.815741,
        "mrr_at_100": 0.816262,
        "mrr_at_1000": 0.816262,
        "nauc_ndcg_at_1_max": 0.531216,
        "nauc_ndcg_at_1_std": 0.410812,
        "nauc_ndcg_at_1_diff1": 0.605053,
        "nauc_ndcg_at_3_max": 0.561922,
        "nauc_ndcg_at_3_std": 0.458212,
        "nauc_ndcg_at_3_diff1": 0.505926,
        "nauc_ndcg_at_5_max": 0.599013,
        "nauc_ndcg_at_5_std": 0.501884,
        "nauc_ndcg_at_5_diff1": 0.528186,
        "nauc_ndcg_at_10_max": 0.602831,
        "nauc_ndcg_at_10_std": 0.512558,
        "nauc_ndcg_at_10_diff1": 0.548477,
        "nauc_ndcg_at_20_max": 0.59454,
        "nauc_ndcg_at_20_std": 0.502815,
        "nauc_ndcg_at_20_diff1": 0.548578,
        "nauc_ndcg_at_100_max": 0.57829,
        "nauc_ndcg_at_100_std": 0.4786,
        "nauc_ndcg_at_100_diff1": 0.542956,
        "nauc_ndcg_at_1000_max": 0.57829,
        "nauc_ndcg_at_1000_std": 0.4786,
        "nauc_ndcg_at_1000_diff1": 0.542956,
        "nauc_map_at_1_max": 0.288482,
        "nauc_map_at_1_std": 0.140713,
        "nauc_map_at_1_diff1": 0.506877,
        "nauc_map_at_3_max": 0.522052,
        "nauc_map_at_3_std": 0.404601,
        "nauc_map_at_3_diff1": 0.483257,
        "nauc_map_at_5_max": 0.55571,
        "nauc_map_at_5_std": 0.449209,
        "nauc_map_at_5_diff1": 0.496365,
        "nauc_map_at_10_max": 0.560562,
        "nauc_map_at_10_std": 0.458193,
        "nauc_map_at_10_diff1": 0.50961,
        "nauc_map_at_20_max": 0.558521,
        "nauc_map_at_20_std": 0.455916,
        "nauc_map_at_20_diff1": 0.509922,
        "nauc_map_at_100_max": 0.554534,
        "nauc_map_at_100_std": 0.450029,
        "nauc_map_at_100_diff1": 0.508428,
        "nauc_map_at_1000_max": 0.554534,
        "nauc_map_at_1000_std": 0.450029,
        "nauc_map_at_1000_diff1": 0.508428,
        "nauc_recall_at_1_max": 0.288482,
        "nauc_recall_at_1_std": 0.140713,
        "nauc_recall_at_1_diff1": 0.506877,
        "nauc_recall_at_3_max": 0.567052,
        "nauc_recall_at_3_std": 0.469713,
        "nauc_recall_at_3_diff1": 0.46161,
        "nauc_recall_at_5_max": 0.650317,
        "nauc_recall_at_5_std": 0.573122,
        "nauc_recall_at_5_diff1": 0.495386,
        "nauc_recall_at_10_max": 0.692007,
        "nauc_recall_at_10_std": 0.650405,
        "nauc_recall_at_10_diff1": 0.556398,
        "nauc_recall_at_20_max": 0.717563,
        "nauc_recall_at_20_std": 0.710267,
        "nauc_recall_at_20_diff1": 0.572597,
        "nauc_recall_at_100_max": NaN,
        "nauc_recall_at_100_std": NaN,
        "nauc_recall_at_100_diff1": NaN,
        "nauc_recall_at_1000_max": NaN,
        "nauc_recall_at_1000_std": NaN,
        "nauc_recall_at_1000_diff1": NaN,
        "nauc_precision_at_1_max": 0.531216,
        "nauc_precision_at_1_std": 0.410812,
        "nauc_precision_at_1_diff1": 0.605053,
        "nauc_precision_at_3_max": 0.363841,
        "nauc_precision_at_3_std": 0.412965,
        "nauc_precision_at_3_diff1": 0.076838,
        "nauc_precision_at_5_max": 0.307496,
        "nauc_precision_at_5_std": 0.389351,
        "nauc_precision_at_5_diff1": 0.023808,
        "nauc_precision_at_10_max": 0.17882,
        "nauc_precision_at_10_std": 0.289659,
        "nauc_precision_at_10_diff1": -0.06691,
        "nauc_precision_at_20_max": 0.047453,
        "nauc_precision_at_20_std": 0.174826,
        "nauc_precision_at_20_diff1": -0.177076,
        "nauc_precision_at_100_max": -0.103278,
        "nauc_precision_at_100_std": 0.021192,
        "nauc_precision_at_100_diff1": -0.289211,
        "nauc_precision_at_1000_max": -0.103278,
        "nauc_precision_at_1000_std": 0.021192,
        "nauc_precision_at_1000_diff1": -0.289211,
        "nauc_mrr_at_1_max": 0.531216,
        "nauc_mrr_at_1_std": 0.410812,
        "nauc_mrr_at_1_diff1": 0.605053,
        "nauc_mrr_at_3_max": 0.611954,
        "nauc_mrr_at_3_std": 0.514031,
        "nauc_mrr_at_3_diff1": 0.614051,
        "nauc_mrr_at_5_max": 0.616603,
        "nauc_mrr_at_5_std": 0.520559,
        "nauc_mrr_at_5_diff1": 0.621452,
        "nauc_mrr_at_10_max": 0.605869,
        "nauc_mrr_at_10_std": 0.508125,
        "nauc_mrr_at_10_diff1": 0.618122,
        "nauc_mrr_at_20_max": 0.602586,
        "nauc_mrr_at_20_std": 0.503478,
        "nauc_mrr_at_20_diff1": 0.618093,
        "nauc_mrr_at_100_max": 0.601649,
        "nauc_mrr_at_100_std": 0.502242,
        "nauc_mrr_at_100_diff1": 0.617382,
        "nauc_mrr_at_1000_max": 0.601649,
        "nauc_mrr_at_1000_std": 0.502242,
        "nauc_mrr_at_1000_diff1": 0.617382,
        "main_score": 0.7971,
        "hf_subset": "default",
        "languages": [
          "kor-Hang"
        ]
      }
    ]
  },
  "evaluation_time": 46112.8206050396,
  "kg_co2_emissions": null
}