{
  "dataset_revision": "main",
  "task_name": "MIRACLRetrieval",
  "mteb_version": "1.38.1",
  "scores": {
    "dev": [
      {
        "ndcg_at_1": 0.7277,
        "ndcg_at_3": 0.76083,
        "ndcg_at_5": 0.78361,
        "ndcg_at_10": 0.82354,
        "ndcg_at_20": 0.84131,
        "ndcg_at_100": 0.84675,
        "ndcg_at_1000": 0.84675,
        "map_at_1": 0.45118,
        "map_at_3": 0.63669,
        "map_at_5": 0.70167,
        "map_at_10": 0.75283,
        "map_at_20": 0.76677,
        "map_at_100": 0.76897,
        "map_at_1000": 0.76897,
        "recall_at_1": 0.45118,
        "recall_at_3": 0.71304,
        "recall_at_5": 0.82024,
        "recall_at_10": 0.93661,
        "recall_at_20": 0.98165,
        "recall_at_100": 1.0,
        "recall_at_1000": 1.0,
        "precision_at_1": 0.7277,
        "precision_at_3": 0.48044,
        "precision_at_5": 0.36808,
        "precision_at_10": 0.23005,
        "precision_at_20": 0.12559,
        "precision_at_100": 0.02568,
        "precision_at_1000": 0.00257,
        "mrr_at_1": 0.7277,
        "mrr_at_3": 0.812207,
        "mrr_at_5": 0.818075,
        "mrr_at_10": 0.823478,
        "mrr_at_20": 0.824174,
        "mrr_at_100": 0.824398,
        "mrr_at_1000": 0.824398,
        "nauc_ndcg_at_1_max": 0.376133,
        "nauc_ndcg_at_1_std": 0.011728,
        "nauc_ndcg_at_1_diff1": 0.307733,
        "nauc_ndcg_at_3_max": 0.178248,
        "nauc_ndcg_at_3_std": -0.22174,
        "nauc_ndcg_at_3_diff1": 0.386484,
        "nauc_ndcg_at_5_max": 0.126863,
        "nauc_ndcg_at_5_std": -0.297873,
        "nauc_ndcg_at_5_diff1": 0.428018,
        "nauc_ndcg_at_10_max": 0.251939,
        "nauc_ndcg_at_10_std": -0.193185,
        "nauc_ndcg_at_10_diff1": 0.391113,
        "nauc_ndcg_at_20_max": 0.268141,
        "nauc_ndcg_at_20_std": -0.136698,
        "nauc_ndcg_at_20_diff1": 0.366116,
        "nauc_ndcg_at_100_max": 0.264739,
        "nauc_ndcg_at_100_std": -0.133503,
        "nauc_ndcg_at_100_diff1": 0.354499,
        "nauc_ndcg_at_1000_max": 0.264739,
        "nauc_ndcg_at_1000_std": -0.133503,
        "nauc_ndcg_at_1000_diff1": 0.354499,
        "nauc_map_at_1_max": -0.074733,
        "nauc_map_at_1_std": -0.409247,
        "nauc_map_at_1_diff1": 0.532183,
        "nauc_map_at_3_max": -0.006821,
        "nauc_map_at_3_std": -0.439142,
        "nauc_map_at_3_diff1": 0.501129,
        "nauc_map_at_5_max": 0.075541,
        "nauc_map_at_5_std": -0.395495,
        "nauc_map_at_5_diff1": 0.471863,
        "nauc_map_at_10_max": 0.182876,
        "nauc_map_at_10_std": -0.251439,
        "nauc_map_at_10_diff1": 0.405593,
        "nauc_map_at_20_max": 0.185957,
        "nauc_map_at_20_std": -0.213216,
        "nauc_map_at_20_diff1": 0.388093,
        "nauc_map_at_100_max": 0.185408,
        "nauc_map_at_100_std": -0.213281,
        "nauc_map_at_100_diff1": 0.384885,
        "nauc_map_at_1000_max": 0.185408,
        "nauc_map_at_1000_std": -0.213281,
        "nauc_map_at_1000_diff1": 0.384885,
        "nauc_recall_at_1_max": -0.074733,
        "nauc_recall_at_1_std": -0.409247,
        "nauc_recall_at_1_diff1": 0.532183,
        "nauc_recall_at_3_max": -0.113813,
        "nauc_recall_at_3_std": -0.56528,
        "nauc_recall_at_3_diff1": 0.545608,
        "nauc_recall_at_5_max": -0.100734,
        "nauc_recall_at_5_std": -0.650028,
        "nauc_recall_at_5_diff1": 0.586183,
        "nauc_recall_at_10_max": 0.185661,
        "nauc_recall_at_10_std": -0.415883,
        "nauc_recall_at_10_diff1": 0.535178,
        "nauc_recall_at_20_max": 0.381648,
        "nauc_recall_at_20_std": -0.215679,
        "nauc_recall_at_20_diff1": 0.61905,
        "nauc_recall_at_100_max": NaN,
        "nauc_recall_at_100_std": NaN,
        "nauc_recall_at_100_diff1": NaN,
        "nauc_recall_at_1000_max": NaN,
        "nauc_recall_at_1000_std": NaN,
        "nauc_recall_at_1000_diff1": NaN,
        "nauc_precision_at_1_max": 0.376133,
        "nauc_precision_at_1_std": 0.011728,
        "nauc_precision_at_1_diff1": 0.307733,
        "nauc_precision_at_3_max": 0.366564,
        "nauc_precision_at_3_std": 0.327953,
        "nauc_precision_at_3_diff1": -0.256135,
        "nauc_precision_at_5_max": 0.349573,
        "nauc_precision_at_5_std": 0.412935,
        "nauc_precision_at_5_diff1": -0.346178,
        "nauc_precision_at_10_max": 0.336321,
        "nauc_precision_at_10_std": 0.540559,
        "nauc_precision_at_10_diff1": -0.416171,
        "nauc_precision_at_20_max": 0.284404,
        "nauc_precision_at_20_std": 0.563636,
        "nauc_precision_at_20_diff1": -0.425823,
        "nauc_precision_at_100_max": 0.271736,
        "nauc_precision_at_100_std": 0.560274,
        "nauc_precision_at_100_diff1": -0.438882,
        "nauc_precision_at_1000_max": 0.271736,
        "nauc_precision_at_1000_std": 0.560274,
        "nauc_precision_at_1000_diff1": -0.438882,
        "nauc_mrr_at_1_max": 0.376133,
        "nauc_mrr_at_1_std": 0.011728,
        "nauc_mrr_at_1_diff1": 0.307733,
        "nauc_mrr_at_3_max": 0.400812,
        "nauc_mrr_at_3_std": -0.003434,
        "nauc_mrr_at_3_diff1": 0.322851,
        "nauc_mrr_at_5_max": 0.394412,
        "nauc_mrr_at_5_std": -0.012197,
        "nauc_mrr_at_5_diff1": 0.324835,
        "nauc_mrr_at_10_max": 0.394761,
        "nauc_mrr_at_10_std": -0.004894,
        "nauc_mrr_at_10_diff1": 0.319775,
        "nauc_mrr_at_20_max": 0.394578,
        "nauc_mrr_at_20_std": -0.003504,
        "nauc_mrr_at_20_diff1": 0.319271,
        "nauc_mrr_at_100_max": 0.394352,
        "nauc_mrr_at_100_std": -0.002712,
        "nauc_mrr_at_100_diff1": 0.3187,
        "nauc_mrr_at_1000_max": 0.394352,
        "nauc_mrr_at_1000_std": -0.002712,
        "nauc_mrr_at_1000_diff1": 0.3187,
        "main_score": 0.82354,
        "hf_subset": "ko",
        "languages": [
          "kor-Kore"
        ]
      }
    ]
  },
  "evaluation_time": 13842.623021364212,
  "kg_co2_emissions": null
}