{
  "dataset_revision": "main",
  "task_name": "MIRACLRetrieval",
  "mteb_version": "1.38.1",
  "scores": {
    "dev": [
      {
        "ndcg_at_1": 0.62441,
        "ndcg_at_3": 0.59522,
        "ndcg_at_5": 0.628,
        "ndcg_at_10": 0.672,
        "ndcg_at_20": 0.70363,
        "ndcg_at_100": 0.73201,
        "ndcg_at_1000": 0.73547,
        "map_at_1": 0.38119,
        "map_at_3": 0.48624,
        "map_at_5": 0.53479,
        "map_at_10": 0.57905,
        "map_at_20": 0.59515,
        "map_at_100": 0.60517,
        "map_at_1000": 0.60549,
        "recall_at_1": 0.38119,
        "recall_at_3": 0.53865,
        "recall_at_5": 0.66421,
        "recall_at_10": 0.78449,
        "recall_at_20": 0.8793,
        "recall_at_100": 0.9803,
        "recall_at_1000": 1.0,
        "precision_at_1": 0.62441,
        "precision_at_3": 0.35837,
        "precision_at_5": 0.28169,
        "precision_at_10": 0.18592,
        "precision_at_20": 0.10704,
        "precision_at_100": 0.02507,
        "precision_at_1000": 0.00257,
        "mrr_at_1": 0.619718,
        "mrr_at_3": 0.690923,
        "mrr_at_5": 0.710172,
        "mrr_at_10": 0.715901,
        "mrr_at_20": 0.719542,
        "mrr_at_100": 0.720312,
        "mrr_at_1000": 0.720366,
        "nauc_ndcg_at_1_max": 0.297238,
        "nauc_ndcg_at_1_std": 0.047297,
        "nauc_ndcg_at_1_diff1": 0.195263,
        "nauc_ndcg_at_3_max": 0.123754,
        "nauc_ndcg_at_3_std": -0.141101,
        "nauc_ndcg_at_3_diff1": 0.297122,
        "nauc_ndcg_at_5_max": 0.09297,
        "nauc_ndcg_at_5_std": -0.213922,
        "nauc_ndcg_at_5_diff1": 0.303331,
        "nauc_ndcg_at_10_max": 0.128151,
        "nauc_ndcg_at_10_std": -0.198424,
        "nauc_ndcg_at_10_diff1": 0.309111,
        "nauc_ndcg_at_20_max": 0.168868,
        "nauc_ndcg_at_20_std": -0.172045,
        "nauc_ndcg_at_20_diff1": 0.282202,
        "nauc_ndcg_at_100_max": 0.194384,
        "nauc_ndcg_at_100_std": -0.110573,
        "nauc_ndcg_at_100_diff1": 0.26586,
        "nauc_ndcg_at_1000_max": 0.194846,
        "nauc_ndcg_at_1000_std": -0.104003,
        "nauc_ndcg_at_1000_diff1": 0.268572,
        "nauc_map_at_1_max": -0.040952,
        "nauc_map_at_1_std": -0.313519,
        "nauc_map_at_1_diff1": 0.478588,
        "nauc_map_at_3_max": 0.006602,
        "nauc_map_at_3_std": -0.295244,
        "nauc_map_at_3_diff1": 0.404731,
        "nauc_map_at_5_max": 0.044766,
        "nauc_map_at_5_std": -0.280446,
        "nauc_map_at_5_diff1": 0.371272,
        "nauc_map_at_10_max": 0.079422,
        "nauc_map_at_10_std": -0.24777,
        "nauc_map_at_10_diff1": 0.34763,
        "nauc_map_at_20_max": 0.101038,
        "nauc_map_at_20_std": -0.229627,
        "nauc_map_at_20_diff1": 0.332158,
        "nauc_map_at_100_max": 0.106328,
        "nauc_map_at_100_std": -0.215111,
        "nauc_map_at_100_diff1": 0.329071,
        "nauc_map_at_1000_max": 0.106504,
        "nauc_map_at_1000_std": -0.214483,
        "nauc_map_at_1000_diff1": 0.328809,
        "nauc_recall_at_1_max": -0.040952,
        "nauc_recall_at_1_std": -0.313519,
        "nauc_recall_at_1_diff1": 0.478588,
        "nauc_recall_at_3_max": -0.020081,
        "nauc_recall_at_3_std": -0.316204,
        "nauc_recall_at_3_diff1": 0.402305,
        "nauc_recall_at_5_max": -0.035746,
        "nauc_recall_at_5_std": -0.376325,
        "nauc_recall_at_5_diff1": 0.326955,
        "nauc_recall_at_10_max": -0.038603,
        "nauc_recall_at_10_std": -0.415988,
        "nauc_recall_at_10_diff1": 0.335377,
        "nauc_recall_at_20_max": 0.011233,
        "nauc_recall_at_20_std": -0.513576,
        "nauc_recall_at_20_diff1": 0.244329,
        "nauc_recall_at_100_max": 0.249675,
        "nauc_recall_at_100_std": -0.305654,
        "nauc_recall_at_100_diff1": -0.124211,
        "nauc_recall_at_1000_max": NaN,
        "nauc_recall_at_1000_std": NaN,
        "nauc_recall_at_1000_diff1": NaN,
        "nauc_precision_at_1_max": 0.297238,
        "nauc_precision_at_1_std": 0.047297,
        "nauc_precision_at_1_diff1": 0.195263,
        "nauc_precision_at_3_max": 0.304638,
        "nauc_precision_at_3_std": 0.222012,
        "nauc_precision_at_3_diff1": -0.146335,
        "nauc_precision_at_5_max": 0.345742,
        "nauc_precision_at_5_std": 0.314673,
        "nauc_precision_at_5_diff1": -0.284573,
        "nauc_precision_at_10_max": 0.2991,
        "nauc_precision_at_10_std": 0.360079,
        "nauc_precision_at_10_diff1": -0.315219,
        "nauc_precision_at_20_max": 0.307928,
        "nauc_precision_at_20_std": 0.399027,
        "nauc_precision_at_20_diff1": -0.358944,
        "nauc_precision_at_100_max": 0.273886,
        "nauc_precision_at_100_std": 0.465787,
        "nauc_precision_at_100_diff1": -0.36649,
        "nauc_precision_at_1000_max": 0.269059,
        "nauc_precision_at_1000_std": 0.477858,
        "nauc_precision_at_1000_diff1": -0.369778,
        "nauc_mrr_at_1_max": 0.292053,
        "nauc_mrr_at_1_std": 0.038201,
        "nauc_mrr_at_1_diff1": 0.209046,
        "nauc_mrr_at_3_max": 0.325005,
        "nauc_mrr_at_3_std": 0.058227,
        "nauc_mrr_at_3_diff1": 0.191908,
        "nauc_mrr_at_5_max": 0.327039,
        "nauc_mrr_at_5_std": 0.063479,
        "nauc_mrr_at_5_diff1": 0.181503,
        "nauc_mrr_at_10_max": 0.324994,
        "nauc_mrr_at_10_std": 0.060649,
        "nauc_mrr_at_10_diff1": 0.189592,
        "nauc_mrr_at_20_max": 0.324627,
        "nauc_mrr_at_20_std": 0.057608,
        "nauc_mrr_at_20_diff1": 0.188089,
        "nauc_mrr_at_100_max": 0.323992,
        "nauc_mrr_at_100_std": 0.057845,
        "nauc_mrr_at_100_diff1": 0.187884,
        "nauc_mrr_at_1000_max": 0.323881,
        "nauc_mrr_at_1000_std": 0.057756,
        "nauc_mrr_at_1000_diff1": 0.188114,
        "main_score": 0.672,
        "hf_subset": "ko",
        "languages": [
          "kor-Kore"
        ]
      }
    ]
  },
  "evaluation_time": 13258.039625167847,
  "kg_co2_emissions": null
}