{
  "dataset_revision": "fc24a3ce8f09746410daee3d5cd823ff7a0675b7",
  "task_name": "MrTidyRetrieval",
  "mteb_version": "1.38.1",
  "scores": {
    "test": [
      {
        "ndcg_at_1": 0.44893,
        "ndcg_at_3": 0.5252,
        "ndcg_at_5": 0.55967,
        "ndcg_at_10": 0.58484,
        "ndcg_at_20": 0.60353,
        "ndcg_at_100": 0.6279,
        "ndcg_at_1000": 0.63762,
        "map_at_1": 0.41924,
        "map_at_3": 0.49505,
        "map_at_5": 0.51544,
        "map_at_10": 0.52737,
        "map_at_20": 0.5328,
        "map_at_100": 0.53675,
        "map_at_1000": 0.53716,
        "recall_at_1": 0.41924,
        "recall_at_3": 0.58551,
        "recall_at_5": 0.6635,
        "recall_at_10": 0.73634,
        "recall_at_20": 0.80562,
        "recall_at_100": 0.92874,
        "recall_at_1000": 1.0,
        "precision_at_1": 0.44893,
        "precision_at_3": 0.21298,
        "precision_at_5": 0.14774,
        "precision_at_10": 0.0829,
        "precision_at_20": 0.04608,
        "precision_at_100": 0.01081,
        "precision_at_1000": 0.00117,
        "mrr_at_1": 0.451306,
        "mrr_at_3": 0.527712,
        "mrr_at_5": 0.545883,
        "mrr_at_10": 0.554226,
        "mrr_at_20": 0.558958,
        "mrr_at_100": 0.561655,
        "mrr_at_1000": 0.562001,
        "nauc_ndcg_at_1_max": 0.180628,
        "nauc_ndcg_at_1_std": -0.194408,
        "nauc_ndcg_at_1_diff1": 0.400119,
        "nauc_ndcg_at_3_max": 0.113163,
        "nauc_ndcg_at_3_std": -0.268422,
        "nauc_ndcg_at_3_diff1": 0.374957,
        "nauc_ndcg_at_5_max": 0.117738,
        "nauc_ndcg_at_5_std": -0.263929,
        "nauc_ndcg_at_5_diff1": 0.352722,
        "nauc_ndcg_at_10_max": 0.109596,
        "nauc_ndcg_at_10_std": -0.273357,
        "nauc_ndcg_at_10_diff1": 0.357021,
        "nauc_ndcg_at_20_max": 0.116971,
        "nauc_ndcg_at_20_std": -0.276414,
        "nauc_ndcg_at_20_diff1": 0.356205,
        "nauc_ndcg_at_100_max": 0.132964,
        "nauc_ndcg_at_100_std": -0.253003,
        "nauc_ndcg_at_100_diff1": 0.35824,
        "nauc_ndcg_at_1000_max": 0.131326,
        "nauc_ndcg_at_1000_std": -0.251016,
        "nauc_ndcg_at_1000_diff1": 0.361613,
        "nauc_map_at_1_max": 0.156415,
        "nauc_map_at_1_std": -0.19395,
        "nauc_map_at_1_diff1": 0.379631,
        "nauc_map_at_3_max": 0.117606,
        "nauc_map_at_3_std": -0.256297,
        "nauc_map_at_3_diff1": 0.380496,
        "nauc_map_at_5_max": 0.120815,
        "nauc_map_at_5_std": -0.255071,
        "nauc_map_at_5_diff1": 0.37068,
        "nauc_map_at_10_max": 0.118026,
        "nauc_map_at_10_std": -0.257853,
        "nauc_map_at_10_diff1": 0.372228,
        "nauc_map_at_20_max": 0.120939,
        "nauc_map_at_20_std": -0.25806,
        "nauc_map_at_20_diff1": 0.371144,
        "nauc_map_at_100_max": 0.124074,
        "nauc_map_at_100_std": -0.253641,
        "nauc_map_at_100_diff1": 0.371179,
        "nauc_map_at_1000_max": 0.124005,
        "nauc_map_at_1000_std": -0.253484,
        "nauc_map_at_1000_diff1": 0.371258,
        "nauc_recall_at_1_max": 0.156415,
        "nauc_recall_at_1_std": -0.19395,
        "nauc_recall_at_1_diff1": 0.379631,
        "nauc_recall_at_3_max": 0.070577,
        "nauc_recall_at_3_std": -0.31335,
        "nauc_recall_at_3_diff1": 0.352849,
        "nauc_recall_at_5_max": 0.074451,
        "nauc_recall_at_5_std": -0.308726,
        "nauc_recall_at_5_diff1": 0.291107,
        "nauc_recall_at_10_max": 0.028527,
        "nauc_recall_at_10_std": -0.359372,
        "nauc_recall_at_10_diff1": 0.299823,
        "nauc_recall_at_20_max": 0.044286,
        "nauc_recall_at_20_std": -0.410094,
        "nauc_recall_at_20_diff1": 0.282316,
        "nauc_recall_at_100_max": 0.16191,
        "nauc_recall_at_100_std": -0.285649,
        "nauc_recall_at_100_diff1": 0.252916,
        "nauc_recall_at_1000_max": NaN,
        "nauc_recall_at_1000_std": NaN,
        "nauc_recall_at_1000_diff1": NaN,
        "nauc_precision_at_1_max": 0.180628,
        "nauc_precision_at_1_std": -0.194408,
        "nauc_precision_at_1_diff1": 0.400119,
        "nauc_precision_at_3_max": 0.082972,
        "nauc_precision_at_3_std": -0.315813,
        "nauc_precision_at_3_diff1": 0.376601,
        "nauc_precision_at_5_max": 0.088719,
        "nauc_precision_at_5_std": -0.261851,
        "nauc_precision_at_5_diff1": 0.265982,
        "nauc_precision_at_10_max": 0.045768,
        "nauc_precision_at_10_std": -0.233997,
        "nauc_precision_at_10_diff1": 0.21329,
        "nauc_precision_at_20_max": 0.075029,
        "nauc_precision_at_20_std": -0.179409,
        "nauc_precision_at_20_diff1": 0.13993,
        "nauc_precision_at_100_max": 0.140517,
        "nauc_precision_at_100_std": 0.097764,
        "nauc_precision_at_100_diff1": -0.008119,
        "nauc_precision_at_1000_max": 0.092274,
        "nauc_precision_at_1000_std": 0.198587,
        "nauc_precision_at_1000_diff1": -0.080481,
        "nauc_mrr_at_1_max": 0.188478,
        "nauc_mrr_at_1_std": -0.182932,
        "nauc_mrr_at_1_diff1": 0.393774,
        "nauc_mrr_at_3_max": 0.157343,
        "nauc_mrr_at_3_std": -0.228035,
        "nauc_mrr_at_3_diff1": 0.369378,
        "nauc_mrr_at_5_max": 0.156841,
        "nauc_mrr_at_5_std": -0.223958,
        "nauc_mrr_at_5_diff1": 0.35439,
        "nauc_mrr_at_10_max": 0.156513,
        "nauc_mrr_at_10_std": -0.226223,
        "nauc_mrr_at_10_diff1": 0.356514,
        "nauc_mrr_at_20_max": 0.156593,
        "nauc_mrr_at_20_std": -0.227715,
        "nauc_mrr_at_20_diff1": 0.358669,
        "nauc_mrr_at_100_max": 0.158855,
        "nauc_mrr_at_100_std": -0.224397,
        "nauc_mrr_at_100_diff1": 0.358904,
        "nauc_mrr_at_1000_max": 0.158856,
        "nauc_mrr_at_1000_std": -0.224223,
        "nauc_mrr_at_1000_diff1": 0.358867,
        "main_score": 0.58484,
        "hf_subset": "korean",
        "languages": [
          "kor-Kore"
        ]
      }
    ]
  },
  "evaluation_time": 27654.51200580597,
  "kg_co2_emissions": null
}