{
  "dataset_revision": "fc24a3ce8f09746410daee3d5cd823ff7a0675b7",
  "task_name": "MrTidyRetrieval",
  "mteb_version": "1.38.1",
  "scores": {
    "test": [
      {
        "ndcg_at_1": 0.53682,
        "ndcg_at_3": 0.62376,
        "ndcg_at_5": 0.66521,
        "ndcg_at_10": 0.69463,
        "ndcg_at_20": 0.71655,
        "ndcg_at_100": 0.72726,
        "ndcg_at_1000": 0.72726,
        "map_at_1": 0.49881,
        "map_at_3": 0.59244,
        "map_at_5": 0.61679,
        "map_at_10": 0.6308,
        "map_at_20": 0.63759,
        "map_at_100": 0.63963,
        "map_at_1000": 0.63963,
        "recall_at_1": 0.49881,
        "recall_at_3": 0.68646,
        "recall_at_5": 0.78385,
        "recall_at_10": 0.86817,
        "recall_at_20": 0.94933,
        "recall_at_100": 1.0,
        "recall_at_1000": 1.0,
        "precision_at_1": 0.53682,
        "precision_at_3": 0.25574,
        "precision_at_5": 0.17625,
        "precision_at_10": 0.09952,
        "precision_at_20": 0.05534,
        "precision_at_100": 0.01169,
        "precision_at_1000": 0.00117,
        "mrr_at_1": 0.546318,
        "mrr_at_3": 0.627078,
        "mrr_at_5": 0.648219,
        "mrr_at_10": 0.657799,
        "mrr_at_20": 0.66235,
        "mrr_at_100": 0.663832,
        "mrr_at_1000": 0.663832,
        "nauc_ndcg_at_1_max": 0.027256,
        "nauc_ndcg_at_1_std": -0.243388,
        "nauc_ndcg_at_1_diff1": 0.479527,
        "nauc_ndcg_at_3_max": -0.014541,
        "nauc_ndcg_at_3_std": -0.272406,
        "nauc_ndcg_at_3_diff1": 0.451036,
        "nauc_ndcg_at_5_max": -0.020696,
        "nauc_ndcg_at_5_std": -0.277965,
        "nauc_ndcg_at_5_diff1": 0.443744,
        "nauc_ndcg_at_10_max": -0.01276,
        "nauc_ndcg_at_10_std": -0.274691,
        "nauc_ndcg_at_10_diff1": 0.434041,
        "nauc_ndcg_at_20_max": -0.007738,
        "nauc_ndcg_at_20_std": -0.275784,
        "nauc_ndcg_at_20_diff1": 0.447134,
        "nauc_ndcg_at_100_max": -0.003854,
        "nauc_ndcg_at_100_std": -0.26744,
        "nauc_ndcg_at_100_diff1": 0.44822,
        "nauc_ndcg_at_1000_max": -0.003854,
        "nauc_ndcg_at_1000_std": -0.26744,
        "nauc_ndcg_at_1000_diff1": 0.44822,
        "nauc_map_at_1_max": 0.023422,
        "nauc_map_at_1_std": -0.242149,
        "nauc_map_at_1_diff1": 0.458173,
        "nauc_map_at_3_max": -0.019407,
        "nauc_map_at_3_std": -0.282245,
        "nauc_map_at_3_diff1": 0.459118,
        "nauc_map_at_5_max": -0.022037,
        "nauc_map_at_5_std": -0.285422,
        "nauc_map_at_5_diff1": 0.456862,
        "nauc_map_at_10_max": -0.013843,
        "nauc_map_at_10_std": -0.280291,
        "nauc_map_at_10_diff1": 0.453053,
        "nauc_map_at_20_max": -0.012663,
        "nauc_map_at_20_std": -0.2795,
        "nauc_map_at_20_diff1": 0.455566,
        "nauc_map_at_100_max": -0.012221,
        "nauc_map_at_100_std": -0.278452,
        "nauc_map_at_100_diff1": 0.455813,
        "nauc_map_at_1000_max": -0.012221,
        "nauc_map_at_1000_std": -0.278452,
        "nauc_map_at_1000_diff1": 0.455813,
        "nauc_recall_at_1_max": 0.023422,
        "nauc_recall_at_1_std": -0.242149,
        "nauc_recall_at_1_diff1": 0.458173,
        "nauc_recall_at_3_max": -0.038914,
        "nauc_recall_at_3_std": -0.276481,
        "nauc_recall_at_3_diff1": 0.426491,
        "nauc_recall_at_5_max": -0.07168,
        "nauc_recall_at_5_std": -0.300902,
        "nauc_recall_at_5_diff1": 0.395163,
        "nauc_recall_at_10_max": -0.084897,
        "nauc_recall_at_10_std": -0.328093,
        "nauc_recall_at_10_diff1": 0.318333,
        "nauc_recall_at_20_max": -0.087329,
        "nauc_recall_at_20_std": -0.440748,
        "nauc_recall_at_20_diff1": 0.417871,
        "nauc_recall_at_100_max": NaN,
        "nauc_recall_at_100_std": NaN,
        "nauc_recall_at_100_diff1": NaN,
        "nauc_recall_at_1000_max": NaN,
        "nauc_recall_at_1000_std": NaN,
        "nauc_recall_at_1000_diff1": NaN,
        "nauc_precision_at_1_max": 0.027256,
        "nauc_precision_at_1_std": -0.243388,
        "nauc_precision_at_1_diff1": 0.479527,
        "nauc_precision_at_3_max": -0.042175,
        "nauc_precision_at_3_std": -0.234571,
        "nauc_precision_at_3_diff1": 0.362243,
        "nauc_precision_at_5_max": -0.043408,
        "nauc_precision_at_5_std": -0.186371,
        "nauc_precision_at_5_diff1": 0.26458,
        "nauc_precision_at_10_max": -0.001641,
        "nauc_precision_at_10_std": -0.062321,
        "nauc_precision_at_10_diff1": 0.088294,
        "nauc_precision_at_20_max": 0.021392,
        "nauc_precision_at_20_std": 0.049511,
        "nauc_precision_at_20_diff1": -0.044846,
        "nauc_precision_at_100_max": 0.05153,
        "nauc_precision_at_100_std": 0.152767,
        "nauc_precision_at_100_diff1": -0.149594,
        "nauc_precision_at_1000_max": 0.05153,
        "nauc_precision_at_1000_std": 0.152767,
        "nauc_precision_at_1000_diff1": -0.149594,
        "nauc_mrr_at_1_max": 0.056638,
        "nauc_mrr_at_1_std": -0.220006,
        "nauc_mrr_at_1_diff1": 0.455934,
        "nauc_mrr_at_3_max": 0.047427,
        "nauc_mrr_at_3_std": -0.217885,
        "nauc_mrr_at_3_diff1": 0.434025,
        "nauc_mrr_at_5_max": 0.042017,
        "nauc_mrr_at_5_std": -0.221535,
        "nauc_mrr_at_5_diff1": 0.428736,
        "nauc_mrr_at_10_max": 0.04187,
        "nauc_mrr_at_10_std": -0.222795,
        "nauc_mrr_at_10_diff1": 0.426505,
        "nauc_mrr_at_20_max": 0.042921,
        "nauc_mrr_at_20_std": -0.224675,
        "nauc_mrr_at_20_diff1": 0.430652,
        "nauc_mrr_at_100_max": 0.043234,
        "nauc_mrr_at_100_std": -0.22345,
        "nauc_mrr_at_100_diff1": 0.431028,
        "nauc_mrr_at_1000_max": 0.043234,
        "nauc_mrr_at_1000_std": -0.22345,
        "nauc_mrr_at_1000_diff1": 0.431028,
        "main_score": 0.69463,
        "hf_subset": "korean",
        "languages": [
          "kor-Kore"
        ]
      }
    ]
  },
  "evaluation_time": 28816.466145038605,
  "kg_co2_emissions": null
}