{
  "dataset_revision": "d67138e705d963e346253a80e59676ddb418810a",
  "task_name": "MultiLongDocRetrieval",
  "mteb_version": "1.38.1",
  "scores": {
    "test": [
      {
        "ndcg_at_1": 0.175,
        "ndcg_at_3": 0.20327,
        "ndcg_at_5": 0.21747,
        "ndcg_at_10": 0.23194,
        "ndcg_at_20": 0.2475,
        "ndcg_at_100": 0.28684,
        "ndcg_at_1000": 0.33727,
        "map_at_1": 0.175,
        "map_at_3": 0.19583,
        "map_at_5": 0.20358,
        "map_at_10": 0.2095,
        "map_at_20": 0.21397,
        "map_at_100": 0.21893,
        "map_at_1000": 0.2205,
        "recall_at_1": 0.175,
        "recall_at_3": 0.225,
        "recall_at_5": 0.26,
        "recall_at_10": 0.305,
        "recall_at_20": 0.365,
        "recall_at_100": 0.585,
        "recall_at_1000": 1.0,
        "precision_at_1": 0.175,
        "precision_at_3": 0.075,
        "precision_at_5": 0.052,
        "precision_at_10": 0.0305,
        "precision_at_20": 0.01825,
        "precision_at_100": 0.00585,
        "precision_at_1000": 0.001,
        "mrr_at_1": 0.175,
        "mrr_at_3": 0.195833,
        "mrr_at_5": 0.204833,
        "mrr_at_10": 0.210214,
        "mrr_at_20": 0.214704,
        "mrr_at_100": 0.219793,
        "mrr_at_1000": 0.221346,
        "nauc_ndcg_at_1_max": 0.268995,
        "nauc_ndcg_at_1_std": 0.045623,
        "nauc_ndcg_at_1_diff1": 0.542992,
        "nauc_ndcg_at_3_max": 0.229524,
        "nauc_ndcg_at_3_std": 0.008027,
        "nauc_ndcg_at_3_diff1": 0.476277,
        "nauc_ndcg_at_5_max": 0.235075,
        "nauc_ndcg_at_5_std": 0.01755,
        "nauc_ndcg_at_5_diff1": 0.478341,
        "nauc_ndcg_at_10_max": 0.253455,
        "nauc_ndcg_at_10_std": 0.042148,
        "nauc_ndcg_at_10_diff1": 0.475458,
        "nauc_ndcg_at_20_max": 0.25089,
        "nauc_ndcg_at_20_std": 0.045957,
        "nauc_ndcg_at_20_diff1": 0.462377,
        "nauc_ndcg_at_100_max": 0.241717,
        "nauc_ndcg_at_100_std": 0.040746,
        "nauc_ndcg_at_100_diff1": 0.448637,
        "nauc_ndcg_at_1000_max": 0.244796,
        "nauc_ndcg_at_1000_std": 0.035783,
        "nauc_ndcg_at_1000_diff1": 0.467923,
        "nauc_map_at_1_max": 0.268995,
        "nauc_map_at_1_std": 0.045623,
        "nauc_map_at_1_diff1": 0.542992,
        "nauc_map_at_3_max": 0.239379,
        "nauc_map_at_3_std": 0.017369,
        "nauc_map_at_3_diff1": 0.49277,
        "nauc_map_at_5_max": 0.242408,
        "nauc_map_at_5_std": 0.022629,
        "nauc_map_at_5_diff1": 0.493267,
        "nauc_map_at_10_max": 0.250347,
        "nauc_map_at_10_std": 0.033138,
        "nauc_map_at_10_diff1": 0.491785,
        "nauc_map_at_20_max": 0.249373,
        "nauc_map_at_20_std": 0.034207,
        "nauc_map_at_20_diff1": 0.487671,
        "nauc_map_at_100_max": 0.248063,
        "nauc_map_at_100_std": 0.033047,
        "nauc_map_at_100_diff1": 0.486352,
        "nauc_map_at_1000_max": 0.248096,
        "nauc_map_at_1000_std": 0.032861,
        "nauc_map_at_1000_diff1": 0.486829,
        "nauc_recall_at_1_max": 0.268995,
        "nauc_recall_at_1_std": 0.045623,
        "nauc_recall_at_1_diff1": 0.542992,
        "nauc_recall_at_3_max": 0.20294,
        "nauc_recall_at_3_std": -0.017157,
        "nauc_recall_at_3_diff1": 0.431844,
        "nauc_recall_at_5_max": 0.216834,
        "nauc_recall_at_5_std": 0.005623,
        "nauc_recall_at_5_diff1": 0.440693,
        "nauc_recall_at_10_max": 0.267126,
        "nauc_recall_at_10_std": 0.072843,
        "nauc_recall_at_10_diff1": 0.435672,
        "nauc_recall_at_20_max": 0.259472,
        "nauc_recall_at_20_std": 0.085084,
        "nauc_recall_at_20_diff1": 0.394454,
        "nauc_recall_at_100_max": 0.21543,
        "nauc_recall_at_100_std": 0.070217,
        "nauc_recall_at_100_diff1": 0.309811,
        "nauc_recall_at_1000_max": NaN,
        "nauc_recall_at_1000_std": NaN,
        "nauc_recall_at_1000_diff1": NaN,
        "nauc_precision_at_1_max": 0.268995,
        "nauc_precision_at_1_std": 0.045623,
        "nauc_precision_at_1_diff1": 0.542992,
        "nauc_precision_at_3_max": 0.20294,
        "nauc_precision_at_3_std": -0.017157,
        "nauc_precision_at_3_diff1": 0.431844,
        "nauc_precision_at_5_max": 0.216834,
        "nauc_precision_at_5_std": 0.005623,
        "nauc_precision_at_5_diff1": 0.440693,
        "nauc_precision_at_10_max": 0.267126,
        "nauc_precision_at_10_std": 0.072843,
        "nauc_precision_at_10_diff1": 0.435672,
        "nauc_precision_at_20_max": 0.259472,
        "nauc_precision_at_20_std": 0.085084,
        "nauc_precision_at_20_diff1": 0.394454,
        "nauc_precision_at_100_max": 0.21543,
        "nauc_precision_at_100_std": 0.070217,
        "nauc_precision_at_100_diff1": 0.309811,
        "nauc_precision_at_1000_max": 1.0,
        "nauc_precision_at_1000_std": 1.0,
        "nauc_precision_at_1000_diff1": 1.0,
        "nauc_mrr_at_1_max": 0.268995,
        "nauc_mrr_at_1_std": 0.045623,
        "nauc_mrr_at_1_diff1": 0.542992,
        "nauc_mrr_at_3_max": 0.239379,
        "nauc_mrr_at_3_std": 0.017369,
        "nauc_mrr_at_3_diff1": 0.49277,
        "nauc_mrr_at_5_max": 0.239161,
        "nauc_mrr_at_5_std": 0.020013,
        "nauc_mrr_at_5_diff1": 0.4903,
        "nauc_mrr_at_10_max": 0.249487,
        "nauc_mrr_at_10_std": 0.033216,
        "nauc_mrr_at_10_diff1": 0.490424,
        "nauc_mrr_at_20_max": 0.24848,
        "nauc_mrr_at_20_std": 0.034238,
        "nauc_mrr_at_20_diff1": 0.486291,
        "nauc_mrr_at_100_max": 0.246972,
        "nauc_mrr_at_100_std": 0.032881,
        "nauc_mrr_at_100_diff1": 0.484848,
        "nauc_mrr_at_1000_max": 0.247108,
        "nauc_mrr_at_1000_std": 0.032809,
        "nauc_mrr_at_1000_diff1": 0.485402,
        "main_score": 0.23194,
        "hf_subset": "ko",
        "languages": [
          "kor-Hang"
        ]
      }
    ]
  },
  "evaluation_time": 34729.92399644852,
  "kg_co2_emissions": null
}