{
  "dataset_revision": "d67138e705d963e346253a80e59676ddb418810a",
  "task_name": "MultiLongDocRetrieval",
  "mteb_version": "1.38.1",
  "scores": {
    "test": [
      {
        "ndcg_at_1": 0.21,
        "ndcg_at_3": 0.26036,
        "ndcg_at_5": 0.27693,
        "ndcg_at_10": 0.31603,
        "ndcg_at_20": 0.37092,
        "ndcg_at_100": 0.43497,
        "ndcg_at_1000": 0.43497,
        "map_at_1": 0.21,
        "map_at_3": 0.24833,
        "map_at_5": 0.25758,
        "map_at_10": 0.27389,
        "map_at_20": 0.28858,
        "map_at_100": 0.29867,
        "map_at_1000": 0.29867,
        "recall_at_1": 0.21,
        "recall_at_3": 0.295,
        "recall_at_5": 0.335,
        "recall_at_10": 0.455,
        "recall_at_20": 0.675,
        "recall_at_100": 1.0,
        "recall_at_1000": 1.0,
        "precision_at_1": 0.21,
        "precision_at_3": 0.09833,
        "precision_at_5": 0.067,
        "precision_at_10": 0.0455,
        "precision_at_20": 0.03375,
        "precision_at_100": 0.01,
        "precision_at_1000": 0.001,
        "mrr_at_1": 0.21,
        "mrr_at_3": 0.248333,
        "mrr_at_5": 0.257583,
        "mrr_at_10": 0.27396,
        "mrr_at_20": 0.288913,
        "mrr_at_100": 0.299083,
        "mrr_at_1000": 0.299083,
        "nauc_ndcg_at_1_max": 0.230264,
        "nauc_ndcg_at_1_std": 0.164394,
        "nauc_ndcg_at_1_diff1": 0.414319,
        "nauc_ndcg_at_3_max": 0.220509,
        "nauc_ndcg_at_3_std": 0.163516,
        "nauc_ndcg_at_3_diff1": 0.384119,
        "nauc_ndcg_at_5_max": 0.209937,
        "nauc_ndcg_at_5_std": 0.149711,
        "nauc_ndcg_at_5_diff1": 0.362621,
        "nauc_ndcg_at_10_max": 0.203427,
        "nauc_ndcg_at_10_std": 0.142786,
        "nauc_ndcg_at_10_diff1": 0.34339,
        "nauc_ndcg_at_20_max": 0.220985,
        "nauc_ndcg_at_20_std": 0.161278,
        "nauc_ndcg_at_20_diff1": 0.358251,
        "nauc_ndcg_at_100_max": 0.211662,
        "nauc_ndcg_at_100_std": 0.151642,
        "nauc_ndcg_at_100_diff1": 0.36354,
        "nauc_ndcg_at_1000_max": 0.211662,
        "nauc_ndcg_at_1000_std": 0.151642,
        "nauc_ndcg_at_1000_diff1": 0.36354,
        "nauc_map_at_1_max": 0.230264,
        "nauc_map_at_1_std": 0.164394,
        "nauc_map_at_1_diff1": 0.414319,
        "nauc_map_at_3_max": 0.220928,
        "nauc_map_at_3_std": 0.162215,
        "nauc_map_at_3_diff1": 0.388559,
        "nauc_map_at_5_max": 0.215175,
        "nauc_map_at_5_std": 0.154535,
        "nauc_map_at_5_diff1": 0.376403,
        "nauc_map_at_10_max": 0.212534,
        "nauc_map_at_10_std": 0.151983,
        "nauc_map_at_10_diff1": 0.367141,
        "nauc_map_at_20_max": 0.216362,
        "nauc_map_at_20_std": 0.155856,
        "nauc_map_at_20_diff1": 0.370716,
        "nauc_map_at_100_max": 0.214375,
        "nauc_map_at_100_std": 0.153937,
        "nauc_map_at_100_diff1": 0.371409,
        "nauc_map_at_1000_max": 0.214375,
        "nauc_map_at_1000_std": 0.153937,
        "nauc_map_at_1000_diff1": 0.371409,
        "nauc_recall_at_1_max": 0.230264,
        "nauc_recall_at_1_std": 0.164394,
        "nauc_recall_at_1_diff1": 0.414319,
        "nauc_recall_at_3_max": 0.220069,
        "nauc_recall_at_3_std": 0.167553,
        "nauc_recall_at_3_diff1": 0.373182,
        "nauc_recall_at_5_max": 0.1952,
        "nauc_recall_at_5_std": 0.135634,
        "nauc_recall_at_5_diff1": 0.324486,
        "nauc_recall_at_10_max": 0.176445,
        "nauc_recall_at_10_std": 0.114464,
        "nauc_recall_at_10_diff1": 0.275279,
        "nauc_recall_at_20_max": 0.25591,
        "nauc_recall_at_20_std": 0.19953,
        "nauc_recall_at_20_diff1": 0.328289,
        "nauc_recall_at_100_max": NaN,
        "nauc_recall_at_100_std": NaN,
        "nauc_recall_at_100_diff1": NaN,
        "nauc_recall_at_1000_max": NaN,
        "nauc_recall_at_1000_std": NaN,
        "nauc_recall_at_1000_diff1": NaN,
        "nauc_precision_at_1_max": 0.230264,
        "nauc_precision_at_1_std": 0.164394,
        "nauc_precision_at_1_diff1": 0.414319,
        "nauc_precision_at_3_max": 0.220069,
        "nauc_precision_at_3_std": 0.167553,
        "nauc_precision_at_3_diff1": 0.373182,
        "nauc_precision_at_5_max": 0.1952,
        "nauc_precision_at_5_std": 0.135634,
        "nauc_precision_at_5_diff1": 0.324486,
        "nauc_precision_at_10_max": 0.176445,
        "nauc_precision_at_10_std": 0.114464,
        "nauc_precision_at_10_diff1": 0.275279,
        "nauc_precision_at_20_max": 0.25591,
        "nauc_precision_at_20_std": 0.19953,
        "nauc_precision_at_20_diff1": 0.328289,
        "nauc_precision_at_100_max": 1.0,
        "nauc_precision_at_100_std": 1.0,
        "nauc_precision_at_100_diff1": 1.0,
        "nauc_precision_at_1000_max": 1.0,
        "nauc_precision_at_1000_std": 1.0,
        "nauc_precision_at_1000_diff1": 1.0,
        "nauc_mrr_at_1_max": 0.230264,
        "nauc_mrr_at_1_std": 0.164394,
        "nauc_mrr_at_1_diff1": 0.414319,
        "nauc_mrr_at_3_max": 0.220928,
        "nauc_mrr_at_3_std": 0.162215,
        "nauc_mrr_at_3_diff1": 0.388559,
        "nauc_mrr_at_5_max": 0.215175,
        "nauc_mrr_at_5_std": 0.154535,
        "nauc_mrr_at_5_diff1": 0.376403,
        "nauc_mrr_at_10_max": 0.212419,
        "nauc_mrr_at_10_std": 0.151866,
        "nauc_mrr_at_10_diff1": 0.36703,
        "nauc_mrr_at_20_max": 0.216026,
        "nauc_mrr_at_20_std": 0.155467,
        "nauc_mrr_at_20_diff1": 0.37053,
        "nauc_mrr_at_100_max": 0.213907,
        "nauc_mrr_at_100_std": 0.15341,
        "nauc_mrr_at_100_diff1": 0.371144,
        "nauc_mrr_at_1000_max": 0.213907,
        "nauc_mrr_at_1000_std": 0.15341,
        "nauc_mrr_at_1000_diff1": 0.371144,
        "main_score": 0.31603,
        "hf_subset": "ko",
        "languages": [
          "kor-Hang"
        ]
      }
    ]
  },
  "evaluation_time": 36509.771679639816,
  "kg_co2_emissions": null
}