{
  "dataset_revision": "main",
  "task_name": "PublicHealthQA",
  "mteb_version": "1.38.1",
  "scores": {
    "test": [
      {
        "ndcg_at_1": 0.35065,
        "ndcg_at_3": 0.4094,
        "ndcg_at_5": 0.41945,
        "ndcg_at_10": 0.43534,
        "ndcg_at_20": 0.43884,
        "ndcg_at_100": 0.44965,
        "ndcg_at_1000": 0.44965,
        "map_at_1": 0.35065,
        "map_at_3": 0.39394,
        "map_at_5": 0.39913,
        "map_at_10": 0.40519,
        "map_at_20": 0.40628,
        "map_at_100": 0.40821,
        "map_at_1000": 0.40821,
        "recall_at_1": 0.35065,
        "recall_at_3": 0.45455,
        "recall_at_5": 0.48052,
        "recall_at_10": 0.53247,
        "recall_at_20": 0.54545,
        "recall_at_100": 0.5974,
        "recall_at_1000": 0.5974,
        "precision_at_1": 0.35065,
        "precision_at_3": 0.15152,
        "precision_at_5": 0.0961,
        "precision_at_10": 0.05325,
        "precision_at_20": 0.02727,
        "precision_at_100": 0.00597,
        "precision_at_1000": 0.0006,
        "mrr_at_1": 0.350649,
        "mrr_at_3": 0.393939,
        "mrr_at_5": 0.399784,
        "mrr_at_10": 0.404545,
        "mrr_at_20": 0.406808,
        "mrr_at_100": 0.408738,
        "mrr_at_1000": 0.408738,
        "nauc_ndcg_at_1_max": 0.376007,
        "nauc_ndcg_at_1_std": 0.119854,
        "nauc_ndcg_at_1_diff1": 0.563269,
        "nauc_ndcg_at_3_max": 0.37047,
        "nauc_ndcg_at_3_std": 0.101937,
        "nauc_ndcg_at_3_diff1": 0.575986,
        "nauc_ndcg_at_5_max": 0.359948,
        "nauc_ndcg_at_5_std": 0.090455,
        "nauc_ndcg_at_5_diff1": 0.571796,
        "nauc_ndcg_at_10_max": 0.352797,
        "nauc_ndcg_at_10_std": 0.088878,
        "nauc_ndcg_at_10_diff1": 0.561901,
        "nauc_ndcg_at_20_max": 0.348481,
        "nauc_ndcg_at_20_std": 0.087933,
        "nauc_ndcg_at_20_diff1": 0.555177,
        "nauc_ndcg_at_100_max": 0.349865,
        "nauc_ndcg_at_100_std": 0.108146,
        "nauc_ndcg_at_100_diff1": 0.536607,
        "nauc_ndcg_at_1000_max": 0.349865,
        "nauc_ndcg_at_1000_std": 0.108146,
        "nauc_ndcg_at_1000_diff1": 0.536607,
        "nauc_map_at_1_max": 0.376007,
        "nauc_map_at_1_std": 0.119854,
        "nauc_map_at_1_diff1": 0.563269,
        "nauc_map_at_3_max": 0.370893,
        "nauc_map_at_3_std": 0.104551,
        "nauc_map_at_3_diff1": 0.575931,
        "nauc_map_at_5_max": 0.365463,
        "nauc_map_at_5_std": 0.098629,
        "nauc_map_at_5_diff1": 0.573768,
        "nauc_map_at_10_max": 0.361504,
        "nauc_map_at_10_std": 0.096538,
        "nauc_map_at_10_diff1": 0.568896,
        "nauc_map_at_20_max": 0.360196,
        "nauc_map_at_20_std": 0.096259,
        "nauc_map_at_20_diff1": 0.566853,
        "nauc_map_at_100_max": 0.360567,
        "nauc_map_at_100_std": 0.100053,
        "nauc_map_at_100_diff1": 0.56356,
        "nauc_map_at_1000_max": 0.360567,
        "nauc_map_at_1000_std": 0.100053,
        "nauc_map_at_1000_diff1": 0.56356,
        "nauc_recall_at_1_max": 0.376007,
        "nauc_recall_at_1_std": 0.119854,
        "nauc_recall_at_1_diff1": 0.563269,
        "nauc_recall_at_3_max": 0.369623,
        "nauc_recall_at_3_std": 0.095086,
        "nauc_recall_at_3_diff1": 0.574909,
        "nauc_recall_at_5_max": 0.342254,
        "nauc_recall_at_5_std": 0.065167,
        "nauc_recall_at_5_diff1": 0.564003,
        "nauc_recall_at_10_max": 0.324566,
        "nauc_recall_at_10_std": 0.067401,
        "nauc_recall_at_10_diff1": 0.536646,
        "nauc_recall_at_20_max": 0.307518,
        "nauc_recall_at_20_std": 0.063456,
        "nauc_recall_at_20_diff1": 0.510351,
        "nauc_recall_at_100_max": 0.311089,
        "nauc_recall_at_100_std": 0.165157,
        "nauc_recall_at_100_diff1": 0.41095,
        "nauc_recall_at_1000_max": 0.311089,
        "nauc_recall_at_1000_std": 0.165157,
        "nauc_recall_at_1000_diff1": 0.41095,
        "nauc_precision_at_1_max": 0.376007,
        "nauc_precision_at_1_std": 0.119854,
        "nauc_precision_at_1_diff1": 0.563269,
        "nauc_precision_at_3_max": 0.369623,
        "nauc_precision_at_3_std": 0.095086,
        "nauc_precision_at_3_diff1": 0.574909,
        "nauc_precision_at_5_max": 0.342254,
        "nauc_precision_at_5_std": 0.065167,
        "nauc_precision_at_5_diff1": 0.564003,
        "nauc_precision_at_10_max": 0.324566,
        "nauc_precision_at_10_std": 0.067401,
        "nauc_precision_at_10_diff1": 0.536646,
        "nauc_precision_at_20_max": 0.307518,
        "nauc_precision_at_20_std": 0.063456,
        "nauc_precision_at_20_diff1": 0.510351,
        "nauc_precision_at_100_max": 0.311089,
        "nauc_precision_at_100_std": 0.165157,
        "nauc_precision_at_100_diff1": 0.41095,
        "nauc_precision_at_1000_max": 0.311089,
        "nauc_precision_at_1000_std": 0.165157,
        "nauc_precision_at_1000_diff1": 0.41095,
        "nauc_mrr_at_1_max": 0.376007,
        "nauc_mrr_at_1_std": 0.119854,
        "nauc_mrr_at_1_diff1": 0.563269,
        "nauc_mrr_at_3_max": 0.370893,
        "nauc_mrr_at_3_std": 0.104551,
        "nauc_mrr_at_3_diff1": 0.575931,
        "nauc_mrr_at_5_max": 0.363712,
        "nauc_mrr_at_5_std": 0.096817,
        "nauc_mrr_at_5_diff1": 0.572066,
        "nauc_mrr_at_10_max": 0.358659,
        "nauc_mrr_at_10_std": 0.092533,
        "nauc_mrr_at_10_diff1": 0.568481,
        "nauc_mrr_at_20_max": 0.358337,
        "nauc_mrr_at_20_std": 0.094238,
        "nauc_mrr_at_20_diff1": 0.565259,
        "nauc_mrr_at_100_max": 0.358705,
        "nauc_mrr_at_100_std": 0.098029,
        "nauc_mrr_at_100_diff1": 0.561962,
        "nauc_mrr_at_1000_max": 0.358705,
        "nauc_mrr_at_1000_std": 0.098029,
        "nauc_mrr_at_1000_diff1": 0.561962,
        "main_score": 0.43534,
        "hf_subset": "korean",
        "languages": [
          "kor-Hang"
        ]
      }
    ]
  },
  "evaluation_time": 787.6413521766663,
  "kg_co2_emissions": null
}