{
  "dataset_revision": "main",
  "task_name": "PublicHealthQA",
  "mteb_version": "1.38.1",
  "scores": {
    "test": [
      {
        "ndcg_at_1": 0.53247,
        "ndcg_at_3": 0.63049,
        "ndcg_at_5": 0.6685,
        "ndcg_at_10": 0.68618,
        "ndcg_at_20": 0.70928,
        "ndcg_at_100": 0.72167,
        "ndcg_at_1000": 0.72167,
        "map_at_1": 0.53247,
        "map_at_3": 0.60606,
        "map_at_5": 0.62749,
        "map_at_10": 0.6353,
        "map_at_20": 0.6417,
        "map_at_100": 0.64351,
        "map_at_1000": 0.64351,
        "recall_at_1": 0.53247,
        "recall_at_3": 0.7013,
        "recall_at_5": 0.79221,
        "recall_at_10": 0.84416,
        "recall_at_20": 0.93506,
        "recall_at_100": 1.0,
        "recall_at_1000": 1.0,
        "precision_at_1": 0.53247,
        "precision_at_3": 0.23377,
        "precision_at_5": 0.15844,
        "precision_at_10": 0.08442,
        "precision_at_20": 0.04675,
        "precision_at_100": 0.01,
        "precision_at_1000": 0.001,
        "mrr_at_1": 0.532468,
        "mrr_at_3": 0.606061,
        "mrr_at_5": 0.630736,
        "mrr_at_10": 0.636379,
        "mrr_at_20": 0.642738,
        "mrr_at_100": 0.644551,
        "mrr_at_1000": 0.644551,
        "nauc_ndcg_at_1_max": 0.174988,
        "nauc_ndcg_at_1_std": -0.176707,
        "nauc_ndcg_at_1_diff1": 0.504548,
        "nauc_ndcg_at_3_max": 0.159495,
        "nauc_ndcg_at_3_std": -0.188463,
        "nauc_ndcg_at_3_diff1": 0.389516,
        "nauc_ndcg_at_5_max": 0.159807,
        "nauc_ndcg_at_5_std": -0.216605,
        "nauc_ndcg_at_5_diff1": 0.428516,
        "nauc_ndcg_at_10_max": 0.129843,
        "nauc_ndcg_at_10_std": -0.263588,
        "nauc_ndcg_at_10_diff1": 0.438145,
        "nauc_ndcg_at_20_max": 0.149077,
        "nauc_ndcg_at_20_std": -0.229962,
        "nauc_ndcg_at_20_diff1": 0.432264,
        "nauc_ndcg_at_100_max": 0.156433,
        "nauc_ndcg_at_100_std": -0.21457,
        "nauc_ndcg_at_100_diff1": 0.440384,
        "nauc_ndcg_at_1000_max": 0.156433,
        "nauc_ndcg_at_1000_std": -0.21457,
        "nauc_ndcg_at_1000_diff1": 0.440384,
        "nauc_map_at_1_max": 0.174988,
        "nauc_map_at_1_std": -0.176707,
        "nauc_map_at_1_diff1": 0.504548,
        "nauc_map_at_3_max": 0.164232,
        "nauc_map_at_3_std": -0.183758,
        "nauc_map_at_3_diff1": 0.420033,
        "nauc_map_at_5_max": 0.164609,
        "nauc_map_at_5_std": -0.198198,
        "nauc_map_at_5_diff1": 0.440347,
        "nauc_map_at_10_max": 0.153178,
        "nauc_map_at_10_std": -0.216015,
        "nauc_map_at_10_diff1": 0.445115,
        "nauc_map_at_20_max": 0.159135,
        "nauc_map_at_20_std": -0.206334,
        "nauc_map_at_20_diff1": 0.443355,
        "nauc_map_at_100_max": 0.160172,
        "nauc_map_at_100_std": -0.204626,
        "nauc_map_at_100_diff1": 0.445035,
        "nauc_map_at_1000_max": 0.160172,
        "nauc_map_at_1000_std": -0.204626,
        "nauc_map_at_1000_diff1": 0.445035,
        "nauc_recall_at_1_max": 0.174988,
        "nauc_recall_at_1_std": -0.176707,
        "nauc_recall_at_1_diff1": 0.504548,
        "nauc_recall_at_3_max": 0.143081,
        "nauc_recall_at_3_std": -0.205239,
        "nauc_recall_at_3_diff1": 0.28577,
        "nauc_recall_at_5_max": 0.138742,
        "nauc_recall_at_5_std": -0.302889,
        "nauc_recall_at_5_diff1": 0.388181,
        "nauc_recall_at_10_max": -0.017203,
        "nauc_recall_at_10_std": -0.56148,
        "nauc_recall_at_10_diff1": 0.417017,
        "nauc_recall_at_20_max": 0.027218,
        "nauc_recall_at_20_std": -0.509429,
        "nauc_recall_at_20_diff1": 0.325954,
        "nauc_recall_at_100_max": NaN,
        "nauc_recall_at_100_std": NaN,
        "nauc_recall_at_100_diff1": NaN,
        "nauc_recall_at_1000_max": NaN,
        "nauc_recall_at_1000_std": NaN,
        "nauc_recall_at_1000_diff1": NaN,
        "nauc_precision_at_1_max": 0.174988,
        "nauc_precision_at_1_std": -0.176707,
        "nauc_precision_at_1_diff1": 0.504548,
        "nauc_precision_at_3_max": 0.143081,
        "nauc_precision_at_3_std": -0.205239,
        "nauc_precision_at_3_diff1": 0.28577,
        "nauc_precision_at_5_max": 0.138742,
        "nauc_precision_at_5_std": -0.302889,
        "nauc_precision_at_5_diff1": 0.388181,
        "nauc_precision_at_10_max": -0.017203,
        "nauc_precision_at_10_std": -0.56148,
        "nauc_precision_at_10_diff1": 0.417017,
        "nauc_precision_at_20_max": 0.027218,
        "nauc_precision_at_20_std": -0.509429,
        "nauc_precision_at_20_diff1": 0.325954,
        "nauc_precision_at_100_max": 1.0,
        "nauc_precision_at_100_std": 1.0,
        "nauc_precision_at_100_diff1": 1.0,
        "nauc_precision_at_1000_max": NaN,
        "nauc_precision_at_1000_std": NaN,
        "nauc_precision_at_1000_diff1": NaN,
        "nauc_mrr_at_1_max": 0.174988,
        "nauc_mrr_at_1_std": -0.176707,
        "nauc_mrr_at_1_diff1": 0.504548,
        "nauc_mrr_at_3_max": 0.164232,
        "nauc_mrr_at_3_std": -0.183758,
        "nauc_mrr_at_3_diff1": 0.420033,
        "nauc_mrr_at_5_max": 0.154627,
        "nauc_mrr_at_5_std": -0.211151,
        "nauc_mrr_at_5_diff1": 0.432622,
        "nauc_mrr_at_10_max": 0.149761,
        "nauc_mrr_at_10_std": -0.220457,
        "nauc_mrr_at_10_diff1": 0.442508,
        "nauc_mrr_at_20_max": 0.155694,
        "nauc_mrr_at_20_std": -0.210725,
        "nauc_mrr_at_20_diff1": 0.440535,
        "nauc_mrr_at_100_max": 0.156725,
        "nauc_mrr_at_100_std": -0.209011,
        "nauc_mrr_at_100_diff1": 0.442198,
        "nauc_mrr_at_1000_max": 0.156725,
        "nauc_mrr_at_1000_std": -0.209011,
        "nauc_mrr_at_1000_diff1": 0.442198,
        "main_score": 0.68618,
        "hf_subset": "korean",
        "languages": [
          "kor-Hang"
        ]
      }
    ]
  },
  "evaluation_time": 487.3389539718628,
  "kg_co2_emissions": null
}