{
  "dataset_revision": "c99d599f0a6ab9b85b065da6f9d94f9cf731679f",
  "task_name": "XPQARetrieval",
  "mteb_version": "1.38.1",
  "scores": {
    "test": [
      {
        "ndcg_at_1": 0.22783,
        "ndcg_at_3": 0.25553,
        "ndcg_at_5": 0.28077,
        "ndcg_at_10": 0.30885,
        "ndcg_at_20": 0.33309,
        "ndcg_at_100": 0.38039,
        "ndcg_at_1000": 0.41742,
        "map_at_1": 0.16055,
        "map_at_3": 0.23073,
        "map_at_5": 0.24929,
        "map_at_10": 0.26308,
        "map_at_20": 0.27068,
        "map_at_100": 0.27834,
        "map_at_1000": 0.27977,
        "recall_at_1": 0.16055,
        "recall_at_3": 0.27571,
        "recall_at_5": 0.33532,
        "recall_at_10": 0.41165,
        "recall_at_20": 0.4973,
        "recall_at_100": 0.72263,
        "recall_at_1000": 1.0,
        "precision_at_1": 0.22783,
        "precision_at_3": 0.14679,
        "precision_at_5": 0.10826,
        "precision_at_10": 0.06682,
        "precision_at_20": 0.03998,
        "precision_at_100": 0.0117,
        "precision_at_1000": 0.00156,
        "mrr_at_1": 0.229358,
        "mrr_at_3": 0.270133,
        "mrr_at_5": 0.284047,
        "mrr_at_10": 0.29426,
        "mrr_at_20": 0.300644,
        "mrr_at_100": 0.306288,
        "mrr_at_1000": 0.307209,
        "nauc_ndcg_at_1_max": 0.101094,
        "nauc_ndcg_at_1_std": 0.008704,
        "nauc_ndcg_at_1_diff1": 0.322006,
        "nauc_ndcg_at_3_max": 0.118693,
        "nauc_ndcg_at_3_std": 0.029573,
        "nauc_ndcg_at_3_diff1": 0.31918,
        "nauc_ndcg_at_5_max": 0.117581,
        "nauc_ndcg_at_5_std": 0.032981,
        "nauc_ndcg_at_5_diff1": 0.29704,
        "nauc_ndcg_at_10_max": 0.138406,
        "nauc_ndcg_at_10_std": 0.052117,
        "nauc_ndcg_at_10_diff1": 0.312552,
        "nauc_ndcg_at_20_max": 0.136243,
        "nauc_ndcg_at_20_std": 0.052772,
        "nauc_ndcg_at_20_diff1": 0.30738,
        "nauc_ndcg_at_100_max": 0.160419,
        "nauc_ndcg_at_100_std": 0.078731,
        "nauc_ndcg_at_100_diff1": 0.319902,
        "nauc_ndcg_at_1000_max": 0.145808,
        "nauc_ndcg_at_1000_std": 0.060839,
        "nauc_ndcg_at_1000_diff1": 0.3154,
        "nauc_map_at_1_max": 0.078281,
        "nauc_map_at_1_std": -0.007388,
        "nauc_map_at_1_diff1": 0.307336,
        "nauc_map_at_3_max": 0.120337,
        "nauc_map_at_3_std": 0.031475,
        "nauc_map_at_3_diff1": 0.319493,
        "nauc_map_at_5_max": 0.119088,
        "nauc_map_at_5_std": 0.033219,
        "nauc_map_at_5_diff1": 0.305408,
        "nauc_map_at_10_max": 0.129392,
        "nauc_map_at_10_std": 0.04217,
        "nauc_map_at_10_diff1": 0.312382,
        "nauc_map_at_20_max": 0.128675,
        "nauc_map_at_20_std": 0.042276,
        "nauc_map_at_20_diff1": 0.310032,
        "nauc_map_at_100_max": 0.132938,
        "nauc_map_at_100_std": 0.046974,
        "nauc_map_at_100_diff1": 0.312461,
        "nauc_map_at_1000_max": 0.132534,
        "nauc_map_at_1000_std": 0.04642,
        "nauc_map_at_1000_diff1": 0.312327,
        "nauc_recall_at_1_max": 0.078281,
        "nauc_recall_at_1_std": -0.007388,
        "nauc_recall_at_1_diff1": 0.307336,
        "nauc_recall_at_3_max": 0.122346,
        "nauc_recall_at_3_std": 0.036728,
        "nauc_recall_at_3_diff1": 0.311859,
        "nauc_recall_at_5_max": 0.118844,
        "nauc_recall_at_5_std": 0.044736,
        "nauc_recall_at_5_diff1": 0.261299,
        "nauc_recall_at_10_max": 0.166977,
        "nauc_recall_at_10_std": 0.088687,
        "nauc_recall_at_10_diff1": 0.300054,
        "nauc_recall_at_20_max": 0.151672,
        "nauc_recall_at_20_std": 0.08367,
        "nauc_recall_at_20_diff1": 0.279479,
        "nauc_recall_at_100_max": 0.270609,
        "nauc_recall_at_100_std": 0.218216,
        "nauc_recall_at_100_diff1": 0.331987,
        "nauc_recall_at_1000_max": NaN,
        "nauc_recall_at_1000_std": NaN,
        "nauc_recall_at_1000_diff1": NaN,
        "nauc_precision_at_1_max": 0.101094,
        "nauc_precision_at_1_std": 0.008704,
        "nauc_precision_at_1_diff1": 0.322006,
        "nauc_precision_at_3_max": 0.126618,
        "nauc_precision_at_3_std": 0.044281,
        "nauc_precision_at_3_diff1": 0.275192,
        "nauc_precision_at_5_max": 0.119506,
        "nauc_precision_at_5_std": 0.049468,
        "nauc_precision_at_5_diff1": 0.226659,
        "nauc_precision_at_10_max": 0.163202,
        "nauc_precision_at_10_std": 0.091729,
        "nauc_precision_at_10_diff1": 0.248984,
        "nauc_precision_at_20_max": 0.160446,
        "nauc_precision_at_20_std": 0.099964,
        "nauc_precision_at_20_diff1": 0.219767,
        "nauc_precision_at_100_max": 0.245089,
        "nauc_precision_at_100_std": 0.205422,
        "nauc_precision_at_100_diff1": 0.200217,
        "nauc_precision_at_1000_max": 0.133724,
        "nauc_precision_at_1000_std": 0.108451,
        "nauc_precision_at_1000_diff1": 0.06202,
        "nauc_mrr_at_1_max": 0.096461,
        "nauc_mrr_at_1_std": 0.004413,
        "nauc_mrr_at_1_diff1": 0.316097,
        "nauc_mrr_at_3_max": 0.104011,
        "nauc_mrr_at_3_std": 0.009887,
        "nauc_mrr_at_3_diff1": 0.319424,
        "nauc_mrr_at_5_max": 0.106922,
        "nauc_mrr_at_5_std": 0.016777,
        "nauc_mrr_at_5_diff1": 0.309809,
        "nauc_mrr_at_10_max": 0.114148,
        "nauc_mrr_at_10_std": 0.02425,
        "nauc_mrr_at_10_diff1": 0.314122,
        "nauc_mrr_at_20_max": 0.115099,
        "nauc_mrr_at_20_std": 0.026177,
        "nauc_mrr_at_20_diff1": 0.314555,
        "nauc_mrr_at_100_max": 0.116595,
        "nauc_mrr_at_100_std": 0.027714,
        "nauc_mrr_at_100_diff1": 0.315638,
        "nauc_mrr_at_1000_max": 0.116371,
        "nauc_mrr_at_1000_std": 0.02738,
        "nauc_mrr_at_1000_diff1": 0.315627,
        "main_score": 0.30885,
        "hf_subset": "kor-kor",
        "languages": [
          "kor-Hang",
          "kor-Hang"
        ]
      },
      {
        "ndcg_at_1": 0.20031,
        "ndcg_at_3": 0.20022,
        "ndcg_at_5": 0.21117,
        "ndcg_at_10": 0.2335,
        "ndcg_at_20": 0.25614,
        "ndcg_at_100": 0.29684,
        "ndcg_at_1000": 0.3388,
        "map_at_1": 0.10861,
        "map_at_3": 0.16336,
        "map_at_5": 0.17724,
        "map_at_10": 0.18744,
        "map_at_20": 0.19506,
        "map_at_100": 0.20112,
        "map_at_1000": 0.20297,
        "recall_at_1": 0.10861,
        "recall_at_3": 0.19638,
        "recall_at_5": 0.23909,
        "recall_at_10": 0.29546,
        "recall_at_20": 0.36863,
        "recall_at_100": 0.55696,
        "recall_at_1000": 0.85364,
        "precision_at_1": 0.20031,
        "precision_at_3": 0.13201,
        "precision_at_5": 0.09755,
        "precision_at_10": 0.06086,
        "precision_at_20": 0.03815,
        "precision_at_100": 0.0115,
        "precision_at_1000": 0.00166,
        "mrr_at_1": 0.197248,
        "mrr_at_3": 0.236748,
        "mrr_at_5": 0.247834,
        "mrr_at_10": 0.257096,
        "mrr_at_20": 0.262217,
        "mrr_at_100": 0.266984,
        "mrr_at_1000": 0.267997,
        "nauc_ndcg_at_1_max": 0.10565,
        "nauc_ndcg_at_1_std": -0.019282,
        "nauc_ndcg_at_1_diff1": 0.268719,
        "nauc_ndcg_at_3_max": 0.098446,
        "nauc_ndcg_at_3_std": -0.023133,
        "nauc_ndcg_at_3_diff1": 0.265942,
        "nauc_ndcg_at_5_max": 0.092918,
        "nauc_ndcg_at_5_std": -0.02299,
        "nauc_ndcg_at_5_diff1": 0.256733,
        "nauc_ndcg_at_10_max": 0.106875,
        "nauc_ndcg_at_10_std": -0.009332,
        "nauc_ndcg_at_10_diff1": 0.265922,
        "nauc_ndcg_at_20_max": 0.11006,
        "nauc_ndcg_at_20_std": -0.0062,
        "nauc_ndcg_at_20_diff1": 0.26705,
        "nauc_ndcg_at_100_max": 0.131657,
        "nauc_ndcg_at_100_std": 0.017408,
        "nauc_ndcg_at_100_diff1": 0.275026,
        "nauc_ndcg_at_1000_max": 0.127625,
        "nauc_ndcg_at_1000_std": 0.015119,
        "nauc_ndcg_at_1000_diff1": 0.27192,
        "nauc_map_at_1_max": 0.10226,
        "nauc_map_at_1_std": -0.010869,