{
  "dataset_revision": "c99d599f0a6ab9b85b065da6f9d94f9cf731679f",
  "task_name": "XPQARetrieval",
  "mteb_version": "1.38.1",
  "scores": {
    "test": [
      {
        "ndcg_at_1": 0.28287,
        "ndcg_at_3": 0.33158,
        "ndcg_at_5": 0.36947,
        "ndcg_at_10": 0.41038,
        "ndcg_at_20": 0.45048,
        "ndcg_at_100": 0.51425,
        "ndcg_at_1000": 0.51425,
        "map_at_1": 0.20043,
        "map_at_3": 0.29925,
        "map_at_5": 0.32836,
        "map_at_10": 0.34708,
        "map_at_20": 0.35997,
        "map_at_100": 0.37247,
        "map_at_1000": 0.37247,
        "recall_at_1": 0.20043,
        "recall_at_3": 0.36521,
        "recall_at_5": 0.45499,
        "recall_at_10": 0.56728,
        "recall_at_20": 0.70976,
        "recall_at_100": 1.0,
        "recall_at_1000": 1.0,
        "precision_at_1": 0.28287,
        "precision_at_3": 0.18858,
        "precision_at_5": 0.14343,
        "precision_at_10": 0.08976,
        "precision_at_20": 0.05627,
        "precision_at_100": 0.01564,
        "precision_at_1000": 0.00156,
        "mrr_at_1": 0.287462,
        "mrr_at_3": 0.347859,
        "mrr_at_5": 0.36445,
        "mrr_at_10": 0.381318,
        "mrr_at_20": 0.390242,
        "mrr_at_100": 0.397966,
        "mrr_at_1000": 0.397966,
        "nauc_ndcg_at_1_max": 0.049001,
        "nauc_ndcg_at_1_std": 0.004432,
        "nauc_ndcg_at_1_diff1": 0.262699,
        "nauc_ndcg_at_3_max": 0.027191,
        "nauc_ndcg_at_3_std": -0.016505,
        "nauc_ndcg_at_3_diff1": 0.248746,
        "nauc_ndcg_at_5_max": 0.032129,
        "nauc_ndcg_at_5_std": -0.015971,
        "nauc_ndcg_at_5_diff1": 0.2456,
        "nauc_ndcg_at_10_max": 0.03323,
        "nauc_ndcg_at_10_std": -0.017676,
        "nauc_ndcg_at_10_diff1": 0.234636,
        "nauc_ndcg_at_20_max": 0.047981,
        "nauc_ndcg_at_20_std": -0.000972,
        "nauc_ndcg_at_20_diff1": 0.237984,
        "nauc_ndcg_at_100_max": 0.05052,
        "nauc_ndcg_at_100_std": 0.002945,
        "nauc_ndcg_at_100_diff1": 0.248583,
        "nauc_ndcg_at_1000_max": 0.05052,
        "nauc_ndcg_at_1000_std": 0.002945,
        "nauc_ndcg_at_1000_diff1": 0.248583,
        "nauc_map_at_1_max": 0.023301,
        "nauc_map_at_1_std": -0.022538,
        "nauc_map_at_1_diff1": 0.253618,
        "nauc_map_at_3_max": 0.036213,
        "nauc_map_at_3_std": -0.00603,
        "nauc_map_at_3_diff1": 0.250997,
        "nauc_map_at_5_max": 0.038774,
        "nauc_map_at_5_std": -0.006373,
        "nauc_map_at_5_diff1": 0.250744,
        "nauc_map_at_10_max": 0.041237,
        "nauc_map_at_10_std": -0.005615,
        "nauc_map_at_10_diff1": 0.246871,
        "nauc_map_at_20_max": 0.045869,
        "nauc_map_at_20_std": -0.000252,
        "nauc_map_at_20_diff1": 0.247986,
        "nauc_map_at_100_max": 0.047249,
        "nauc_map_at_100_std": 0.001339,
        "nauc_map_at_100_diff1": 0.249531,
        "nauc_map_at_1000_max": 0.047249,
        "nauc_map_at_1000_std": 0.001339,
        "nauc_map_at_1000_diff1": 0.249531,
        "nauc_recall_at_1_max": 0.023301,
        "nauc_recall_at_1_std": -0.022538,
        "nauc_recall_at_1_diff1": 0.253618,
        "nauc_recall_at_3_max": 0.004127,
        "nauc_recall_at_3_std": -0.038014,
        "nauc_recall_at_3_diff1": 0.227725,
        "nauc_recall_at_5_max": 0.016009,
        "nauc_recall_at_5_std": -0.035652,
        "nauc_recall_at_5_diff1": 0.218477,
        "nauc_recall_at_10_max": 0.005552,
        "nauc_recall_at_10_std": -0.053345,
        "nauc_recall_at_10_diff1": 0.17698,
        "nauc_recall_at_20_max": 0.054833,
        "nauc_recall_at_20_std": 0.001159,
        "nauc_recall_at_20_diff1": 0.174872,
        "nauc_recall_at_100_max": NaN,
        "nauc_recall_at_100_std": NaN,
        "nauc_recall_at_100_diff1": NaN,
        "nauc_recall_at_1000_max": NaN,
        "nauc_recall_at_1000_std": NaN,
        "nauc_recall_at_1000_diff1": NaN,
        "nauc_precision_at_1_max": 0.049001,
        "nauc_precision_at_1_std": 0.004432,
        "nauc_precision_at_1_diff1": 0.262699,
        "nauc_precision_at_3_max": 0.049909,
        "nauc_precision_at_3_std": 0.017682,
        "nauc_precision_at_3_diff1": 0.207633,
        "nauc_precision_at_5_max": 0.050678,
        "nauc_precision_at_5_std": 0.015486,
        "nauc_precision_at_5_diff1": 0.184176,
        "nauc_precision_at_10_max": 0.065814,
        "nauc_precision_at_10_std": 0.027733,
        "nauc_precision_at_10_diff1": 0.149634,
        "nauc_precision_at_20_max": 0.112638,
        "nauc_precision_at_20_std": 0.085404,
        "nauc_precision_at_20_diff1": 0.134968,
        "nauc_precision_at_100_max": 0.148391,
        "nauc_precision_at_100_std": 0.143602,
        "nauc_precision_at_100_diff1": 0.071269,
        "nauc_precision_at_1000_max": 0.148391,
        "nauc_precision_at_1000_std": 0.143602,
        "nauc_precision_at_1000_diff1": 0.071269,
        "nauc_mrr_at_1_max": 0.054009,
        "nauc_mrr_at_1_std": 0.011554,
        "nauc_mrr_at_1_diff1": 0.24714,
        "nauc_mrr_at_3_max": 0.030993,
        "nauc_mrr_at_3_std": -0.014443,
        "nauc_mrr_at_3_diff1": 0.246717,
        "nauc_mrr_at_5_max": 0.033408,
        "nauc_mrr_at_5_std": -0.014146,
        "nauc_mrr_at_5_diff1": 0.243027,
        "nauc_mrr_at_10_max": 0.03401,
        "nauc_mrr_at_10_std": -0.013969,
        "nauc_mrr_at_10_diff1": 0.240095,
        "nauc_mrr_at_20_max": 0.036902,
        "nauc_mrr_at_20_std": -0.010556,
        "nauc_mrr_at_20_diff1": 0.23973,
        "nauc_mrr_at_100_max": 0.035573,
        "nauc_mrr_at_100_std": -0.011526,
        "nauc_mrr_at_100_diff1": 0.240485,
        "nauc_mrr_at_1000_max": 0.035573,
        "nauc_mrr_at_1000_std": -0.011526,
        "nauc_mrr_at_1000_diff1": 0.240485,
        "main_score": 0.41038,
        "hf_subset": "kor-kor",
        "languages": [
          "kor-Hang",
          "kor-Hang"
        ]
      },
      {
        "ndcg_at_1": 0.04281,
        "ndcg_at_3": 0.03101,
        "ndcg_at_5": 0.03282,
        "ndcg_at_10": 0.03556,
        "ndcg_at_20": 0.03711,
        "ndcg_at_100": 0.0384,
        "ndcg_at_1000": 0.0384,
        "map_at_1": 0.02097,
        "map_at_3": 0.02433,
        "map_at_5": 0.0259,
        "map_at_10": 0.0268,
        "map_at_20": 0.02719,
        "map_at_100": 0.0274,
        "map_at_1000": 0.0274,
        "recall_at_1": 0.02097,
        "recall_at_3": 0.0276,
        "recall_at_5": 0.0341,
        "recall_at_10": 0.04154,
        "recall_at_20": 0.04727,
        "recall_at_100": 0.05306,
        "recall_at_1000": 0.05306,
        "precision_at_1": 0.04281,
        "precision_at_3": 0.01835,
        "precision_at_5": 0.01284,
        "precision_at_10": 0.00795,
        "precision_at_20": 0.00436,
        "precision_at_100": 0.00096,
        "precision_at_1000": 0.0001,
        "mrr_at_1": 0.042813,
        "mrr_at_3": 0.046636,
        "mrr_at_5": 0.0487,
        "mrr_at_10": 0.050408,
        "mrr_at_20": 0.05093,
        "mrr_at_100": 0.051167,
        "mrr_at_1000": 0.051167,
        "nauc_ndcg_at_1_max": 0.146937,
        "nauc_ndcg_at_1_std": 0.122394,
        "nauc_ndcg_at_1_diff1": 0.327013,
        "nauc_ndcg_at_3_max": 0.170322,
        "nauc_ndcg_at_3_std": 0.146855,
        "nauc_ndcg_at_3_diff1": 0.330195,
        "nauc_ndcg_at_5_max": 0.219179,
        "nauc_ndcg_at_5_std": 0.197924,
        "nauc_ndcg_at_5_diff1": 0.346695,
        "nauc_ndcg_at_10_max": 0.233783,
        "nauc_ndcg_at_10_std": 0.211527,
        "nauc_ndcg_at_10_diff1": 0.352142,
        "nauc_ndcg_at_20_max": 0.218129,
        "nauc_ndcg_at_20_std": 0.195687,
        "nauc_ndcg_at_20_diff1": 0.341644,
        "nauc_ndcg_at_100_max": 0.206387,
        "nauc_ndcg_at_100_std": 0.184698,
        "nauc_ndcg_at_100_diff1": 0.324054,
        "nauc_ndcg_at_1000_max": 0.206387,
        "nauc_ndcg_at_1000_std": 0.184698,
        "nauc_ndcg_at_1000_diff1": 0.324054,
        "nauc_map_at_1_max": 0.141963,
        "nauc_map_at_1_std": 0.118487,