{
  "dataset_revision": "fd7df84ac089bbec763b1c6bb1b56e985df5cc5c",
  "task_name": "AutoRAGRetrieval",
  "mteb_version": "1.38.1",
  "scores": {
    "test": [
      {
        "ndcg_at_1": 0.82456,
        "ndcg_at_3": 0.89421,
        "ndcg_at_5": 0.89799,
        "ndcg_at_10": 0.90345,
        "ndcg_at_20": 0.9056,
        "ndcg_at_100": 0.90866,
        "ndcg_at_1000": 0.90993,
        "map_at_1": 0.82456,
        "map_at_3": 0.87865,
        "map_at_5": 0.88085,
        "map_at_10": 0.88298,
        "map_at_20": 0.88353,
        "map_at_100": 0.88389,
        "map_at_1000": 0.88396,
        "recall_at_1": 0.82456,
        "recall_at_3": 0.9386,
        "recall_at_5": 0.94737,
        "recall_at_10": 0.96491,
        "recall_at_20": 0.97368,
        "recall_at_100": 0.99123,
        "recall_at_1000": 1.0,
        "precision_at_1": 0.82456,
        "precision_at_3": 0.31287,
        "precision_at_5": 0.18947,
        "precision_at_10": 0.09649,
        "precision_at_20": 0.04868,
        "precision_at_100": 0.00991,
        "precision_at_1000": 0.001,
        "mrr_at_1": 0.824561,
        "mrr_at_3": 0.878655,
        "mrr_at_5": 0.880848,
        "mrr_at_10": 0.883187,
        "mrr_at_20": 0.883735,
        "mrr_at_100": 0.884115,
        "mrr_at_1000": 0.884187,
        "nauc_ndcg_at_1_max": 0.274343,
        "nauc_ndcg_at_1_std": -0.134245,
        "nauc_ndcg_at_1_diff1": 0.865611,
        "nauc_ndcg_at_3_max": 0.463894,
        "nauc_ndcg_at_3_std": 0.032349,
        "nauc_ndcg_at_3_diff1": 0.799875,
        "nauc_ndcg_at_5_max": 0.448281,
        "nauc_ndcg_at_5_std": 0.019841,
        "nauc_ndcg_at_5_diff1": 0.802855,
        "nauc_ndcg_at_10_max": 0.447772,
        "nauc_ndcg_at_10_std": 0.046255,
        "nauc_ndcg_at_10_diff1": 0.803561,
        "nauc_ndcg_at_20_max": 0.434693,
        "nauc_ndcg_at_20_std": 0.023666,
        "nauc_ndcg_at_20_diff1": 0.809454,
        "nauc_ndcg_at_100_max": 0.416875,
        "nauc_ndcg_at_100_std": -0.008561,
        "nauc_ndcg_at_100_diff1": 0.815207,
        "nauc_ndcg_at_1000_max": 0.408336,
        "nauc_ndcg_at_1000_std": -0.013922,
        "nauc_ndcg_at_1000_diff1": 0.816566,
        "nauc_map_at_1_max": 0.274343,
        "nauc_map_at_1_std": -0.134245,
        "nauc_map_at_1_diff1": 0.865611,
        "nauc_map_at_3_max": 0.402602,
        "nauc_map_at_3_std": -0.027986,
        "nauc_map_at_3_diff1": 0.820545,
        "nauc_map_at_5_max": 0.393616,
        "nauc_map_at_5_std": -0.035401,
        "nauc_map_at_5_diff1": 0.822433,
        "nauc_map_at_10_max": 0.391238,
        "nauc_map_at_10_std": -0.030395,
        "nauc_map_at_10_diff1": 0.823182,
        "nauc_map_at_20_max": 0.38824,
        "nauc_map_at_20_std": -0.035469,
        "nauc_map_at_20_diff1": 0.824504,
        "nauc_map_at_100_max": 0.386357,
        "nauc_map_at_100_std": -0.038735,
        "nauc_map_at_100_diff1": 0.824801,
        "nauc_map_at_1000_max": 0.385959,
        "nauc_map_at_1000_std": -0.038992,
        "nauc_map_at_1000_diff1": 0.824868,
        "nauc_recall_at_1_max": 0.274343,
        "nauc_recall_at_1_std": -0.134245,
        "nauc_recall_at_1_diff1": 0.865611,
        "nauc_recall_at_3_max": 0.79575,
        "nauc_recall_at_3_std": 0.364388,
        "nauc_recall_at_3_diff1": 0.688441,
        "nauc_recall_at_5_max": 0.78341,
        "nauc_recall_at_5_std": 0.365531,
        "nauc_recall_at_5_diff1": 0.68278,
        "nauc_recall_at_10_max": 0.967447,
        "nauc_recall_at_10_std": 0.806829,
        "nauc_recall_at_10_diff1": 0.626121,
        "nauc_recall_at_20_max": 0.956596,
        "nauc_recall_at_20_std": 0.742439,
        "nauc_recall_at_20_diff1": 0.649908,
        "nauc_recall_at_100_max": 1.0,
        "nauc_recall_at_100_std": 0.357528,
        "nauc_recall_at_100_diff1": 0.722407,
        "nauc_recall_at_1000_max": NaN,
        "nauc_recall_at_1000_std": NaN,
        "nauc_recall_at_1000_diff1": NaN,
        "nauc_precision_at_1_max": 0.274343,
        "nauc_precision_at_1_std": -0.134245,
        "nauc_precision_at_1_diff1": 0.865611,
        "nauc_precision_at_3_max": 0.79575,
        "nauc_precision_at_3_std": 0.364388,
        "nauc_precision_at_3_diff1": 0.688441,
        "nauc_precision_at_5_max": 0.78341,
        "nauc_precision_at_5_std": 0.365531,
        "nauc_precision_at_5_diff1": 0.68278,
        "nauc_precision_at_10_max": 0.967447,
        "nauc_precision_at_10_std": 0.806829,
        "nauc_precision_at_10_diff1": 0.626121,
        "nauc_precision_at_20_max": 0.956596,
        "nauc_precision_at_20_std": 0.742439,
        "nauc_precision_at_20_diff1": 0.649908,
        "nauc_precision_at_100_max": 1.0,
        "nauc_precision_at_100_std": 0.357528,
        "nauc_precision_at_100_diff1": 0.722407,
        "nauc_precision_at_1000_max": 1.0,
        "nauc_precision_at_1000_std": 1.0,
        "nauc_precision_at_1000_diff1": 1.0,
        "nauc_mrr_at_1_max": 0.274343,
        "nauc_mrr_at_1_std": -0.134245,
        "nauc_mrr_at_1_diff1": 0.865611,
        "nauc_mrr_at_3_max": 0.402602,
        "nauc_mrr_at_3_std": -0.027986,
        "nauc_mrr_at_3_diff1": 0.820545,
        "nauc_mrr_at_5_max": 0.393616,
        "nauc_mrr_at_5_std": -0.035401,
        "nauc_mrr_at_5_diff1": 0.822433,
        "nauc_mrr_at_10_max": 0.3901,
        "nauc_mrr_at_10_std": -0.031803,
        "nauc_mrr_at_10_diff1": 0.823371,
        "nauc_mrr_at_20_max": 0.387091,
        "nauc_mrr_at_20_std": -0.036893,
        "nauc_mrr_at_20_diff1": 0.824696,
        "nauc_mrr_at_100_max": 0.385104,
        "nauc_mrr_at_100_std": -0.040332,
        "nauc_mrr_at_100_diff1": 0.824987,
        "nauc_mrr_at_1000_max": 0.384705,
        "nauc_mrr_at_1000_std": -0.04059,
        "nauc_mrr_at_1000_diff1": 0.825054,
        "main_score": 0.90345,
        "hf_subset": "default",
        "languages": [
          "kor-Hang"
        ]
      }
    ]
  },
  "evaluation_time": 2333.8669531345367,
  "kg_co2_emissions": null
}