{
  "dataset_revision": "fd7df84ac089bbec763b1c6bb1b56e985df5cc5c",
  "task_name": "AutoRAGRetrieval",
  "mteb_version": "1.38.1",
  "scores": {
    "test": [
      {
        "ndcg_at_1": 0.82456,
        "ndcg_at_3": 0.89421,
        "ndcg_at_5": 0.89799,
        "ndcg_at_10": 0.9099,
        "ndcg_at_20": 0.91196,
        "ndcg_at_100": 0.91375,
        "ndcg_at_1000": 0.91375,
        "map_at_1": 0.82456,
        "map_at_3": 0.87865,
        "map_at_5": 0.88085,
        "map_at_10": 0.88611,
        "map_at_20": 0.8866,
        "map_at_100": 0.8869,
        "map_at_1000": 0.8869,
        "recall_at_1": 0.82456,
        "recall_at_3": 0.9386,
        "recall_at_5": 0.94737,
        "recall_at_10": 0.98246,
        "recall_at_20": 0.99123,
        "recall_at_100": 1.0,
        "recall_at_1000": 1.0,
        "precision_at_1": 0.82456,
        "precision_at_3": 0.31287,
        "precision_at_5": 0.18947,
        "precision_at_10": 0.09825,
        "precision_at_20": 0.04956,
        "precision_at_100": 0.01,
        "precision_at_1000": 0.001,
        "mrr_at_1": 0.824561,
        "mrr_at_3": 0.878655,
        "mrr_at_5": 0.880848,
        "mrr_at_10": 0.886111,
        "mrr_at_20": 0.886598,
        "mrr_at_100": 0.886901,
        "mrr_at_1000": 0.886901,
        "nauc_ndcg_at_1_max": 0.274343,
        "nauc_ndcg_at_1_std": -0.222878,
        "nauc_ndcg_at_1_diff1": 0.868259,
        "nauc_ndcg_at_3_max": 0.463894,
        "nauc_ndcg_at_3_std": 0.00851,
        "nauc_ndcg_at_3_diff1": 0.804162,
        "nauc_ndcg_at_5_max": 0.448281,
        "nauc_ndcg_at_5_std": -0.004915,
        "nauc_ndcg_at_5_diff1": 0.807307,
        "nauc_ndcg_at_10_max": 0.406503,
        "nauc_ndcg_at_10_std": -0.057885,
        "nauc_ndcg_at_10_diff1": 0.820762,
        "nauc_ndcg_at_20_max": 0.395146,
        "nauc_ndcg_at_20_std": -0.080625,
        "nauc_ndcg_at_20_diff1": 0.827282,
        "nauc_ndcg_at_100_max": 0.382033,
        "nauc_ndcg_at_100_std": -0.104054,
        "nauc_ndcg_at_100_diff1": 0.829556,
        "nauc_ndcg_at_1000_max": 0.382033,
        "nauc_ndcg_at_1000_std": -0.104054,
        "nauc_ndcg_at_1000_diff1": 0.829556,
        "nauc_map_at_1_max": 0.274343,
        "nauc_map_at_1_std": -0.222878,
        "nauc_map_at_1_diff1": 0.868259,
        "nauc_map_at_3_max": 0.402602,
        "nauc_map_at_3_std": -0.076499,
        "nauc_map_at_3_diff1": 0.824308,
        "nauc_map_at_5_max": 0.393616,
        "nauc_map_at_5_std": -0.084847,
        "nauc_map_at_5_diff1": 0.826269,
        "nauc_map_at_10_max": 0.373701,
        "nauc_map_at_10_std": -0.113366,
        "nauc_map_at_10_diff1": 0.83236,
        "nauc_map_at_20_max": 0.371468,
        "nauc_map_at_20_std": -0.117791,
        "nauc_map_at_20_diff1": 0.83361,
        "nauc_map_at_100_max": 0.369707,
        "nauc_map_at_100_std": -0.120923,
        "nauc_map_at_100_diff1": 0.833921,
        "nauc_map_at_1000_max": 0.369707,
        "nauc_map_at_1000_std": -0.120923,
        "nauc_map_at_1000_diff1": 0.833921,
        "nauc_recall_at_1_max": 0.274343,
        "nauc_recall_at_1_std": -0.222878,
        "nauc_recall_at_1_diff1": 0.868259,
        "nauc_recall_at_3_max": 0.79575,
        "nauc_recall_at_3_std": 0.477224,
        "nauc_recall_at_3_diff1": 0.695562,
        "nauc_recall_at_5_max": 0.78341,
        "nauc_recall_at_5_std": 0.497174,
        "nauc_recall_at_5_diff1": 0.691088,
        "nauc_recall_at_10_max": 0.934894,
        "nauc_recall_at_10_std": 0.934894,
        "nauc_recall_at_10_diff1": 0.638583,
        "nauc_recall_at_20_max": 1.0,
        "nauc_recall_at_20_std": 1.0,
        "nauc_recall_at_20_diff1": 0.722407,
        "nauc_recall_at_100_max": NaN,
        "nauc_recall_at_100_std": NaN,
        "nauc_recall_at_100_diff1": NaN,
        "nauc_recall_at_1000_max": NaN,
        "nauc_recall_at_1000_std": NaN,
        "nauc_recall_at_1000_diff1": NaN,
        "nauc_precision_at_1_max": 0.274343,
        "nauc_precision_at_1_std": -0.222878,
        "nauc_precision_at_1_diff1": 0.868259,
        "nauc_precision_at_3_max": 0.79575,
        "nauc_precision_at_3_std": 0.477224,
        "nauc_precision_at_3_diff1": 0.695562,
        "nauc_precision_at_5_max": 0.78341,
        "nauc_precision_at_5_std": 0.497174,
        "nauc_precision_at_5_diff1": 0.691088,
        "nauc_precision_at_10_max": 0.934894,
        "nauc_precision_at_10_std": 0.934894,
        "nauc_precision_at_10_diff1": 0.638583,
        "nauc_precision_at_20_max": 1.0,
        "nauc_precision_at_20_std": 1.0,
        "nauc_precision_at_20_diff1": 0.722407,
        "nauc_precision_at_100_max": 1.0,
        "nauc_precision_at_100_std": 1.0,
        "nauc_precision_at_100_diff1": 1.0,
        "nauc_precision_at_1000_max": 1.0,
        "nauc_precision_at_1000_std": 1.0,
        "nauc_precision_at_1000_diff1": 1.0,
        "nauc_mrr_at_1_max": 0.274343,
        "nauc_mrr_at_1_std": -0.222878,
        "nauc_mrr_at_1_diff1": 0.868259,
        "nauc_mrr_at_3_max": 0.402602,
        "nauc_mrr_at_3_std": -0.076499,
        "nauc_mrr_at_3_diff1": 0.824308,
        "nauc_mrr_at_5_max": 0.393616,
        "nauc_mrr_at_5_std": -0.084847,
        "nauc_mrr_at_5_diff1": 0.826269,
        "nauc_mrr_at_10_max": 0.373701,
        "nauc_mrr_at_10_std": -0.113366,
        "nauc_mrr_at_10_diff1": 0.83236,
        "nauc_mrr_at_20_max": 0.371468,
        "nauc_mrr_at_20_std": -0.117791,
        "nauc_mrr_at_20_diff1": 0.83361,
        "nauc_mrr_at_100_max": 0.369707,
        "nauc_mrr_at_100_std": -0.120923,
        "nauc_mrr_at_100_diff1": 0.833921,
        "nauc_mrr_at_1000_max": 0.369707,
        "nauc_mrr_at_1000_std": -0.120923,
        "nauc_mrr_at_1000_diff1": 0.833921,
        "main_score": 0.9099,
        "hf_subset": "default",
        "languages": [
          "kor-Hang"
        ]
      }
    ]
  },
  "evaluation_time": 2523.373626947403,
  "kg_co2_emissions": null
}