{
  "dataset_revision": "75b399394a9803252cfec289d103de462763db7c",
  "task_name": "BelebeleRetrieval",
  "mteb_version": "1.38.1",
  "scores": {
    "test": [
      {
        "ndcg_at_1": 0.81,
        "ndcg_at_3": 0.85479,
        "ndcg_at_5": 0.86225,
        "ndcg_at_10": 0.87248,
        "ndcg_at_20": 0.87807,
        "ndcg_at_100": 0.88516,
        "ndcg_at_1000": 0.88607,
        "map_at_1": 0.81,
        "map_at_3": 0.84444,
        "map_at_5": 0.84867,
        "map_at_10": 0.85299,
        "map_at_20": 0.8545,
        "map_at_100": 0.85551,
        "map_at_1000": 0.85555,
        "recall_at_1": 0.81,
        "recall_at_3": 0.88444,
        "recall_at_5": 0.90222,
        "recall_at_10": 0.93333,
        "recall_at_20": 0.95556,
        "recall_at_100": 0.99333,
        "recall_at_1000": 1.0,
        "precision_at_1": 0.81,
        "precision_at_3": 0.29481,
        "precision_at_5": 0.18044,
        "precision_at_10": 0.09333,
        "precision_at_20": 0.04778,
        "precision_at_100": 0.00993,
        "precision_at_1000": 0.001,
        "mrr_at_1": 0.81,
        "mrr_at_3": 0.843519,
        "mrr_at_5": 0.848407,
        "mrr_at_10": 0.852638,
        "mrr_at_20": 0.85398,
        "mrr_at_100": 0.855011,
        "mrr_at_1000": 0.855065,
        "nauc_ndcg_at_1_max": 0.81086,
        "nauc_ndcg_at_1_std": 0.580785,
        "nauc_ndcg_at_1_diff1": 0.887125,
        "nauc_ndcg_at_3_max": 0.825879,
        "nauc_ndcg_at_3_std": 0.591952,
        "nauc_ndcg_at_3_diff1": 0.876768,
        "nauc_ndcg_at_5_max": 0.814879,
        "nauc_ndcg_at_5_std": 0.577167,
        "nauc_ndcg_at_5_diff1": 0.870962,
        "nauc_ndcg_at_10_max": 0.819579,
        "nauc_ndcg_at_10_std": 0.584539,
        "nauc_ndcg_at_10_diff1": 0.877019,
        "nauc_ndcg_at_20_max": 0.81878,
        "nauc_ndcg_at_20_std": 0.578868,
        "nauc_ndcg_at_20_diff1": 0.877893,
        "nauc_ndcg_at_100_max": 0.819309,
        "nauc_ndcg_at_100_std": 0.58412,
        "nauc_ndcg_at_100_diff1": 0.878816,
        "nauc_ndcg_at_1000_max": 0.819128,
        "nauc_ndcg_at_1000_std": 0.584107,
        "nauc_ndcg_at_1000_diff1": 0.878781,
        "nauc_map_at_1_max": 0.81086,
        "nauc_map_at_1_std": 0.580785,
        "nauc_map_at_1_diff1": 0.887125,
        "nauc_map_at_3_max": 0.823267,
        "nauc_map_at_3_std": 0.59102,
        "nauc_map_at_3_diff1": 0.880284,
        "nauc_map_at_5_max": 0.817409,
        "nauc_map_at_5_std": 0.583242,
        "nauc_map_at_5_diff1": 0.877312,
        "nauc_map_at_10_max": 0.818999,
        "nauc_map_at_10_std": 0.585732,
        "nauc_map_at_10_diff1": 0.879628,
        "nauc_map_at_20_max": 0.818816,
        "nauc_map_at_20_std": 0.584409,
        "nauc_map_at_20_diff1": 0.879868,
        "nauc_map_at_100_max": 0.818863,
        "nauc_map_at_100_std": 0.585108,
        "nauc_map_at_100_diff1": 0.879981,
        "nauc_map_at_1000_max": 0.818867,
        "nauc_map_at_1000_std": 0.585128,
        "nauc_map_at_1000_diff1": 0.879983,
        "nauc_recall_at_1_max": 0.81086,
        "nauc_recall_at_1_std": 0.580785,
        "nauc_recall_at_1_diff1": 0.887125,
        "nauc_recall_at_3_max": 0.834785,
        "nauc_recall_at_3_std": 0.594221,
        "nauc_recall_at_3_diff1": 0.863238,
        "nauc_recall_at_5_max": 0.801126,
        "nauc_recall_at_5_std": 0.547237,
        "nauc_recall_at_5_diff1": 0.84257,
        "nauc_recall_at_10_max": 0.823428,
        "nauc_recall_at_10_std": 0.579062,
        "nauc_recall_at_10_diff1": 0.864457,
        "nauc_recall_at_20_max": 0.816655,
        "nauc_recall_at_20_std": 0.517775,
        "nauc_recall_at_20_diff1": 0.866888,
        "nauc_recall_at_100_max": 0.84944,
        "nauc_recall_at_100_std": 0.600529,
        "nauc_recall_at_100_diff1": 0.885621,
        "nauc_recall_at_1000_max": NaN,
        "nauc_recall_at_1000_std": NaN,
        "nauc_recall_at_1000_diff1": NaN,
        "nauc_precision_at_1_max": 0.81086,
        "nauc_precision_at_1_std": 0.580785,
        "nauc_precision_at_1_diff1": 0.887125,
        "nauc_precision_at_3_max": 0.834785,
        "nauc_precision_at_3_std": 0.594221,
        "nauc_precision_at_3_diff1": 0.863238,
        "nauc_precision_at_5_max": 0.801126,
        "nauc_precision_at_5_std": 0.547237,
        "nauc_precision_at_5_diff1": 0.84257,
        "nauc_precision_at_10_max": 0.823428,
        "nauc_precision_at_10_std": 0.579062,
        "nauc_precision_at_10_diff1": 0.864457,
        "nauc_precision_at_20_max": 0.816655,
        "nauc_precision_at_20_std": 0.517775,
        "nauc_precision_at_20_diff1": 0.866888,
        "nauc_precision_at_100_max": 0.84944,
        "nauc_precision_at_100_std": 0.600529,
        "nauc_precision_at_100_diff1": 0.885621,
        "nauc_precision_at_1000_max": NaN,
        "nauc_precision_at_1000_std": NaN,
        "nauc_precision_at_1000_diff1": NaN,
        "nauc_mrr_at_1_max": 0.811776,
        "nauc_mrr_at_1_std": 0.583474,
        "nauc_mrr_at_1_diff1": 0.887125,
        "nauc_mrr_at_3_max": 0.825418,
        "nauc_mrr_at_3_std": 0.594769,
        "nauc_mrr_at_3_diff1": 0.881579,
        "nauc_mrr_at_5_max": 0.818488,
        "nauc_mrr_at_5_std": 0.585193,
        "nauc_mrr_at_5_diff1": 0.877696,
        "nauc_mrr_at_10_max": 0.819926,
        "nauc_mrr_at_10_std": 0.587617,
        "nauc_mrr_at_10_diff1": 0.879735,
        "nauc_mrr_at_20_max": 0.820123,
        "nauc_mrr_at_20_std": 0.586954,
        "nauc_mrr_at_20_diff1": 0.880299,
        "nauc_mrr_at_100_max": 0.820178,
        "nauc_mrr_at_100_std": 0.587801,
        "nauc_mrr_at_100_diff1": 0.880365,
        "nauc_mrr_at_1000_max": 0.820169,
        "nauc_mrr_at_1000_std": 0.587791,
        "nauc_mrr_at_1000_diff1": 0.880368,
        "main_score": 0.87248,
        "hf_subset": "kor_Hang-kor_Hang",
        "languages": [
          "kor-Hang",
          "kor-Hang"
        ]
      },
      {
        "ndcg_at_1": 0.72222,
        "ndcg_at_3": 0.7927,
        "ndcg_at_5": 0.80747,
        "ndcg_at_10": 0.81984,
        "ndcg_at_20": 0.82875,
        "ndcg_at_100": 0.8372,
        "ndcg_at_1000": 0.83792,
        "map_at_1": 0.72222,
        "map_at_3": 0.77556,
        "map_at_5": 0.78383,
        "map_at_10": 0.78902,
        "map_at_20": 0.79142,
        "map_at_100": 0.79275,
        "map_at_1000": 0.79277,
        "recall_at_1": 0.72222,
        "recall_at_3": 0.84222,
        "recall_at_5": 0.87778,
        "recall_at_10": 0.91556,
        "recall_at_20": 0.95111,
        "recall_at_100": 0.99444,
        "recall_at_1000": 1.0,
        "precision_at_1": 0.72222,
        "precision_at_3": 0.28074,
        "precision_at_5": 0.17556,
        "precision_at_10": 0.09156,
        "precision_at_20": 0.04756,
        "precision_at_100": 0.00994,
        "precision_at_1000": 0.001,
        "mrr_at_1": 0.723333,
        "mrr_at_3": 0.775741,
        "mrr_at_5": 0.783519,
        "mrr_at_10": 0.78919,
        "mrr_at_20": 0.791516,
        "mrr_at_100": 0.792814,
        "mrr_at_1000": 0.792845,
        "nauc_ndcg_at_1_max": 0.639503,
        "nauc_ndcg_at_1_std": 0.390842,
        "nauc_ndcg_at_1_diff1": 0.78296,
        "nauc_ndcg_at_3_max": 0.632187,
        "nauc_ndcg_at_3_std": 0.350371,
        "nauc_ndcg_at_3_diff1": 0.766451,
        "nauc_ndcg_at_5_max": 0.630669,
        "nauc_ndcg_at_5_std": 0.351728,
        "nauc_ndcg_at_5_diff1": 0.761478,
        "nauc_ndcg_at_10_max": 0.628786,
        "nauc_ndcg_at_10_std": 0.35911,
        "nauc_ndcg_at_10_diff1": 0.760296,
        "nauc_ndcg_at_20_max": 0.633384,
        "nauc_ndcg_at_20_std": 0.365368,
        "nauc_ndcg_at_20_diff1": 0.766041,
        "nauc_ndcg_at_100_max": 0.629163,
        "nauc_ndcg_at_100_std": 0.36178,
        "nauc_ndcg_at_100_diff1": 0.763925,
        "nauc_ndcg_at_1000_max": 0.630221,
        "nauc_ndcg_at_1000_std": 0.362338,
        "nauc_ndcg_at_1000_diff1": 0.765162,
        "nauc_map_at_1_max": 0.639503,
        "nauc_map_at_1_std": 0.390842,
        "nauc_map_at_1_diff1": 0.78296,