{
  "dataset_revision": "75b399394a9803252cfec289d103de462763db7c",
  "task_name": "BelebeleRetrieval",
  "mteb_version": "1.38.1",
  "scores": {
    "test": [
      {
        "ndcg_at_1": 0.82889,
        "ndcg_at_3": 0.87645,
        "ndcg_at_5": 0.88606,
        "ndcg_at_10": 0.89764,
        "ndcg_at_20": 0.90412,
        "ndcg_at_100": 0.90551,
        "ndcg_at_1000": 0.90551,
        "map_at_1": 0.82889,
        "map_at_3": 0.86519,
        "map_at_5": 0.87052,
        "map_at_10": 0.87534,
        "map_at_20": 0.87713,
        "map_at_100": 0.87738,
        "map_at_1000": 0.87738,
        "recall_at_1": 0.82889,
        "recall_at_3": 0.90889,
        "recall_at_5": 0.93222,
        "recall_at_10": 0.96778,
        "recall_at_20": 0.99333,
        "recall_at_100": 1.0,
        "recall_at_1000": 1.0,
        "precision_at_1": 0.82889,
        "precision_at_3": 0.30296,
        "precision_at_5": 0.18644,
        "precision_at_10": 0.09678,
        "precision_at_20": 0.04967,
        "precision_at_100": 0.01,
        "precision_at_1000": 0.001,
        "mrr_at_1": 0.828889,
        "mrr_at_3": 0.866111,
        "mrr_at_5": 0.871167,
        "mrr_at_10": 0.876015,
        "mrr_at_20": 0.877884,
        "mrr_at_100": 0.878079,
        "mrr_at_1000": 0.878079,
        "nauc_ndcg_at_1_max": 0.824968,
        "nauc_ndcg_at_1_std": 0.733674,
        "nauc_ndcg_at_1_diff1": 0.9009,
        "nauc_ndcg_at_3_max": 0.822531,
        "nauc_ndcg_at_3_std": 0.734897,
        "nauc_ndcg_at_3_diff1": 0.885833,
        "nauc_ndcg_at_5_max": 0.823935,
        "nauc_ndcg_at_5_std": 0.738706,
        "nauc_ndcg_at_5_diff1": 0.887547,
        "nauc_ndcg_at_10_max": 0.828893,
        "nauc_ndcg_at_10_std": 0.742035,
        "nauc_ndcg_at_10_diff1": 0.894365,
        "nauc_ndcg_at_20_max": 0.827697,
        "nauc_ndcg_at_20_std": 0.741404,
        "nauc_ndcg_at_20_diff1": 0.89312,
        "nauc_ndcg_at_100_max": 0.826006,
        "nauc_ndcg_at_100_std": 0.738764,
        "nauc_ndcg_at_100_diff1": 0.892893,
        "nauc_ndcg_at_1000_max": 0.826006,
        "nauc_ndcg_at_1000_std": 0.738764,
        "nauc_ndcg_at_1000_diff1": 0.892893,
        "nauc_map_at_1_max": 0.824968,
        "nauc_map_at_1_std": 0.733674,
        "nauc_map_at_1_diff1": 0.9009,
        "nauc_map_at_3_max": 0.824186,
        "nauc_map_at_3_std": 0.736085,
        "nauc_map_at_3_diff1": 0.890071,
        "nauc_map_at_5_max": 0.824994,
        "nauc_map_at_5_std": 0.737986,
        "nauc_map_at_5_diff1": 0.891215,
        "nauc_map_at_10_max": 0.826351,
        "nauc_map_at_10_std": 0.738655,
        "nauc_map_at_10_diff1": 0.893552,
        "nauc_map_at_20_max": 0.826098,
        "nauc_map_at_20_std": 0.738564,
        "nauc_map_at_20_diff1": 0.893379,
        "nauc_map_at_100_max": 0.82584,
        "nauc_map_at_100_std": 0.738169,
        "nauc_map_at_100_diff1": 0.893358,
        "nauc_map_at_1000_max": 0.82584,
        "nauc_map_at_1000_std": 0.738169,
        "nauc_map_at_1000_diff1": 0.893358,
        "nauc_recall_at_1_max": 0.824968,
        "nauc_recall_at_1_std": 0.733674,
        "nauc_recall_at_1_diff1": 0.9009,
        "nauc_recall_at_3_max": 0.815183,
        "nauc_recall_at_3_std": 0.729094,
        "nauc_recall_at_3_diff1": 0.868569,
        "nauc_recall_at_5_max": 0.817835,
        "nauc_recall_at_5_std": 0.742312,
        "nauc_recall_at_5_diff1": 0.868477,
        "nauc_recall_at_10_max": 0.865353,
        "nauc_recall_at_10_std": 0.78639,
        "nauc_recall_at_10_diff1": 0.914598,
        "nauc_recall_at_20_max": 0.934641,
        "nauc_recall_at_20_std": 0.910131,
        "nauc_recall_at_20_diff1": 0.910131,
        "nauc_recall_at_100_max": NaN,
        "nauc_recall_at_100_std": NaN,
        "nauc_recall_at_100_diff1": NaN,
        "nauc_recall_at_1000_max": NaN,
        "nauc_recall_at_1000_std": NaN,
        "nauc_recall_at_1000_diff1": NaN,
        "nauc_precision_at_1_max": 0.824968,
        "nauc_precision_at_1_std": 0.733674,
        "nauc_precision_at_1_diff1": 0.9009,
        "nauc_precision_at_3_max": 0.815183,
        "nauc_precision_at_3_std": 0.729094,
        "nauc_precision_at_3_diff1": 0.868569,
        "nauc_precision_at_5_max": 0.817835,
        "nauc_precision_at_5_std": 0.742312,
        "nauc_precision_at_5_diff1": 0.868477,
        "nauc_precision_at_10_max": 0.865353,
        "nauc_precision_at_10_std": 0.78639,
        "nauc_precision_at_10_diff1": 0.914598,
        "nauc_precision_at_20_max": 0.934641,
        "nauc_precision_at_20_std": 0.910131,
        "nauc_precision_at_20_diff1": 0.910131,
        "nauc_precision_at_100_max": 1.0,
        "nauc_precision_at_100_std": 1.0,
        "nauc_precision_at_100_diff1": 1.0,
        "nauc_precision_at_1000_max": NaN,
        "nauc_precision_at_1000_std": NaN,
        "nauc_precision_at_1000_diff1": NaN,
        "nauc_mrr_at_1_max": 0.824968,
        "nauc_mrr_at_1_std": 0.733674,
        "nauc_mrr_at_1_diff1": 0.9009,
        "nauc_mrr_at_3_max": 0.823258,
        "nauc_mrr_at_3_std": 0.734738,
        "nauc_mrr_at_3_diff1": 0.890061,
        "nauc_mrr_at_5_max": 0.824426,
        "nauc_mrr_at_5_std": 0.736891,
        "nauc_mrr_at_5_diff1": 0.891456,
        "nauc_mrr_at_10_max": 0.825727,
        "nauc_mrr_at_10_std": 0.737461,
        "nauc_mrr_at_10_diff1": 0.89379,
        "nauc_mrr_at_20_max": 0.825375,
        "nauc_mrr_at_20_std": 0.737224,
        "nauc_mrr_at_20_diff1": 0.893567,
        "nauc_mrr_at_100_max": 0.825193,
        "nauc_mrr_at_100_std": 0.736942,
        "nauc_mrr_at_100_diff1": 0.893595,
        "nauc_mrr_at_1000_max": 0.825193,
        "nauc_mrr_at_1000_std": 0.736942,
        "nauc_mrr_at_1000_diff1": 0.893595,
        "main_score": 0.89764,
        "hf_subset": "kor_Hang-kor_Hang",
        "languages": [
          "kor-Hang",
          "kor-Hang"
        ]
      },
      {
        "ndcg_at_1": 0.08667,
        "ndcg_at_3": 0.0938,
        "ndcg_at_5": 0.09475,
        "ndcg_at_10": 0.09475,
        "ndcg_at_20": 0.09534,
        "ndcg_at_100": 0.09534,
        "ndcg_at_1000": 0.09534,
        "map_at_1": 0.08667,
        "map_at_3": 0.09204,
        "map_at_5": 0.09259,
        "map_at_10": 0.09259,
        "map_at_20": 0.09276,
        "map_at_100": 0.09276,
        "map_at_1000": 0.09276,
        "recall_at_1": 0.08667,
        "recall_at_3": 0.09889,
        "recall_at_5": 0.10111,
        "recall_at_10": 0.10111,
        "recall_at_20": 0.10333,
        "recall_at_100": 0.10333,
        "recall_at_1000": 0.10333,
        "precision_at_1": 0.08667,
        "precision_at_3": 0.03296,
        "precision_at_5": 0.02022,
        "precision_at_10": 0.01011,
        "precision_at_20": 0.00517,
        "precision_at_100": 0.00103,
        "precision_at_1000": 0.0001,
        "mrr_at_1": 0.086667,
        "mrr_at_3": 0.092037,
        "mrr_at_5": 0.092593,
        "mrr_at_10": 0.092593,
        "mrr_at_20": 0.092757,
        "mrr_at_100": 0.092757,
        "mrr_at_1000": 0.092757,
        "nauc_ndcg_at_1_max": 0.849783,
        "nauc_ndcg_at_1_std": 0.815831,
        "nauc_ndcg_at_1_diff1": 0.859487,
        "nauc_ndcg_at_3_max": 0.804394,
        "nauc_ndcg_at_3_std": 0.774334,
        "nauc_ndcg_at_3_diff1": 0.804253,
        "nauc_ndcg_at_5_max": 0.79392,
        "nauc_ndcg_at_5_std": 0.764683,
        "nauc_ndcg_at_5_diff1": 0.793923,
        "nauc_ndcg_at_10_max": 0.79392,
        "nauc_ndcg_at_10_std": 0.764683,
        "nauc_ndcg_at_10_diff1": 0.793923,
        "nauc_ndcg_at_20_max": 0.78908,
        "nauc_ndcg_at_20_std": 0.761658,
        "nauc_ndcg_at_20_diff1": 0.787883,
        "nauc_ndcg_at_100_max": 0.78908,
        "nauc_ndcg_at_100_std": 0.761658,
        "nauc_ndcg_at_100_diff1": 0.787883,
        "nauc_ndcg_at_1000_max": 0.78908,
        "nauc_ndcg_at_1000_std": 0.761658,
        "nauc_ndcg_at_1000_diff1": 0.787883,
        "nauc_map_at_1_max": 0.849783,
        "nauc_map_at_1_std": 0.815831,
        "nauc_map_at_1_diff1": 0.859487,