{
  "dataset_revision": "d243889a3eb6654029dbd7e7f9319ae31d58f97c",
  "task_name": "Ko-StrategyQA",
  "mteb_version": "1.38.1",
  "scores": {
    "dev": [
      {
        "ndcg_at_1": 0.75676,
        "ndcg_at_3": 0.75589,
        "ndcg_at_5": 0.78739,
        "ndcg_at_10": 0.80723,
        "ndcg_at_20": 0.82558,
        "ndcg_at_100": 0.84215,
        "ndcg_at_1000": 0.84215,
        "map_at_1": 0.48676,
        "map_at_3": 0.71255,
        "map_at_5": 0.74367,
        "map_at_10": 0.75623,
        "map_at_20": 0.76358,
        "map_at_100": 0.76812,
        "map_at_1000": 0.76812,
        "recall_at_1": 0.48676,
        "recall_at_3": 0.76719,
        "recall_at_5": 0.83156,
        "recall_at_10": 0.88024,
        "recall_at_20": 0.93781,
        "recall_at_100": 1.0,
        "recall_at_1000": 1.0,
        "precision_at_1": 0.75676,
        "precision_at_3": 0.45383,
        "precision_at_5": 0.30541,
        "precision_at_10": 0.16453,
        "precision_at_20": 0.08877,
        "precision_at_100": 0.01934,
        "precision_at_1000": 0.00193,
        "mrr_at_1": 0.758446,
        "mrr_at_3": 0.813626,
        "mrr_at_5": 0.819707,
        "mrr_at_10": 0.823999,
        "mrr_at_20": 0.826672,
        "mrr_at_100": 0.827759,
        "mrr_at_1000": 0.827759,
        "nauc_ndcg_at_1_max": 0.727544,
        "nauc_ndcg_at_1_std": 0.4976,
        "nauc_ndcg_at_1_diff1": 0.74044,
        "nauc_ndcg_at_3_max": 0.721758,
        "nauc_ndcg_at_3_std": 0.538898,
        "nauc_ndcg_at_3_diff1": 0.634446,
        "nauc_ndcg_at_5_max": 0.74824,
        "nauc_ndcg_at_5_std": 0.577057,
        "nauc_ndcg_at_5_diff1": 0.675739,
        "nauc_ndcg_at_10_max": 0.752807,
        "nauc_ndcg_at_10_std": 0.591463,
        "nauc_ndcg_at_10_diff1": 0.67384,
        "nauc_ndcg_at_20_max": 0.75164,
        "nauc_ndcg_at_20_std": 0.58012,
        "nauc_ndcg_at_20_diff1": 0.677304,
        "nauc_ndcg_at_100_max": 0.733713,
        "nauc_ndcg_at_100_std": 0.55078,
        "nauc_ndcg_at_100_diff1": 0.674332,
        "nauc_ndcg_at_1000_max": 0.733713,
        "nauc_ndcg_at_1000_std": 0.55078,
        "nauc_ndcg_at_1000_diff1": 0.674332,
        "nauc_map_at_1_max": 0.373844,
        "nauc_map_at_1_std": 0.1162,
        "nauc_map_at_1_diff1": 0.664218,
        "nauc_map_at_3_max": 0.689749,
        "nauc_map_at_3_std": 0.490893,
        "nauc_map_at_3_diff1": 0.614586,
        "nauc_map_at_5_max": 0.714108,
        "nauc_map_at_5_std": 0.524706,
        "nauc_map_at_5_diff1": 0.649552,
        "nauc_map_at_10_max": 0.715689,
        "nauc_map_at_10_std": 0.531879,
        "nauc_map_at_10_diff1": 0.649731,
        "nauc_map_at_20_max": 0.715786,
        "nauc_map_at_20_std": 0.528472,
        "nauc_map_at_20_diff1": 0.650756,
        "nauc_map_at_100_max": 0.711761,
        "nauc_map_at_100_std": 0.522294,
        "nauc_map_at_100_diff1": 0.649786,
        "nauc_map_at_1000_max": 0.711761,
        "nauc_map_at_1000_std": 0.522294,
        "nauc_map_at_1000_diff1": 0.649786,
        "nauc_recall_at_1_max": 0.373844,
        "nauc_recall_at_1_std": 0.1162,
        "nauc_recall_at_1_diff1": 0.664218,
        "nauc_recall_at_3_max": 0.71936,
        "nauc_recall_at_3_std": 0.567369,
        "nauc_recall_at_3_diff1": 0.579275,
        "nauc_recall_at_5_max": 0.783746,
        "nauc_recall_at_5_std": 0.669165,
        "nauc_recall_at_5_diff1": 0.661264,
        "nauc_recall_at_10_max": 0.820016,
        "nauc_recall_at_10_std": 0.753295,
        "nauc_recall_at_10_diff1": 0.662038,
        "nauc_recall_at_20_max": 0.861816,
        "nauc_recall_at_20_std": 0.795033,
        "nauc_recall_at_20_diff1": 0.67309,
        "nauc_recall_at_100_max": NaN,
        "nauc_recall_at_100_std": NaN,
        "nauc_recall_at_100_diff1": NaN,
        "nauc_recall_at_1000_max": NaN,
        "nauc_recall_at_1000_std": NaN,
        "nauc_recall_at_1000_diff1": NaN,
        "nauc_precision_at_1_max": 0.727544,
        "nauc_precision_at_1_std": 0.4976,
        "nauc_precision_at_1_diff1": 0.74044,
        "nauc_precision_at_3_max": 0.416294,
        "nauc_precision_at_3_std": 0.493733,
        "nauc_precision_at_3_diff1": 0.033131,
        "nauc_precision_at_5_max": 0.284652,
        "nauc_precision_at_5_std": 0.409354,
        "nauc_precision_at_5_diff1": -0.034422,
        "nauc_precision_at_10_max": 0.178263,
        "nauc_precision_at_10_std": 0.339361,
        "nauc_precision_at_10_diff1": -0.128606,
        "nauc_precision_at_20_max": 0.049652,
        "nauc_precision_at_20_std": 0.225699,
        "nauc_precision_at_20_diff1": -0.239686,
        "nauc_precision_at_100_max": -0.148902,
        "nauc_precision_at_100_std": 0.036529,
        "nauc_precision_at_100_diff1": -0.38267,
        "nauc_precision_at_1000_max": -0.148902,
        "nauc_precision_at_1000_std": 0.036529,
        "nauc_precision_at_1000_diff1": -0.38267,
        "nauc_mrr_at_1_max": 0.732973,
        "nauc_mrr_at_1_std": 0.504783,
        "nauc_mrr_at_1_diff1": 0.736816,
        "nauc_mrr_at_3_max": 0.785158,
        "nauc_mrr_at_3_std": 0.597247,
        "nauc_mrr_at_3_diff1": 0.733599,
        "nauc_mrr_at_5_max": 0.781288,
        "nauc_mrr_at_5_std": 0.594907,
        "nauc_mrr_at_5_diff1": 0.734259,
        "nauc_mrr_at_10_max": 0.779576,
        "nauc_mrr_at_10_std": 0.592754,
        "nauc_mrr_at_10_diff1": 0.732851,
        "nauc_mrr_at_20_max": 0.777121,
        "nauc_mrr_at_20_std": 0.587749,
        "nauc_mrr_at_20_diff1": 0.733095,
        "nauc_mrr_at_100_max": 0.776204,
        "nauc_mrr_at_100_std": 0.585691,
        "nauc_mrr_at_100_diff1": 0.733075,
        "nauc_mrr_at_1000_max": 0.776204,
        "nauc_mrr_at_1000_std": 0.585691,
        "nauc_mrr_at_1000_diff1": 0.733075,
        "main_score": 0.80723,
        "hf_subset": "default",
        "languages": [
          "kor-Hang"
        ]
      }
    ]
  },
  "evaluation_time": 18366.091755390167,
  "kg_co2_emissions": null
}