{
  "dataset_revision": "d243889a3eb6654029dbd7e7f9319ae31d58f97c",
  "task_name": "Ko-StrategyQA",
  "mteb_version": "1.38.1",
  "scores": {
    "dev": [
      {
        "ndcg_at_1": 0.78041,
        "ndcg_at_3": 0.76744,
        "ndcg_at_5": 0.78999,
        "ndcg_at_10": 0.80396,
        "ndcg_at_20": 0.81423,
        "ndcg_at_100": 0.82661,
        "ndcg_at_1000": 0.83698,
        "map_at_1": 0.5059,
        "map_at_3": 0.73076,
        "map_at_5": 0.75512,
        "map_at_10": 0.76493,
        "map_at_20": 0.76869,
        "map_at_100": 0.77097,
        "map_at_1000": 0.77154,
        "recall_at_1": 0.5059,
        "recall_at_3": 0.76902,
        "recall_at_5": 0.81692,
        "recall_at_10": 0.85031,
        "recall_at_20": 0.88285,
        "recall_at_100": 0.93739,
        "recall_at_1000": 1.0,
        "precision_at_1": 0.78041,
        "precision_at_3": 0.45664,
        "precision_at_5": 0.29831,
        "precision_at_10": 0.15777,
        "precision_at_20": 0.08252,
        "precision_at_100": 0.01779,
        "precision_at_1000": 0.00193,
        "mrr_at_1": 0.783784,
        "mrr_at_3": 0.822635,
        "mrr_at_5": 0.825845,
        "mrr_at_10": 0.828075,
        "mrr_at_20": 0.830124,
        "mrr_at_100": 0.830947,
        "mrr_at_1000": 0.831118,
        "nauc_ndcg_at_1_max": 0.760499,
        "nauc_ndcg_at_1_std": 0.21682,
        "nauc_ndcg_at_1_diff1": 0.762287,
        "nauc_ndcg_at_3_max": 0.765236,
        "nauc_ndcg_at_3_std": 0.261965,
        "nauc_ndcg_at_3_diff1": 0.658291,
        "nauc_ndcg_at_5_max": 0.784389,
        "nauc_ndcg_at_5_std": 0.273517,
        "nauc_ndcg_at_5_diff1": 0.67942,
        "nauc_ndcg_at_10_max": 0.793898,
        "nauc_ndcg_at_10_std": 0.275933,
        "nauc_ndcg_at_10_diff1": 0.688981,
        "nauc_ndcg_at_20_max": 0.794337,
        "nauc_ndcg_at_20_std": 0.265277,
        "nauc_ndcg_at_20_diff1": 0.697083,
        "nauc_ndcg_at_100_max": 0.792714,
        "nauc_ndcg_at_100_std": 0.269824,
        "nauc_ndcg_at_100_diff1": 0.701078,
        "nauc_ndcg_at_1000_max": 0.784496,
        "nauc_ndcg_at_1000_std": 0.266068,
        "nauc_ndcg_at_1000_diff1": 0.694697,
        "nauc_map_at_1_max": 0.356131,
        "nauc_map_at_1_std": -0.071282,
        "nauc_map_at_1_diff1": 0.673944,
        "nauc_map_at_3_max": 0.728314,
        "nauc_map_at_3_std": 0.240787,
        "nauc_map_at_3_diff1": 0.627278,
        "nauc_map_at_5_max": 0.748606,
        "nauc_map_at_5_std": 0.253886,
        "nauc_map_at_5_diff1": 0.645998,
        "nauc_map_at_10_max": 0.754699,
        "nauc_map_at_10_std": 0.255008,
        "nauc_map_at_10_diff1": 0.652927,
        "nauc_map_at_20_max": 0.755304,
        "nauc_map_at_20_std": 0.252008,
        "nauc_map_at_20_diff1": 0.656191,
        "nauc_map_at_100_max": 0.755313,
        "nauc_map_at_100_std": 0.25318,
        "nauc_map_at_100_diff1": 0.657298,
        "nauc_map_at_1000_max": 0.754892,
        "nauc_map_at_1000_std": 0.253091,
        "nauc_map_at_1000_diff1": 0.656897,
        "nauc_recall_at_1_max": 0.356131,
        "nauc_recall_at_1_std": -0.071282,
        "nauc_recall_at_1_diff1": 0.673944,
        "nauc_recall_at_3_max": 0.770535,
        "nauc_recall_at_3_std": 0.2777,
        "nauc_recall_at_3_diff1": 0.62014,
        "nauc_recall_at_5_max": 0.810547,
        "nauc_recall_at_5_std": 0.309314,
        "nauc_recall_at_5_diff1": 0.656501,
        "nauc_recall_at_10_max": 0.843367,
        "nauc_recall_at_10_std": 0.317361,
        "nauc_recall_at_10_diff1": 0.683774,
        "nauc_recall_at_20_max": 0.857191,
        "nauc_recall_at_20_std": 0.274349,
        "nauc_recall_at_20_diff1": 0.717605,
        "nauc_recall_at_100_max": 0.881919,
        "nauc_recall_at_100_std": 0.320061,
        "nauc_recall_at_100_diff1": 0.760085,
        "nauc_recall_at_1000_max": NaN,
        "nauc_recall_at_1000_std": NaN,
        "nauc_recall_at_1000_diff1": NaN,
        "nauc_precision_at_1_max": 0.760499,
        "nauc_precision_at_1_std": 0.21682,
        "nauc_precision_at_1_diff1": 0.762287,
        "nauc_precision_at_3_max": 0.442807,
        "nauc_precision_at_3_std": 0.353905,
        "nauc_precision_at_3_diff1": 0.012342,
        "nauc_precision_at_5_max": 0.329656,
        "nauc_precision_at_5_std": 0.300304,
        "nauc_precision_at_5_diff1": -0.043757,
        "nauc_precision_at_10_max": 0.257707,
        "nauc_precision_at_10_std": 0.269271,
        "nauc_precision_at_10_diff1": -0.087755,
        "nauc_precision_at_20_max": 0.193606,
        "nauc_precision_at_20_std": 0.232599,
        "nauc_precision_at_20_diff1": -0.135105,
        "nauc_precision_at_100_max": 0.055135,
        "nauc_precision_at_100_std": 0.195687,
        "nauc_precision_at_100_diff1": -0.242898,
        "nauc_precision_at_1000_max": -0.144334,
        "nauc_precision_at_1000_std": 0.12208,
        "nauc_precision_at_1000_diff1": -0.416613,
        "nauc_mrr_at_1_max": 0.755053,
        "nauc_mrr_at_1_std": 0.216874,
        "nauc_mrr_at_1_diff1": 0.754639,
        "nauc_mrr_at_3_max": 0.823892,
        "nauc_mrr_at_3_std": 0.293765,
        "nauc_mrr_at_3_diff1": 0.771727,
        "nauc_mrr_at_5_max": 0.821335,
        "nauc_mrr_at_5_std": 0.285858,
        "nauc_mrr_at_5_diff1": 0.772101,
        "nauc_mrr_at_10_max": 0.819199,
        "nauc_mrr_at_10_std": 0.284095,
        "nauc_mrr_at_10_diff1": 0.773385,
        "nauc_mrr_at_20_max": 0.817992,
        "nauc_mrr_at_20_std": 0.280777,
        "nauc_mrr_at_20_diff1": 0.772698,
        "nauc_mrr_at_100_max": 0.817501,
        "nauc_mrr_at_100_std": 0.281058,
        "nauc_mrr_at_100_diff1": 0.772491,
        "nauc_mrr_at_1000_max": 0.81739,
        "nauc_mrr_at_1000_std": 0.28097,
        "nauc_mrr_at_1000_diff1": 0.772406,
        "main_score": 0.80396,
        "hf_subset": "default",
        "languages": [
          "kor-Hang"
        ]
      }
    ]
  },
  "evaluation_time": 17897.6700963974,
  "kg_co2_emissions": null
}