{
  "dataset_revision": "main",
  "task_name": "MIRACLRetrieval",
  "mteb_version": "1.38.1",
  "scores": {
    "dev": [
      {
        "ndcg_at_1": 0.84977,
        "ndcg_at_3": 0.86003,
        "ndcg_at_5": 0.87648,
        "ndcg_at_10": 0.90078,
        "ndcg_at_20": 0.9099,
        "ndcg_at_100": 0.91328,
        "ndcg_at_1000": 0.91328,
        "map_at_1": 0.53408,
        "map_at_3": 0.73767,
        "map_at_5": 0.80565,
        "map_at_10": 0.84834,
        "map_at_20": 0.85773,
        "map_at_100": 0.8592,
        "map_at_1000": 0.8592,
        "recall_at_1": 0.53408,
        "recall_at_3": 0.78711,
        "recall_at_5": 0.8895,
        "recall_at_10": 0.96858,
        "recall_at_20": 0.9892,
        "recall_at_100": 1.0,
        "recall_at_1000": 1.0,
        "precision_at_1": 0.84977,
        "precision_at_3": 0.53208,
        "precision_at_5": 0.39906,
        "precision_at_10": 0.23897,
        "precision_at_20": 0.12629,
        "precision_at_100": 0.02568,
        "precision_at_1000": 0.00257,
        "mrr_at_1": 0.85446,
        "mrr_at_3": 0.909233,
        "mrr_at_5": 0.913693,
        "mrr_at_10": 0.915556,
        "mrr_at_20": 0.915556,
        "mrr_at_100": 0.915556,
        "mrr_at_1000": 0.915556,
        "nauc_ndcg_at_1_max": 0.339482,
        "nauc_ndcg_at_1_std": 0.074941,
        "nauc_ndcg_at_1_diff1": 0.542633,
        "nauc_ndcg_at_3_max": 0.214817,
        "nauc_ndcg_at_3_std": -0.172664,
        "nauc_ndcg_at_3_diff1": 0.534874,
        "nauc_ndcg_at_5_max": 0.166499,
        "nauc_ndcg_at_5_std": -0.269904,
        "nauc_ndcg_at_5_diff1": 0.566337,
        "nauc_ndcg_at_10_max": 0.173587,
        "nauc_ndcg_at_10_std": -0.200345,
        "nauc_ndcg_at_10_diff1": 0.542134,
        "nauc_ndcg_at_20_max": 0.252221,
        "nauc_ndcg_at_20_std": -0.089753,
        "nauc_ndcg_at_20_diff1": 0.539397,
        "nauc_ndcg_at_100_max": 0.253908,
        "nauc_ndcg_at_100_std": -0.077485,
        "nauc_ndcg_at_100_diff1": 0.54214,
        "nauc_ndcg_at_1000_max": 0.253908,
        "nauc_ndcg_at_1000_std": -0.077485,
        "nauc_ndcg_at_1000_diff1": 0.54214,
        "nauc_map_at_1_max": -0.131683,
        "nauc_map_at_1_std": -0.548459,
        "nauc_map_at_1_diff1": 0.660431,
        "nauc_map_at_3_max": -0.089931,
        "nauc_map_at_3_std": -0.590154,
        "nauc_map_at_3_diff1": 0.596087,
        "nauc_map_at_5_max": -0.012204,
        "nauc_map_at_5_std": -0.50744,
        "nauc_map_at_5_diff1": 0.592996,
        "nauc_map_at_10_max": 0.10886,
        "nauc_map_at_10_std": -0.290061,
        "nauc_map_at_10_diff1": 0.551186,
        "nauc_map_at_20_max": 0.171334,
        "nauc_map_at_20_std": -0.205205,
        "nauc_map_at_20_diff1": 0.541781,
        "nauc_map_at_100_max": 0.171859,
        "nauc_map_at_100_std": -0.202005,
        "nauc_map_at_100_diff1": 0.542928,
        "nauc_map_at_1000_max": 0.171859,
        "nauc_map_at_1000_std": -0.202005,
        "nauc_map_at_1000_diff1": 0.542928,
        "nauc_recall_at_1_max": -0.131683,
        "nauc_recall_at_1_std": -0.548459,
        "nauc_recall_at_1_diff1": 0.660431,
        "nauc_recall_at_3_max": -0.187047,
        "nauc_recall_at_3_std": -0.748043,
        "nauc_recall_at_3_diff1": 0.580702,
        "nauc_recall_at_5_max": -0.257448,
        "nauc_recall_at_5_std": -0.912523,
        "nauc_recall_at_5_diff1": 0.574969,
        "nauc_recall_at_10_max": -0.250427,
        "nauc_recall_at_10_std": -0.806749,
        "nauc_recall_at_10_diff1": 0.447179,
        "nauc_recall_at_20_max": 0.222096,
        "nauc_recall_at_20_std": -0.304562,
        "nauc_recall_at_20_diff1": 0.406788,
        "nauc_recall_at_100_max": NaN,
        "nauc_recall_at_100_std": NaN,
        "nauc_recall_at_100_diff1": NaN,
        "nauc_recall_at_1000_max": NaN,
        "nauc_recall_at_1000_std": NaN,
        "nauc_recall_at_1000_diff1": NaN,
        "nauc_precision_at_1_max": 0.339482,
        "nauc_precision_at_1_std": 0.074941,
        "nauc_precision_at_1_diff1": 0.542633,
        "nauc_precision_at_3_max": 0.337017,
        "nauc_precision_at_3_std": 0.553298,
        "nauc_precision_at_3_diff1": -0.35195,
        "nauc_precision_at_5_max": 0.323906,
        "nauc_precision_at_5_std": 0.628457,
        "nauc_precision_at_5_diff1": -0.392983,
        "nauc_precision_at_10_max": 0.345901,
        "nauc_precision_at_10_std": 0.736268,
        "nauc_precision_at_10_diff1": -0.42452,
        "nauc_precision_at_20_max": 0.374371,
        "nauc_precision_at_20_std": 0.764073,
        "nauc_precision_at_20_diff1": -0.417598,
        "nauc_precision_at_100_max": 0.364813,
        "nauc_precision_at_100_std": 0.76152,
        "nauc_precision_at_100_diff1": -0.420451,
        "nauc_precision_at_1000_max": 0.364813,
        "nauc_precision_at_1000_std": 0.76152,
        "nauc_precision_at_1000_diff1": -0.420451,
        "nauc_mrr_at_1_max": 0.315746,
        "nauc_mrr_at_1_std": 0.043459,
        "nauc_mrr_at_1_diff1": 0.524846,
        "nauc_mrr_at_3_max": 0.367003,
        "nauc_mrr_at_3_std": 0.090548,
        "nauc_mrr_at_3_diff1": 0.545813,
        "nauc_mrr_at_5_max": 0.339378,
        "nauc_mrr_at_5_std": 0.052711,
        "nauc_mrr_at_5_diff1": 0.541667,
        "nauc_mrr_at_10_max": 0.339988,
        "nauc_mrr_at_10_std": 0.062202,
        "nauc_mrr_at_10_diff1": 0.540001,
        "nauc_mrr_at_20_max": 0.339988,
        "nauc_mrr_at_20_std": 0.062202,
        "nauc_mrr_at_20_diff1": 0.540001,
        "nauc_mrr_at_100_max": 0.339988,
        "nauc_mrr_at_100_std": 0.062202,
        "nauc_mrr_at_100_diff1": 0.540001,
        "nauc_mrr_at_1000_max": 0.339988,
        "nauc_mrr_at_1000_std": 0.062202,
        "nauc_mrr_at_1000_diff1": 0.540001,
        "main_score": 0.90078,
        "hf_subset": "ko",
        "languages": [
          "kor-Kore"
        ]
      }
    ]
  },
  "evaluation_time": 2835.044730901718,
  "kg_co2_emissions": null
}