{
  "dataset_revision": "main",
  "task_name": "MIRACLRetrieval",
  "mteb_version": "1.38.1",
  "scores": {
    "dev": [
      {
        "ndcg_at_1": 0.76526,
        "ndcg_at_3": 0.73837,
        "ndcg_at_5": 0.75531,
        "ndcg_at_10": 0.79056,
        "ndcg_at_20": 0.81222,
        "ndcg_at_100": 0.83062,
        "ndcg_at_1000": 0.83171,
        "map_at_1": 0.48588,
        "map_at_3": 0.62253,
        "map_at_5": 0.67344,
        "map_at_10": 0.71567,
        "map_at_20": 0.73046,
        "map_at_100": 0.73669,
        "map_at_1000": 0.73679,
        "recall_at_1": 0.48588,
        "recall_at_3": 0.67307,
        "recall_at_5": 0.76401,
        "recall_at_10": 0.86804,
        "recall_at_20": 0.92553,
        "recall_at_100": 0.99437,
        "recall_at_1000": 1.0,
        "precision_at_1": 0.76526,
        "precision_at_3": 0.43662,
        "precision_at_5": 0.32958,
        "precision_at_10": 0.20798,
        "precision_at_20": 0.1162,
        "precision_at_100": 0.02545,
        "precision_at_1000": 0.00257,
        "mrr_at_1": 0.765258,
        "mrr_at_3": 0.824726,
        "mrr_at_5": 0.830125,
        "mrr_at_10": 0.834265,
        "mrr_at_20": 0.83533,
        "mrr_at_100": 0.83635,
        "mrr_at_1000": 0.83635,
        "nauc_ndcg_at_1_max": 0.371804,
        "nauc_ndcg_at_1_std": -0.142674,
        "nauc_ndcg_at_1_diff1": 0.365842,
        "nauc_ndcg_at_3_max": 0.198925,
        "nauc_ndcg_at_3_std": -0.316171,
        "nauc_ndcg_at_3_diff1": 0.398033,
        "nauc_ndcg_at_5_max": 0.20794,
        "nauc_ndcg_at_5_std": -0.342659,
        "nauc_ndcg_at_5_diff1": 0.394653,
        "nauc_ndcg_at_10_max": 0.240998,
        "nauc_ndcg_at_10_std": -0.315599,
        "nauc_ndcg_at_10_diff1": 0.375223,
        "nauc_ndcg_at_20_max": 0.280666,
        "nauc_ndcg_at_20_std": -0.269984,
        "nauc_ndcg_at_20_diff1": 0.354541,
        "nauc_ndcg_at_100_max": 0.27337,
        "nauc_ndcg_at_100_std": -0.244969,
        "nauc_ndcg_at_100_diff1": 0.37468,
        "nauc_ndcg_at_1000_max": 0.275833,
        "nauc_ndcg_at_1000_std": -0.242179,
        "nauc_ndcg_at_1000_diff1": 0.376672,
        "nauc_map_at_1_max": -0.075565,
        "nauc_map_at_1_std": -0.558237,
        "nauc_map_at_1_diff1": 0.572655,
        "nauc_map_at_3_max": -0.007003,
        "nauc_map_at_3_std": -0.570784,
        "nauc_map_at_3_diff1": 0.494728,
        "nauc_map_at_5_max": 0.062361,
        "nauc_map_at_5_std": -0.502469,
        "nauc_map_at_5_diff1": 0.447411,
        "nauc_map_at_10_max": 0.145004,
        "nauc_map_at_10_std": -0.420716,
        "nauc_map_at_10_diff1": 0.414635,
        "nauc_map_at_20_max": 0.176003,
        "nauc_map_at_20_std": -0.385551,
        "nauc_map_at_20_diff1": 0.399073,
        "nauc_map_at_100_max": 0.180375,
        "nauc_map_at_100_std": -0.372388,
        "nauc_map_at_100_diff1": 0.403536,
        "nauc_map_at_1000_max": 0.180522,
        "nauc_map_at_1000_std": -0.372232,
        "nauc_map_at_1000_diff1": 0.403682,
        "nauc_recall_at_1_max": -0.075565,
        "nauc_recall_at_1_std": -0.558237,
        "nauc_recall_at_1_diff1": 0.572655,
        "nauc_recall_at_3_max": -0.05103,
        "nauc_recall_at_3_std": -0.588444,
        "nauc_recall_at_3_diff1": 0.475069,
        "nauc_recall_at_5_max": 0.042573,
        "nauc_recall_at_5_std": -0.508739,
        "nauc_recall_at_5_diff1": 0.391678,
        "nauc_recall_at_10_max": 0.23012,
        "nauc_recall_at_10_std": -0.373295,
        "nauc_recall_at_10_diff1": 0.306126,
        "nauc_recall_at_20_max": 0.399859,
        "nauc_recall_at_20_std": -0.27763,
        "nauc_recall_at_20_diff1": 0.179978,
        "nauc_recall_at_100_max": -0.046593,
        "nauc_recall_at_100_std": -0.505658,
        "nauc_recall_at_100_diff1": 0.039807,
        "nauc_recall_at_1000_max": NaN,
        "nauc_recall_at_1000_std": NaN,
        "nauc_recall_at_1000_diff1": NaN,
        "nauc_precision_at_1_max": 0.371804,
        "nauc_precision_at_1_std": -0.142674,
        "nauc_precision_at_1_diff1": 0.365842,
        "nauc_precision_at_3_max": 0.345047,
        "nauc_precision_at_3_std": 0.357395,
        "nauc_precision_at_3_diff1": -0.247671,
        "nauc_precision_at_5_max": 0.3897,
        "nauc_precision_at_5_std": 0.520806,
        "nauc_precision_at_5_diff1": -0.360296,
        "nauc_precision_at_10_max": 0.39512,
        "nauc_precision_at_10_std": 0.615817,
        "nauc_precision_at_10_diff1": -0.395206,
        "nauc_precision_at_20_max": 0.400008,
        "nauc_precision_at_20_std": 0.654379,
        "nauc_precision_at_20_diff1": -0.403394,
        "nauc_precision_at_100_max": 0.358555,
        "nauc_precision_at_100_std": 0.689624,
        "nauc_precision_at_100_diff1": -0.382429,
        "nauc_precision_at_1000_max": 0.358888,
        "nauc_precision_at_1000_std": 0.691388,
        "nauc_precision_at_1000_diff1": -0.380268,
        "nauc_mrr_at_1_max": 0.371804,
        "nauc_mrr_at_1_std": -0.142674,
        "nauc_mrr_at_1_diff1": 0.365842,
        "nauc_mrr_at_3_max": 0.403037,
        "nauc_mrr_at_3_std": -0.06994,
        "nauc_mrr_at_3_diff1": 0.344155,
        "nauc_mrr_at_5_max": 0.413053,
        "nauc_mrr_at_5_std": -0.071578,
        "nauc_mrr_at_5_diff1": 0.345134,
        "nauc_mrr_at_10_max": 0.412425,
        "nauc_mrr_at_10_std": -0.071103,
        "nauc_mrr_at_10_diff1": 0.345306,
        "nauc_mrr_at_20_max": 0.409755,
        "nauc_mrr_at_20_std": -0.074651,
        "nauc_mrr_at_20_diff1": 0.346203,
        "nauc_mrr_at_100_max": 0.407592,
        "nauc_mrr_at_100_std": -0.076897,
        "nauc_mrr_at_100_diff1": 0.348016,
        "nauc_mrr_at_1000_max": 0.407592,
        "nauc_mrr_at_1000_std": -0.076897,
        "nauc_mrr_at_1000_diff1": 0.348016,
        "main_score": 0.79056,
        "hf_subset": "ko",
        "languages": [
          "kor-Kore"
        ]
      }
    ]
  },
  "evaluation_time": 2698.0074377059937,
  "kg_co2_emissions": null
}