{
  "dataset_revision": "fc24a3ce8f09746410daee3d5cd823ff7a0675b7",
  "task_name": "MrTidyRetrieval",
  "mteb_version": "1.38.1",
  "scores": {
    "test": [
      {
        "ndcg_at_1": 0.71496,
        "ndcg_at_3": 0.78175,
        "ndcg_at_5": 0.80696,
        "ndcg_at_10": 0.82336,
        "ndcg_at_20": 0.83111,
        "ndcg_at_100": 0.83831,
        "ndcg_at_1000": 0.83831,
        "map_at_1": 0.65321,
        "map_at_3": 0.75317,
        "map_at_5": 0.7693,
        "map_at_10": 0.77741,
        "map_at_20": 0.7802,
        "map_at_100": 0.78159,
        "map_at_1000": 0.78159,
        "recall_at_1": 0.65321,
        "recall_at_3": 0.83452,
        "recall_at_5": 0.89192,
        "recall_at_10": 0.93864,
        "recall_at_20": 0.96595,
        "recall_at_100": 1.0,
        "recall_at_1000": 1.0,
        "precision_at_1": 0.71496,
        "precision_at_3": 0.31671,
        "precision_at_5": 0.20475,
        "precision_at_10": 0.10879,
        "precision_at_20": 0.05641,
        "precision_at_100": 0.01169,
        "precision_at_1000": 0.00117,
        "mrr_at_1": 0.71734,
        "mrr_at_3": 0.787015,
        "mrr_at_5": 0.79711,
        "mrr_at_10": 0.802133,
        "mrr_at_20": 0.803525,
        "mrr_at_100": 0.804537,
        "mrr_at_1000": 0.804537,
        "nauc_ndcg_at_1_max": 0.536627,
        "nauc_ndcg_at_1_std": 0.025883,
        "nauc_ndcg_at_1_diff1": 0.580306,
        "nauc_ndcg_at_3_max": 0.468285,
        "nauc_ndcg_at_3_std": -0.092668,
        "nauc_ndcg_at_3_diff1": 0.536053,
        "nauc_ndcg_at_5_max": 0.452987,
        "nauc_ndcg_at_5_std": -0.066951,
        "nauc_ndcg_at_5_diff1": 0.537912,
        "nauc_ndcg_at_10_max": 0.473663,
        "nauc_ndcg_at_10_std": -0.034081,
        "nauc_ndcg_at_10_diff1": 0.545589,
        "nauc_ndcg_at_20_max": 0.48188,
        "nauc_ndcg_at_20_std": -0.035095,
        "nauc_ndcg_at_20_diff1": 0.555203,
        "nauc_ndcg_at_100_max": 0.482315,
        "nauc_ndcg_at_100_std": -0.037017,
        "nauc_ndcg_at_100_diff1": 0.550501,
        "nauc_ndcg_at_1000_max": 0.482315,
        "nauc_ndcg_at_1000_std": -0.037017,
        "nauc_ndcg_at_1000_diff1": 0.550501,
        "nauc_map_at_1_max": 0.432773,
        "nauc_map_at_1_std": -0.055855,
        "nauc_map_at_1_diff1": 0.545168,
        "nauc_map_at_3_max": 0.458809,
        "nauc_map_at_3_std": -0.08547,
        "nauc_map_at_3_diff1": 0.537333,
        "nauc_map_at_5_max": 0.450809,
        "nauc_map_at_5_std": -0.066707,
        "nauc_map_at_5_diff1": 0.537435,
        "nauc_map_at_10_max": 0.460976,
        "nauc_map_at_10_std": -0.053092,
        "nauc_map_at_10_diff1": 0.542425,
        "nauc_map_at_20_max": 0.464086,
        "nauc_map_at_20_std": -0.052315,
        "nauc_map_at_20_diff1": 0.545149,
        "nauc_map_at_100_max": 0.464086,
        "nauc_map_at_100_std": -0.052513,
        "nauc_map_at_100_diff1": 0.544473,
        "nauc_map_at_1000_max": 0.464086,
        "nauc_map_at_1000_std": -0.052513,
        "nauc_map_at_1000_diff1": 0.544473,
        "nauc_recall_at_1_max": 0.432773,
        "nauc_recall_at_1_std": -0.055855,
        "nauc_recall_at_1_diff1": 0.545168,
        "nauc_recall_at_3_max": 0.406565,
        "nauc_recall_at_3_std": -0.190462,
        "nauc_recall_at_3_diff1": 0.484384,
        "nauc_recall_at_5_max": 0.324962,
        "nauc_recall_at_5_std": -0.159254,
        "nauc_recall_at_5_diff1": 0.477361,
        "nauc_recall_at_10_max": 0.39138,
        "nauc_recall_at_10_std": 0.021813,
        "nauc_recall_at_10_diff1": 0.490394,
        "nauc_recall_at_20_max": 0.464281,
        "nauc_recall_at_20_std": 0.019165,
        "nauc_recall_at_20_diff1": 0.637469,
        "nauc_recall_at_100_max": NaN,
        "nauc_recall_at_100_std": NaN,
        "nauc_recall_at_100_diff1": NaN,
        "nauc_recall_at_1000_max": NaN,
        "nauc_recall_at_1000_std": NaN,
        "nauc_recall_at_1000_diff1": NaN,
        "nauc_precision_at_1_max": 0.536627,
        "nauc_precision_at_1_std": 0.025883,
        "nauc_precision_at_1_diff1": 0.580306,
        "nauc_precision_at_3_max": 0.262727,
        "nauc_precision_at_3_std": 0.002626,
        "nauc_precision_at_3_diff1": 0.18784,
        "nauc_precision_at_5_max": 0.134059,
        "nauc_precision_at_5_std": 0.092895,
        "nauc_precision_at_5_diff1": 0.060982,
        "nauc_precision_at_10_max": 0.096193,
        "nauc_precision_at_10_std": 0.184505,
        "nauc_precision_at_10_diff1": -0.031544,
        "nauc_precision_at_20_max": 0.061138,
        "nauc_precision_at_20_std": 0.194089,
        "nauc_precision_at_20_diff1": -0.076077,
        "nauc_precision_at_100_max": -0.008688,
        "nauc_precision_at_100_std": 0.194782,
        "nauc_precision_at_100_diff1": -0.17793,
        "nauc_precision_at_1000_max": -0.008688,
        "nauc_precision_at_1000_std": 0.194782,
        "nauc_precision_at_1000_diff1": -0.17793,
        "nauc_mrr_at_1_max": 0.551476,
        "nauc_mrr_at_1_std": 0.042858,
        "nauc_mrr_at_1_diff1": 0.57471,
        "nauc_mrr_at_3_max": 0.539441,
        "nauc_mrr_at_3_std": -0.010089,
        "nauc_mrr_at_3_diff1": 0.568255,
        "nauc_mrr_at_5_max": 0.53608,
        "nauc_mrr_at_5_std": 0.000848,
        "nauc_mrr_at_5_diff1": 0.565405,
        "nauc_mrr_at_10_max": 0.539799,
        "nauc_mrr_at_10_std": 0.007825,
        "nauc_mrr_at_10_diff1": 0.566352,
        "nauc_mrr_at_20_max": 0.539814,
        "nauc_mrr_at_20_std": 0.006249,
        "nauc_mrr_at_20_diff1": 0.567729,
        "nauc_mrr_at_100_max": 0.540149,
        "nauc_mrr_at_100_std": 0.006781,
        "nauc_mrr_at_100_diff1": 0.5672,
        "nauc_mrr_at_1000_max": 0.540149,
        "nauc_mrr_at_1000_std": 0.006781,
        "nauc_mrr_at_1000_diff1": 0.5672,
        "main_score": 0.82336,
        "hf_subset": "korean",
        "languages": [
          "kor-Kore"
        ]
      }
    ]
  },
  "evaluation_time": 5804.606140613556,
  "kg_co2_emissions": null
}