{
  "dataset_revision": "fc24a3ce8f09746410daee3d5cd823ff7a0675b7",
  "task_name": "MrTidyRetrieval",
  "mteb_version": "1.38.1",
  "scores": {
    "test": [
      {
        "ndcg_at_1": 0.62233,
        "ndcg_at_3": 0.69651,
        "ndcg_at_5": 0.7181,
        "ndcg_at_10": 0.73687,
        "ndcg_at_20": 0.7488,
        "ndcg_at_100": 0.76165,
        "ndcg_at_1000": 0.76599,
        "map_at_1": 0.56888,
        "map_at_3": 0.66324,
        "map_at_5": 0.67685,
        "map_at_10": 0.6862,
        "map_at_20": 0.69006,
        "map_at_100": 0.69226,
        "map_at_1000": 0.69246,
        "recall_at_1": 0.56888,
        "recall_at_3": 0.75732,
        "recall_at_5": 0.80681,
        "recall_at_10": 0.86025,
        "recall_at_20": 0.9038,
        "recall_at_100": 0.96833,
        "recall_at_1000": 1.0,
        "precision_at_1": 0.62233,
        "precision_at_3": 0.28504,
        "precision_at_5": 0.18432,
        "precision_at_10": 0.09952,
        "precision_at_20": 0.05249,
        "precision_at_100": 0.01131,
        "precision_at_1000": 0.00117,
        "mrr_at_1": 0.627078,
        "mrr_at_3": 0.703088,
        "mrr_at_5": 0.71247,
        "mrr_at_10": 0.718066,
        "mrr_at_20": 0.720961,
        "mrr_at_100": 0.72238,
        "mrr_at_1000": 0.722534,
        "nauc_ndcg_at_1_max": 0.5374,
        "nauc_ndcg_at_1_std": -0.095695,
        "nauc_ndcg_at_1_diff1": 0.678122,
        "nauc_ndcg_at_3_max": 0.493152,
        "nauc_ndcg_at_3_std": -0.14544,
        "nauc_ndcg_at_3_diff1": 0.589651,
        "nauc_ndcg_at_5_max": 0.490102,
        "nauc_ndcg_at_5_std": -0.144168,
        "nauc_ndcg_at_5_diff1": 0.585,
        "nauc_ndcg_at_10_max": 0.489737,
        "nauc_ndcg_at_10_std": -0.160748,
        "nauc_ndcg_at_10_diff1": 0.590261,
        "nauc_ndcg_at_20_max": 0.488475,
        "nauc_ndcg_at_20_std": -0.164464,
        "nauc_ndcg_at_20_diff1": 0.591479,
        "nauc_ndcg_at_100_max": 0.49935,
        "nauc_ndcg_at_100_std": -0.151149,
        "nauc_ndcg_at_100_diff1": 0.598539,
        "nauc_ndcg_at_1000_max": 0.497506,
        "nauc_ndcg_at_1000_std": -0.144311,
        "nauc_ndcg_at_1000_diff1": 0.600263,
        "nauc_map_at_1_max": 0.465581,
        "nauc_map_at_1_std": -0.12632,
        "nauc_map_at_1_diff1": 0.647966,
        "nauc_map_at_3_max": 0.477992,
        "nauc_map_at_3_std": -0.144465,
        "nauc_map_at_3_diff1": 0.595117,
        "nauc_map_at_5_max": 0.477632,
        "nauc_map_at_5_std": -0.14026,
        "nauc_map_at_5_diff1": 0.593642,
        "nauc_map_at_10_max": 0.479549,
        "nauc_map_at_10_std": -0.14419,
        "nauc_map_at_10_diff1": 0.596067,
        "nauc_map_at_20_max": 0.479108,
        "nauc_map_at_20_std": -0.145622,
        "nauc_map_at_20_diff1": 0.596566,
        "nauc_map_at_100_max": 0.480422,
        "nauc_map_at_100_std": -0.143544,
        "nauc_map_at_100_diff1": 0.596709,
        "nauc_map_at_1000_max": 0.480374,
        "nauc_map_at_1000_std": -0.143134,
        "nauc_map_at_1000_diff1": 0.596765,
        "nauc_recall_at_1_max": 0.465581,
        "nauc_recall_at_1_std": -0.12632,
        "nauc_recall_at_1_diff1": 0.647966,
        "nauc_recall_at_3_max": 0.457885,
        "nauc_recall_at_3_std": -0.186469,
        "nauc_recall_at_3_diff1": 0.513537,
        "nauc_recall_at_5_max": 0.435262,
        "nauc_recall_at_5_std": -0.201647,
        "nauc_recall_at_5_diff1": 0.47839,
        "nauc_recall_at_10_max": 0.422332,
        "nauc_recall_at_10_std": -0.311397,
        "nauc_recall_at_10_diff1": 0.482111,
        "nauc_recall_at_20_max": 0.395374,
        "nauc_recall_at_20_std": -0.386494,
        "nauc_recall_at_20_diff1": 0.454362,
        "nauc_recall_at_100_max": 0.578683,
        "nauc_recall_at_100_std": -0.407992,
        "nauc_recall_at_100_diff1": 0.51109,
        "nauc_recall_at_1000_max": NaN,
        "nauc_recall_at_1000_std": NaN,
        "nauc_recall_at_1000_diff1": NaN,
        "nauc_precision_at_1_max": 0.5374,
        "nauc_precision_at_1_std": -0.095695,
        "nauc_precision_at_1_diff1": 0.678122,
        "nauc_precision_at_3_max": 0.388406,
        "nauc_precision_at_3_std": -0.049261,
        "nauc_precision_at_3_diff1": 0.311012,
        "nauc_precision_at_5_max": 0.296548,
        "nauc_precision_at_5_std": -0.003153,
        "nauc_precision_at_5_diff1": 0.190385,
        "nauc_precision_at_10_max": 0.21873,
        "nauc_precision_at_10_std": 0.000191,
        "nauc_precision_at_10_diff1": 0.103737,
        "nauc_precision_at_20_max": 0.156017,
        "nauc_precision_at_20_std": 0.003476,
        "nauc_precision_at_20_diff1": 0.023654,
        "nauc_precision_at_100_max": 0.097746,
        "nauc_precision_at_100_std": 0.124759,
        "nauc_precision_at_100_diff1": -0.100774,
        "nauc_precision_at_1000_max": 0.021917,
        "nauc_precision_at_1000_std": 0.172288,
        "nauc_precision_at_1000_diff1": -0.163819,
        "nauc_mrr_at_1_max": 0.548435,
        "nauc_mrr_at_1_std": -0.094908,
        "nauc_mrr_at_1_diff1": 0.66822,
        "nauc_mrr_at_3_max": 0.552222,
        "nauc_mrr_at_3_std": -0.105873,
        "nauc_mrr_at_3_diff1": 0.627783,
        "nauc_mrr_at_5_max": 0.550865,
        "nauc_mrr_at_5_std": -0.108049,
        "nauc_mrr_at_5_diff1": 0.627593,
        "nauc_mrr_at_10_max": 0.546169,
        "nauc_mrr_at_10_std": -0.118942,
        "nauc_mrr_at_10_diff1": 0.628698,
        "nauc_mrr_at_20_max": 0.544662,
        "nauc_mrr_at_20_std": -0.119586,
        "nauc_mrr_at_20_diff1": 0.628274,
        "nauc_mrr_at_100_max": 0.545208,
        "nauc_mrr_at_100_std": -0.118843,
        "nauc_mrr_at_100_diff1": 0.62882,
        "nauc_mrr_at_1000_max": 0.545199,
        "nauc_mrr_at_1000_std": -0.118359,
        "nauc_mrr_at_1000_diff1": 0.62881,
        "main_score": 0.73687,
        "hf_subset": "korean",
        "languages": [
          "kor-Kore"
        ]
      }
    ]
  },
  "evaluation_time": 5533.1848521232605,
  "kg_co2_emissions": null
}