{
  "dataset_revision": "d67138e705d963e346253a80e59676ddb418810a",
  "task_name": "MultiLongDocRetrieval",
  "mteb_version": "1.38.1",
  "scores": {
    "test": [
      {
        "ndcg_at_1": 0.265,
        "ndcg_at_3": 0.33667,
        "ndcg_at_5": 0.35236,
        "ndcg_at_10": 0.38636,
        "ndcg_at_20": 0.43611,
        "ndcg_at_100": 0.4887,
        "ndcg_at_1000": 0.4887,
        "map_at_1": 0.265,
        "map_at_3": 0.31833,
        "map_at_5": 0.32658,
        "map_at_10": 0.34066,
        "map_at_20": 0.35456,
        "map_at_100": 0.36259,
        "map_at_1000": 0.36259,
        "recall_at_1": 0.265,
        "recall_at_3": 0.39,
        "recall_at_5": 0.43,
        "recall_at_10": 0.535,
        "recall_at_20": 0.73,
        "recall_at_100": 1.0,
        "recall_at_1000": 1.0,
        "precision_at_1": 0.265,
        "precision_at_3": 0.13,
        "precision_at_5": 0.086,
        "precision_at_10": 0.0535,
        "precision_at_20": 0.0365,
        "precision_at_100": 0.01,
        "precision_at_1000": 0.001,
        "mrr_at_1": 0.265,
        "mrr_at_3": 0.318333,
        "mrr_at_5": 0.326583,
        "mrr_at_10": 0.340776,
        "mrr_at_20": 0.354752,
        "mrr_at_100": 0.362826,
        "mrr_at_1000": 0.362826,
        "nauc_ndcg_at_1_max": 0.342722,
        "nauc_ndcg_at_1_std": 0.250417,
        "nauc_ndcg_at_1_diff1": 0.407921,
        "nauc_ndcg_at_3_max": 0.288192,
        "nauc_ndcg_at_3_std": 0.214986,
        "nauc_ndcg_at_3_diff1": 0.34958,
        "nauc_ndcg_at_5_max": 0.284028,
        "nauc_ndcg_at_5_std": 0.213581,
        "nauc_ndcg_at_5_diff1": 0.348374,
        "nauc_ndcg_at_10_max": 0.295617,
        "nauc_ndcg_at_10_std": 0.236092,
        "nauc_ndcg_at_10_diff1": 0.353709,
        "nauc_ndcg_at_20_max": 0.296938,
        "nauc_ndcg_at_20_std": 0.234369,
        "nauc_ndcg_at_20_diff1": 0.362304,
        "nauc_ndcg_at_100_max": 0.300918,
        "nauc_ndcg_at_100_std": 0.230565,
        "nauc_ndcg_at_100_diff1": 0.361866,
        "nauc_ndcg_at_1000_max": 0.300918,
        "nauc_ndcg_at_1000_std": 0.230565,
        "nauc_ndcg_at_1000_diff1": 0.361866,
        "nauc_map_at_1_max": 0.342722,
        "nauc_map_at_1_std": 0.250417,
        "nauc_map_at_1_diff1": 0.407921,
        "nauc_map_at_3_max": 0.30104,
        "nauc_map_at_3_std": 0.223704,
        "nauc_map_at_3_diff1": 0.361232,
        "nauc_map_at_5_max": 0.299549,
        "nauc_map_at_5_std": 0.223659,
        "nauc_map_at_5_diff1": 0.361285,
        "nauc_map_at_10_max": 0.304325,
        "nauc_map_at_10_std": 0.232971,
        "nauc_map_at_10_diff1": 0.362395,
        "nauc_map_at_20_max": 0.305161,
        "nauc_map_at_20_std": 0.232769,
        "nauc_map_at_20_diff1": 0.365394,
        "nauc_map_at_100_max": 0.305512,
        "nauc_map_at_100_std": 0.231777,
        "nauc_map_at_100_diff1": 0.365344,
        "nauc_map_at_1000_max": 0.305512,
        "nauc_map_at_1000_std": 0.231777,
        "nauc_map_at_1000_diff1": 0.365344,
        "nauc_recall_at_1_max": 0.342722,
        "nauc_recall_at_1_std": 0.250417,
        "nauc_recall_at_1_diff1": 0.407921,
        "nauc_recall_at_3_max": 0.252959,
        "nauc_recall_at_3_std": 0.190938,
        "nauc_recall_at_3_diff1": 0.318426,
        "nauc_recall_at_5_max": 0.239722,
        "nauc_recall_at_5_std": 0.184618,
        "nauc_recall_at_5_diff1": 0.312598,
        "nauc_recall_at_10_max": 0.273957,
        "nauc_recall_at_10_std": 0.253443,
        "nauc_recall_at_10_diff1": 0.333543,
        "nauc_recall_at_20_max": 0.268671,
        "nauc_recall_at_20_std": 0.248776,
        "nauc_recall_at_20_diff1": 0.363827,
        "nauc_recall_at_100_max": NaN,
        "nauc_recall_at_100_std": NaN,
        "nauc_recall_at_100_diff1": NaN,
        "nauc_recall_at_1000_max": NaN,
        "nauc_recall_at_1000_std": NaN,
        "nauc_recall_at_1000_diff1": NaN,
        "nauc_precision_at_1_max": 0.342722,
        "nauc_precision_at_1_std": 0.250417,
        "nauc_precision_at_1_diff1": 0.407921,
        "nauc_precision_at_3_max": 0.252959,
        "nauc_precision_at_3_std": 0.190938,
        "nauc_precision_at_3_diff1": 0.318426,
        "nauc_precision_at_5_max": 0.239722,
        "nauc_precision_at_5_std": 0.184618,
        "nauc_precision_at_5_diff1": 0.312598,
        "nauc_precision_at_10_max": 0.273957,
        "nauc_precision_at_10_std": 0.253443,
        "nauc_precision_at_10_diff1": 0.333543,
        "nauc_precision_at_20_max": 0.268671,
        "nauc_precision_at_20_std": 0.248776,
        "nauc_precision_at_20_diff1": 0.363827,
        "nauc_precision_at_100_max": 1.0,
        "nauc_precision_at_100_std": 1.0,
        "nauc_precision_at_100_diff1": 1.0,
        "nauc_precision_at_1000_max": 1.0,
        "nauc_precision_at_1000_std": 1.0,
        "nauc_precision_at_1000_diff1": 1.0,
        "nauc_mrr_at_1_max": 0.342722,
        "nauc_mrr_at_1_std": 0.250417,
        "nauc_mrr_at_1_diff1": 0.407921,
        "nauc_mrr_at_3_max": 0.30104,
        "nauc_mrr_at_3_std": 0.223704,
        "nauc_mrr_at_3_diff1": 0.361232,
        "nauc_mrr_at_5_max": 0.299549,
        "nauc_mrr_at_5_std": 0.223659,
        "nauc_mrr_at_5_diff1": 0.361285,
        "nauc_mrr_at_10_max": 0.304032,
        "nauc_mrr_at_10_std": 0.232629,
        "nauc_mrr_at_10_diff1": 0.362285,
        "nauc_mrr_at_20_max": 0.304867,
        "nauc_mrr_at_20_std": 0.232425,
        "nauc_mrr_at_20_diff1": 0.365317,
        "nauc_mrr_at_100_max": 0.305154,
        "nauc_mrr_at_100_std": 0.231353,
        "nauc_mrr_at_100_diff1": 0.365245,
        "nauc_mrr_at_1000_max": 0.305154,
        "nauc_mrr_at_1000_std": 0.231353,
        "nauc_mrr_at_1000_diff1": 0.365245,
        "main_score": 0.38636,
        "hf_subset": "ko",
        "languages": [
          "kor-Hang"
        ]
      }
    ]
  },
  "evaluation_time": 9607.129004478455,
  "kg_co2_emissions": null
}