{
  "dataset_revision": "d67138e705d963e346253a80e59676ddb418810a",
  "task_name": "MultiLongDocRetrieval",
  "mteb_version": "1.38.1",
  "scores": {
    "test": [
      {
        "ndcg_at_1": 0.22,
        "ndcg_at_3": 0.2697,
        "ndcg_at_5": 0.28777,
        "ndcg_at_10": 0.30741,
        "ndcg_at_20": 0.32251,
        "ndcg_at_100": 0.35469,
        "ndcg_at_1000": 0.3972,
        "map_at_1": 0.22,
        "map_at_3": 0.2575,
        "map_at_5": 0.26725,
        "map_at_10": 0.2755,
        "map_at_20": 0.27961,
        "map_at_100": 0.28367,
        "map_at_1000": 0.28502,
        "recall_at_1": 0.22,
        "recall_at_3": 0.305,
        "recall_at_5": 0.35,
        "recall_at_10": 0.41,
        "recall_at_20": 0.47,
        "recall_at_100": 0.65,
        "recall_at_1000": 1.0,
        "precision_at_1": 0.22,
        "precision_at_3": 0.10167,
        "precision_at_5": 0.07,
        "precision_at_10": 0.041,
        "precision_at_20": 0.0235,
        "precision_at_100": 0.0065,
        "precision_at_1000": 0.001,
        "mrr_at_1": 0.22,
        "mrr_at_3": 0.2575,
        "mrr_at_5": 0.2675,
        "mrr_at_10": 0.275817,
        "mrr_at_20": 0.279997,
        "mrr_at_100": 0.28414,
        "mrr_at_1000": 0.28551,
        "nauc_ndcg_at_1_max": 0.474811,
        "nauc_ndcg_at_1_std": 0.000878,
        "nauc_ndcg_at_1_diff1": 0.57928,
        "nauc_ndcg_at_3_max": 0.446079,
        "nauc_ndcg_at_3_std": -0.011781,
        "nauc_ndcg_at_3_diff1": 0.517655,
        "nauc_ndcg_at_5_max": 0.427593,
        "nauc_ndcg_at_5_std": -0.019117,
        "nauc_ndcg_at_5_diff1": 0.494188,
        "nauc_ndcg_at_10_max": 0.417056,
        "nauc_ndcg_at_10_std": -0.022956,
        "nauc_ndcg_at_10_diff1": 0.486813,
        "nauc_ndcg_at_20_max": 0.409394,
        "nauc_ndcg_at_20_std": -0.028477,
        "nauc_ndcg_at_20_diff1": 0.483103,
        "nauc_ndcg_at_100_max": 0.396418,
        "nauc_ndcg_at_100_std": -0.041015,
        "nauc_ndcg_at_100_diff1": 0.470823,
        "nauc_ndcg_at_1000_max": 0.414958,
        "nauc_ndcg_at_1000_std": -0.030157,
        "nauc_ndcg_at_1000_diff1": 0.492158,
        "nauc_map_at_1_max": 0.474811,
        "nauc_map_at_1_std": 0.000878,
        "nauc_map_at_1_diff1": 0.57928,
        "nauc_map_at_3_max": 0.450173,
        "nauc_map_at_3_std": -0.014649,
        "nauc_map_at_3_diff1": 0.532091,
        "nauc_map_at_5_max": 0.439542,
        "nauc_map_at_5_std": -0.019601,
        "nauc_map_at_5_diff1": 0.519112,
        "nauc_map_at_10_max": 0.435838,
        "nauc_map_at_10_std": -0.020598,
        "nauc_map_at_10_diff1": 0.516313,
        "nauc_map_at_20_max": 0.433242,
        "nauc_map_at_20_std": -0.022259,
        "nauc_map_at_20_diff1": 0.514516,
        "nauc_map_at_100_max": 0.430834,
        "nauc_map_at_100_std": -0.023968,
        "nauc_map_at_100_diff1": 0.512436,
        "nauc_map_at_1000_max": 0.431576,
        "nauc_map_at_1000_std": -0.023613,
        "nauc_map_at_1000_diff1": 0.513354,
        "nauc_recall_at_1_max": 0.474811,
        "nauc_recall_at_1_std": 0.000878,
        "nauc_recall_at_1_diff1": 0.57928,
        "nauc_recall_at_3_max": 0.436049,
        "nauc_recall_at_3_std": -0.001921,
        "nauc_recall_at_3_diff1": 0.478856,
        "nauc_recall_at_5_max": 0.394739,
        "nauc_recall_at_5_std": -0.015762,
        "nauc_recall_at_5_diff1": 0.424853,
        "nauc_recall_at_10_max": 0.361697,
        "nauc_recall_at_10_std": -0.029683,
        "nauc_recall_at_10_diff1": 0.403406,
        "nauc_recall_at_20_max": 0.335625,
        "nauc_recall_at_20_std": -0.049394,
        "nauc_recall_at_20_diff1": 0.393584,
        "nauc_recall_at_100_max": 0.251355,
        "nauc_recall_at_100_std": -0.130727,
        "nauc_recall_at_100_diff1": 0.307177,
        "nauc_recall_at_1000_max": NaN,
        "nauc_recall_at_1000_std": NaN,
        "nauc_recall_at_1000_diff1": NaN,
        "nauc_precision_at_1_max": 0.474811,
        "nauc_precision_at_1_std": 0.000878,
        "nauc_precision_at_1_diff1": 0.57928,
        "nauc_precision_at_3_max": 0.436049,
        "nauc_precision_at_3_std": -0.001921,
        "nauc_precision_at_3_diff1": 0.478856,
        "nauc_precision_at_5_max": 0.394739,
        "nauc_precision_at_5_std": -0.015762,
        "nauc_precision_at_5_diff1": 0.424853,
        "nauc_precision_at_10_max": 0.361697,
        "nauc_precision_at_10_std": -0.029683,
        "nauc_precision_at_10_diff1": 0.403406,
        "nauc_precision_at_20_max": 0.335625,
        "nauc_precision_at_20_std": -0.049394,
        "nauc_precision_at_20_diff1": 0.393584,
        "nauc_precision_at_100_max": 0.251355,
        "nauc_precision_at_100_std": -0.130727,
        "nauc_precision_at_100_diff1": 0.307177,
        "nauc_precision_at_1000_max": 1.0,
        "nauc_precision_at_1000_std": 1.0,
        "nauc_precision_at_1000_diff1": 1.0,
        "nauc_mrr_at_1_max": 0.474811,
        "nauc_mrr_at_1_std": 0.000878,
        "nauc_mrr_at_1_diff1": 0.57928,
        "nauc_mrr_at_3_max": 0.450173,
        "nauc_mrr_at_3_std": -0.014649,
        "nauc_mrr_at_3_diff1": 0.532091,
        "nauc_mrr_at_5_max": 0.438708,
        "nauc_mrr_at_5_std": -0.020373,
        "nauc_mrr_at_5_diff1": 0.518268,
        "nauc_mrr_at_10_max": 0.434777,
        "nauc_mrr_at_10_std": -0.021553,
        "nauc_mrr_at_10_diff1": 0.515239,
        "nauc_mrr_at_20_max": 0.432124,
        "nauc_mrr_at_20_std": -0.023265,
        "nauc_mrr_at_20_diff1": 0.513406,
        "nauc_mrr_at_100_max": 0.429627,
        "nauc_mrr_at_100_std": -0.025028,
        "nauc_mrr_at_100_diff1": 0.511276,
        "nauc_mrr_at_1000_max": 0.430373,
        "nauc_mrr_at_1000_std": -0.024673,
        "nauc_mrr_at_1000_diff1": 0.512198,
        "main_score": 0.30741,
        "hf_subset": "ko",
        "languages": [
          "kor-Hang"
        ]
      }
    ]
  },
  "evaluation_time": 8582.78929901123,
  "kg_co2_emissions": null
}