{
  "dataset_revision": "main",
  "task_name": "PublicHealthQA",
  "mteb_version": "1.38.1",
  "scores": {
    "test": [
      {
        "ndcg_at_1": 0.51948,
        "ndcg_at_3": 0.65368,
        "ndcg_at_5": 0.66875,
        "ndcg_at_10": 0.69057,
        "ndcg_at_20": 0.70388,
        "ndcg_at_100": 0.72438,
        "ndcg_at_1000": 0.72438,
        "map_at_1": 0.51948,
        "map_at_3": 0.62338,
        "map_at_5": 0.63117,
        "map_at_10": 0.64065,
        "map_at_20": 0.64441,
        "map_at_100": 0.64769,
        "map_at_1000": 0.64769,
        "recall_at_1": 0.51948,
        "recall_at_3": 0.74026,
        "recall_at_5": 0.77922,
        "recall_at_10": 0.84416,
        "recall_at_20": 0.8961,
        "recall_at_100": 1.0,
        "recall_at_1000": 1.0,
        "precision_at_1": 0.51948,
        "precision_at_3": 0.24675,
        "precision_at_5": 0.15584,
        "precision_at_10": 0.08442,
        "precision_at_20": 0.04481,
        "precision_at_100": 0.01,
        "precision_at_1000": 0.001,
        "mrr_at_1": 0.519481,
        "mrr_at_3": 0.621212,
        "mrr_at_5": 0.629004,
        "mrr_at_10": 0.638487,
        "mrr_at_20": 0.642244,
        "mrr_at_100": 0.645568,
        "mrr_at_1000": 0.645568,
        "nauc_ndcg_at_1_max": 0.223258,
        "nauc_ndcg_at_1_std": -0.177177,
        "nauc_ndcg_at_1_diff1": 0.550467,
        "nauc_ndcg_at_3_max": 0.288737,
        "nauc_ndcg_at_3_std": -0.038253,
        "nauc_ndcg_at_3_diff1": 0.436529,
        "nauc_ndcg_at_5_max": 0.278271,
        "nauc_ndcg_at_5_std": -0.042452,
        "nauc_ndcg_at_5_diff1": 0.437144,
        "nauc_ndcg_at_10_max": 0.268028,
        "nauc_ndcg_at_10_std": -0.057852,
        "nauc_ndcg_at_10_diff1": 0.451487,
        "nauc_ndcg_at_20_max": 0.231483,
        "nauc_ndcg_at_20_std": -0.091343,
        "nauc_ndcg_at_20_diff1": 0.431046,
        "nauc_ndcg_at_100_max": 0.256276,
        "nauc_ndcg_at_100_std": -0.079571,
        "nauc_ndcg_at_100_diff1": 0.460833,
        "nauc_ndcg_at_1000_max": 0.256276,
        "nauc_ndcg_at_1000_std": -0.079571,
        "nauc_ndcg_at_1000_diff1": 0.460833,
        "nauc_map_at_1_max": 0.223258,
        "nauc_map_at_1_std": -0.177177,
        "nauc_map_at_1_diff1": 0.550467,
        "nauc_map_at_3_max": 0.268487,
        "nauc_map_at_3_std": -0.075508,
        "nauc_map_at_3_diff1": 0.467713,
        "nauc_map_at_5_max": 0.263078,
        "nauc_map_at_5_std": -0.078252,
        "nauc_map_at_5_diff1": 0.468622,
        "nauc_map_at_10_max": 0.259945,
        "nauc_map_at_10_std": -0.083586,
        "nauc_map_at_10_diff1": 0.4759,
        "nauc_map_at_20_max": 0.251275,
        "nauc_map_at_20_std": -0.091066,
        "nauc_map_at_20_diff1": 0.47085,
        "nauc_map_at_100_max": 0.255065,
        "nauc_map_at_100_std": -0.089133,
        "nauc_map_at_100_diff1": 0.474551,
        "nauc_map_at_1000_max": 0.255065,
        "nauc_map_at_1000_std": -0.089133,
        "nauc_map_at_1000_diff1": 0.474551,
        "nauc_recall_at_1_max": 0.223258,
        "nauc_recall_at_1_std": -0.177177,
        "nauc_recall_at_1_diff1": 0.550467,
        "nauc_recall_at_3_max": 0.363678,
        "nauc_recall_at_3_std": 0.09687,
        "nauc_recall_at_3_diff1": 0.323074,
        "nauc_recall_at_5_max": 0.338649,
        "nauc_recall_at_5_std": 0.101496,
        "nauc_recall_at_5_diff1": 0.309319,
        "nauc_recall_at_10_max": 0.297633,
        "nauc_recall_at_10_std": 0.061161,
        "nauc_recall_at_10_diff1": 0.326585,
        "nauc_recall_at_20_max": -0.017444,
        "nauc_recall_at_20_std": -0.200807,
        "nauc_recall_at_20_diff1": 0.099786,
        "nauc_recall_at_100_max": NaN,
        "nauc_recall_at_100_std": NaN,
        "nauc_recall_at_100_diff1": NaN,
        "nauc_recall_at_1000_max": NaN,
        "nauc_recall_at_1000_std": NaN,
        "nauc_recall_at_1000_diff1": NaN,
        "nauc_precision_at_1_max": 0.223258,
        "nauc_precision_at_1_std": -0.177177,
        "nauc_precision_at_1_diff1": 0.550467,
        "nauc_precision_at_3_max": 0.363678,
        "nauc_precision_at_3_std": 0.09687,
        "nauc_precision_at_3_diff1": 0.323074,
        "nauc_precision_at_5_max": 0.338649,
        "nauc_precision_at_5_std": 0.101496,
        "nauc_precision_at_5_diff1": 0.309319,
        "nauc_precision_at_10_max": 0.297633,
        "nauc_precision_at_10_std": 0.061161,
        "nauc_precision_at_10_diff1": 0.326585,
        "nauc_precision_at_20_max": -0.017444,
        "nauc_precision_at_20_std": -0.200807,
        "nauc_precision_at_20_diff1": 0.099786,
        "nauc_precision_at_100_max": 1.0,
        "nauc_precision_at_100_std": 1.0,
        "nauc_precision_at_100_diff1": 1.0,
        "nauc_precision_at_1000_max": NaN,
        "nauc_precision_at_1000_std": NaN,
        "nauc_precision_at_1000_diff1": NaN,
        "nauc_mrr_at_1_max": 0.223258,
        "nauc_mrr_at_1_std": -0.177177,
        "nauc_mrr_at_1_diff1": 0.550467,
        "nauc_mrr_at_3_max": 0.258769,
        "nauc_mrr_at_3_std": -0.088003,
        "nauc_mrr_at_3_diff1": 0.473193,
        "nauc_mrr_at_5_max": 0.253192,
        "nauc_mrr_at_5_std": -0.090981,
        "nauc_mrr_at_5_diff1": 0.474205,
        "nauc_mrr_at_10_max": 0.249804,
        "nauc_mrr_at_10_std": -0.096638,
        "nauc_mrr_at_10_diff1": 0.481603,
        "nauc_mrr_at_20_max": 0.241052,
        "nauc_mrr_at_20_std": -0.10424,
        "nauc_mrr_at_20_diff1": 0.476643,
        "nauc_mrr_at_100_max": 0.244925,
        "nauc_mrr_at_100_std": -0.102277,
        "nauc_mrr_at_100_diff1": 0.480409,
        "nauc_mrr_at_1000_max": 0.244925,
        "nauc_mrr_at_1000_std": -0.102277,
        "nauc_mrr_at_1000_diff1": 0.480409,
        "main_score": 0.69057,
        "hf_subset": "korean",
        "languages": [
          "kor-Hang"
        ]
      }
    ]
  },
  "evaluation_time": 92.7242202758789,
  "kg_co2_emissions": null
}