{
  "dataset_revision": "main",
  "task_name": "PublicHealthQA",
  "mteb_version": "1.38.1",
  "scores": {
    "test": [
      {
        "ndcg_at_1": 0.42857,
        "ndcg_at_3": 0.48253,
        "ndcg_at_5": 0.49817,
        "ndcg_at_10": 0.51585,
        "ndcg_at_20": 0.53225,
        "ndcg_at_100": 0.53756,
        "ndcg_at_1000": 0.53756,
        "map_at_1": 0.42857,
        "map_at_3": 0.4697,
        "map_at_5": 0.47814,
        "map_at_10": 0.48595,
        "map_at_20": 0.49043,
        "map_at_100": 0.49134,
        "map_at_1000": 0.49134,
        "recall_at_1": 0.42857,
        "recall_at_3": 0.51948,
        "recall_at_5": 0.55844,
        "recall_at_10": 0.61039,
        "recall_at_20": 0.67532,
        "recall_at_100": 0.7013,
        "recall_at_1000": 0.7013,
        "precision_at_1": 0.42857,
        "precision_at_3": 0.17316,
        "precision_at_5": 0.11169,
        "precision_at_10": 0.06104,
        "precision_at_20": 0.03377,
        "precision_at_100": 0.00701,
        "precision_at_1000": 0.0007,
        "mrr_at_1": 0.402597,
        "mrr_at_3": 0.45671,
        "mrr_at_5": 0.465152,
        "mrr_at_10": 0.472959,
        "mrr_at_20": 0.477494,
        "mrr_at_100": 0.478407,
        "mrr_at_1000": 0.478407,
        "nauc_ndcg_at_1_max": 0.348546,
        "nauc_ndcg_at_1_std": 0.089399,
        "nauc_ndcg_at_1_diff1": 0.421861,
        "nauc_ndcg_at_3_max": 0.351177,
        "nauc_ndcg_at_3_std": 0.124198,
        "nauc_ndcg_at_3_diff1": 0.352539,
        "nauc_ndcg_at_5_max": 0.362557,
        "nauc_ndcg_at_5_std": 0.172853,
        "nauc_ndcg_at_5_diff1": 0.333801,
        "nauc_ndcg_at_10_max": 0.331984,
        "nauc_ndcg_at_10_std": 0.14646,
        "nauc_ndcg_at_10_diff1": 0.316011,
        "nauc_ndcg_at_20_max": 0.34506,
        "nauc_ndcg_at_20_std": 0.158203,
        "nauc_ndcg_at_20_diff1": 0.319382,
        "nauc_ndcg_at_100_max": 0.354298,
        "nauc_ndcg_at_100_std": 0.170206,
        "nauc_ndcg_at_100_diff1": 0.316203,
        "nauc_ndcg_at_1000_max": 0.354298,
        "nauc_ndcg_at_1000_std": 0.170206,
        "nauc_ndcg_at_1000_diff1": 0.316203,
        "nauc_map_at_1_max": 0.348546,
        "nauc_map_at_1_std": 0.089399,
        "nauc_map_at_1_diff1": 0.421861,
        "nauc_map_at_3_max": 0.353533,
        "nauc_map_at_3_std": 0.11902,
        "nauc_map_at_3_diff1": 0.371426,
        "nauc_map_at_5_max": 0.359656,
        "nauc_map_at_5_std": 0.145022,
        "nauc_map_at_5_diff1": 0.361797,
        "nauc_map_at_10_max": 0.346681,
        "nauc_map_at_10_std": 0.133852,
        "nauc_map_at_10_diff1": 0.354451,
        "nauc_map_at_20_max": 0.349567,
        "nauc_map_at_20_std": 0.135955,
        "nauc_map_at_20_diff1": 0.355924,
        "nauc_map_at_100_max": 0.350879,
        "nauc_map_at_100_std": 0.137746,
        "nauc_map_at_100_diff1": 0.355324,
        "nauc_map_at_1000_max": 0.350879,
        "nauc_map_at_1000_std": 0.137746,
        "nauc_map_at_1000_diff1": 0.355324,
        "nauc_recall_at_1_max": 0.348546,
        "nauc_recall_at_1_std": 0.089399,
        "nauc_recall_at_1_diff1": 0.421861,
        "nauc_recall_at_3_max": 0.342944,
        "nauc_recall_at_3_std": 0.138079,
        "nauc_recall_at_3_diff1": 0.295928,
        "nauc_recall_at_5_max": 0.372002,
        "nauc_recall_at_5_std": 0.264575,
        "nauc_recall_at_5_diff1": 0.244001,
        "nauc_recall_at_10_max": 0.273316,
        "nauc_recall_at_10_std": 0.18366,
        "nauc_recall_at_10_diff1": 0.180422,
        "nauc_recall_at_20_max": 0.333736,
        "nauc_recall_at_20_std": 0.252801,
        "nauc_recall_at_20_diff1": 0.175507,
        "nauc_recall_at_100_max": 0.392985,
        "nauc_recall_at_100_std": 0.333935,
        "nauc_recall_at_100_diff1": 0.149962,
        "nauc_recall_at_1000_max": 0.392985,
        "nauc_recall_at_1000_std": 0.333935,
        "nauc_recall_at_1000_diff1": 0.149962,
        "nauc_precision_at_1_max": 0.348546,
        "nauc_precision_at_1_std": 0.089399,
        "nauc_precision_at_1_diff1": 0.421861,
        "nauc_precision_at_3_max": 0.342944,
        "nauc_precision_at_3_std": 0.138079,
        "nauc_precision_at_3_diff1": 0.295928,
        "nauc_precision_at_5_max": 0.372002,
        "nauc_precision_at_5_std": 0.264575,
        "nauc_precision_at_5_diff1": 0.244001,
        "nauc_precision_at_10_max": 0.273316,
        "nauc_precision_at_10_std": 0.18366,
        "nauc_precision_at_10_diff1": 0.180422,
        "nauc_precision_at_20_max": 0.333736,
        "nauc_precision_at_20_std": 0.252801,
        "nauc_precision_at_20_diff1": 0.175507,
        "nauc_precision_at_100_max": 0.392985,
        "nauc_precision_at_100_std": 0.333935,
        "nauc_precision_at_100_diff1": 0.149962,
        "nauc_precision_at_1000_max": 0.392985,
        "nauc_precision_at_1000_std": 0.333935,
        "nauc_precision_at_1000_diff1": 0.149962,
        "nauc_mrr_at_1_max": 0.287689,
        "nauc_mrr_at_1_std": 0.026572,
        "nauc_mrr_at_1_diff1": 0.489963,
        "nauc_mrr_at_3_max": 0.32241,
        "nauc_mrr_at_3_std": 0.086776,
        "nauc_mrr_at_3_diff1": 0.406462,
        "nauc_mrr_at_5_max": 0.328236,
        "nauc_mrr_at_5_std": 0.112379,
        "nauc_mrr_at_5_diff1": 0.39718,
        "nauc_mrr_at_10_max": 0.31504,
        "nauc_mrr_at_10_std": 0.100968,
        "nauc_mrr_at_10_diff1": 0.390186,
        "nauc_mrr_at_20_max": 0.317984,
        "nauc_mrr_at_20_std": 0.103016,
        "nauc_mrr_at_20_diff1": 0.391887,
        "nauc_mrr_at_100_max": 0.319243,
        "nauc_mrr_at_100_std": 0.104751,
        "nauc_mrr_at_100_diff1": 0.391343,
        "nauc_mrr_at_1000_max": 0.319243,
        "nauc_mrr_at_1000_std": 0.104751,
        "nauc_mrr_at_1000_diff1": 0.391343,
        "main_score": 0.51585,
        "hf_subset": "korean",
        "languages": [
          "kor-Hang"
        ]
      }
    ]
  },
  "evaluation_time": 151.26823234558105,
  "kg_co2_emissions": null
}