{
  "dataset_revision": "c99d599f0a6ab9b85b065da6f9d94f9cf731679f",
  "task_name": "XPQARetrieval",
  "mteb_version": "1.38.1",
  "scores": {
    "test": [
      {
        "ndcg_at_1": 0.3578,
        "ndcg_at_3": 0.41505,
        "ndcg_at_5": 0.45126,
        "ndcg_at_10": 0.49296,
        "ndcg_at_20": 0.53693,
        "ndcg_at_100": 0.57756,
        "ndcg_at_1000": 0.57756,
        "map_at_1": 0.25163,
        "map_at_3": 0.37618,
        "map_at_5": 0.40631,
        "map_at_10": 0.4264,
        "map_at_20": 0.44059,
        "map_at_100": 0.44884,
        "map_at_1000": 0.44884,
        "recall_at_1": 0.25163,
        "recall_at_3": 0.45622,
        "recall_at_5": 0.54269,
        "recall_at_10": 0.65782,
        "recall_at_20": 0.81448,
        "recall_at_100": 1.0,
        "recall_at_1000": 1.0,
        "precision_at_1": 0.3578,
        "precision_at_3": 0.23904,
        "precision_at_5": 0.17431,
        "precision_at_10": 0.1055,
        "precision_at_20": 0.06498,
        "precision_at_100": 0.01564,
        "precision_at_1000": 0.00156,
        "mrr_at_1": 0.359327,
        "mrr_at_3": 0.427625,
        "mrr_at_5": 0.446432,
        "mrr_at_10": 0.460739,
        "mrr_at_20": 0.47047,
        "mrr_at_100": 0.475453,
        "mrr_at_1000": 0.475453,
        "nauc_ndcg_at_1_max": 0.280549,
        "nauc_ndcg_at_1_std": 0.040147,
        "nauc_ndcg_at_1_diff1": 0.398422,
        "nauc_ndcg_at_3_max": 0.19696,
        "nauc_ndcg_at_3_std": -0.021145,
        "nauc_ndcg_at_3_diff1": 0.354141,
        "nauc_ndcg_at_5_max": 0.187725,
        "nauc_ndcg_at_5_std": -0.021845,
        "nauc_ndcg_at_5_diff1": 0.34629,
        "nauc_ndcg_at_10_max": 0.16964,
        "nauc_ndcg_at_10_std": -0.035158,
        "nauc_ndcg_at_10_diff1": 0.339043,
        "nauc_ndcg_at_20_max": 0.186634,
        "nauc_ndcg_at_20_std": -0.016154,
        "nauc_ndcg_at_20_diff1": 0.341512,
        "nauc_ndcg_at_100_max": 0.211801,
        "nauc_ndcg_at_100_std": -0.000111,
        "nauc_ndcg_at_100_diff1": 0.349429,
        "nauc_ndcg_at_1000_max": 0.211801,
        "nauc_ndcg_at_1000_std": -0.000111,
        "nauc_ndcg_at_1000_diff1": 0.349429,
        "nauc_map_at_1_max": 0.188366,
        "nauc_map_at_1_std": -0.053761,
        "nauc_map_at_1_diff1": 0.441925,
        "nauc_map_at_3_max": 0.205896,
        "nauc_map_at_3_std": -0.019681,
        "nauc_map_at_3_diff1": 0.373972,
        "nauc_map_at_5_max": 0.204142,
        "nauc_map_at_5_std": -0.013199,
        "nauc_map_at_5_diff1": 0.3594,
        "nauc_map_at_10_max": 0.196574,
        "nauc_map_at_10_std": -0.017044,
        "nauc_map_at_10_diff1": 0.353608,
        "nauc_map_at_20_max": 0.203039,
        "nauc_map_at_20_std": -0.010471,
        "nauc_map_at_20_diff1": 0.354435,
        "nauc_map_at_100_max": 0.20813,
        "nauc_map_at_100_std": -0.006942,
        "nauc_map_at_100_diff1": 0.355243,
        "nauc_map_at_1000_max": 0.20813,
        "nauc_map_at_1000_std": -0.006942,
        "nauc_map_at_1000_diff1": 0.355243,
        "nauc_recall_at_1_max": 0.188366,
        "nauc_recall_at_1_std": -0.053761,
        "nauc_recall_at_1_diff1": 0.441925,
        "nauc_recall_at_3_max": 0.129173,
        "nauc_recall_at_3_std": -0.072987,
        "nauc_recall_at_3_diff1": 0.329058,
        "nauc_recall_at_5_max": 0.108417,
        "nauc_recall_at_5_std": -0.071999,
        "nauc_recall_at_5_diff1": 0.301182,
        "nauc_recall_at_10_max": 0.032843,
        "nauc_recall_at_10_std": -0.132424,
        "nauc_recall_at_10_diff1": 0.275197,
        "nauc_recall_at_20_max": 0.023883,
        "nauc_recall_at_20_std": -0.106813,
        "nauc_recall_at_20_diff1": 0.258828,
        "nauc_recall_at_100_max": NaN,
        "nauc_recall_at_100_std": NaN,
        "nauc_recall_at_100_diff1": NaN,
        "nauc_recall_at_1000_max": NaN,
        "nauc_recall_at_1000_std": NaN,
        "nauc_recall_at_1000_diff1": NaN,
        "nauc_precision_at_1_max": 0.280549,
        "nauc_precision_at_1_std": 0.040147,
        "nauc_precision_at_1_diff1": 0.398422,
        "nauc_precision_at_3_max": 0.223919,
        "nauc_precision_at_3_std": 0.088522,
        "nauc_precision_at_3_diff1": 0.174544,
        "nauc_precision_at_5_max": 0.184325,
        "nauc_precision_at_5_std": 0.091805,
        "nauc_precision_at_5_diff1": 0.10608,
        "nauc_precision_at_10_max": 0.138103,
        "nauc_precision_at_10_std": 0.083612,
        "nauc_precision_at_10_diff1": 0.055772,
        "nauc_precision_at_20_max": 0.171912,
        "nauc_precision_at_20_std": 0.159797,
        "nauc_precision_at_20_diff1": -0.005042,
        "nauc_precision_at_100_max": 0.227548,
        "nauc_precision_at_100_std": 0.252494,
        "nauc_precision_at_100_diff1": -0.097742,
        "nauc_precision_at_1000_max": 0.227548,
        "nauc_precision_at_1000_std": 0.252494,
        "nauc_precision_at_1000_diff1": -0.097742,
        "nauc_mrr_at_1_max": 0.276043,
        "nauc_mrr_at_1_std": 0.036379,
        "nauc_mrr_at_1_diff1": 0.393829,
        "nauc_mrr_at_3_max": 0.228639,
        "nauc_mrr_at_3_std": 0.005039,
        "nauc_mrr_at_3_diff1": 0.362855,
        "nauc_mrr_at_5_max": 0.220773,
        "nauc_mrr_at_5_std": 0.001942,
        "nauc_mrr_at_5_diff1": 0.355854,
        "nauc_mrr_at_10_max": 0.217305,
        "nauc_mrr_at_10_std": -0.001684,
        "nauc_mrr_at_10_diff1": 0.356868,
        "nauc_mrr_at_20_max": 0.221781,
        "nauc_mrr_at_20_std": 0.003236,
        "nauc_mrr_at_20_diff1": 0.357393,
        "nauc_mrr_at_100_max": 0.222967,
        "nauc_mrr_at_100_std": 0.003295,
        "nauc_mrr_at_100_diff1": 0.358399,
        "nauc_mrr_at_1000_max": 0.222967,
        "nauc_mrr_at_1000_std": 0.003295,
        "nauc_mrr_at_1000_diff1": 0.358399,
        "main_score": 0.49296,
        "hf_subset": "kor-kor",
        "languages": [
          "kor-Hang",
          "kor-Hang"
        ]
      },
      {
        "ndcg_at_1": 0.05657,
        "ndcg_at_3": 0.04313,
        "ndcg_at_5": 0.04457,
        "ndcg_at_10": 0.04579,
        "ndcg_at_20": 0.04652,
        "ndcg_at_100": 0.04697,
        "ndcg_at_1000": 0.04697,
        "map_at_1": 0.03094,
        "map_at_3": 0.03508,
        "map_at_5": 0.03645,
        "map_at_10": 0.03692,
        "map_at_20": 0.0371,
        "map_at_100": 0.03719,
        "map_at_1000": 0.03719,
        "recall_at_1": 0.03094,
        "recall_at_3": 0.03843,
        "recall_at_5": 0.04498,
        "recall_at_10": 0.04817,
        "recall_at_20": 0.05122,
        "recall_at_100": 0.05306,
        "recall_at_1000": 0.05306,
        "precision_at_1": 0.05657,
        "precision_at_3": 0.02446,
        "precision_at_5": 0.01682,
        "precision_at_10": 0.00902,
        "precision_at_20": 0.00466,
        "precision_at_100": 0.00096,
        "precision_at_1000": 0.0001,
        "mrr_at_1": 0.056575,
        "mrr_at_3": 0.062436,
        "mrr_at_5": 0.064118,
        "mrr_at_10": 0.064963,
        "mrr_at_20": 0.065141,
        "mrr_at_100": 0.06527,
        "mrr_at_1000": 0.06527,
        "nauc_ndcg_at_1_max": 0.401802,
        "nauc_ndcg_at_1_std": 0.269344,
        "nauc_ndcg_at_1_diff1": 0.509649,
        "nauc_ndcg_at_3_max": 0.323674,
        "nauc_ndcg_at_3_std": 0.219214,
        "nauc_ndcg_at_3_diff1": 0.386975,
        "nauc_ndcg_at_5_max": 0.321643,
        "nauc_ndcg_at_5_std": 0.230849,
        "nauc_ndcg_at_5_diff1": 0.349773,
        "nauc_ndcg_at_10_max": 0.319994,
        "nauc_ndcg_at_10_std": 0.234779,
        "nauc_ndcg_at_10_diff1": 0.333125,
        "nauc_ndcg_at_20_max": 0.312675,
        "nauc_ndcg_at_20_std": 0.228798,
        "nauc_ndcg_at_20_diff1": 0.322653,
        "nauc_ndcg_at_100_max": 0.317717,
        "nauc_ndcg_at_100_std": 0.234647,
        "nauc_ndcg_at_100_diff1": 0.327599,
        "nauc_ndcg_at_1000_max": 0.317717,
        "nauc_ndcg_at_1000_std": 0.234647,
        "nauc_ndcg_at_1000_diff1": 0.327599,
        "nauc_map_at_1_max": 0.315073,
        "nauc_map_at_1_std": 0.194451,