{
  "dataset_revision": "c99d599f0a6ab9b85b065da6f9d94f9cf731679f",
  "task_name": "XPQARetrieval",
  "mteb_version": "1.38.1",
  "scores": {
    "test": [
      {
        "ndcg_at_1": 0.27829,
        "ndcg_at_3": 0.28815,
        "ndcg_at_5": 0.31083,
        "ndcg_at_10": 0.34678,
        "ndcg_at_20": 0.37245,
        "ndcg_at_100": 0.42314,
        "ndcg_at_1000": 0.45125,
        "map_at_1": 0.19207,
        "map_at_3": 0.26217,
        "map_at_5": 0.28049,
        "map_at_10": 0.29745,
        "map_at_20": 0.30535,
        "map_at_100": 0.31296,
        "map_at_1000": 0.3143,
        "recall_at_1": 0.19207,
        "recall_at_3": 0.29903,
        "recall_at_5": 0.35487,
        "recall_at_10": 0.45428,
        "recall_at_20": 0.54595,
        "recall_at_100": 0.79709,
        "recall_at_1000": 1.0,
        "precision_at_1": 0.27829,
        "precision_at_3": 0.16361,
        "precision_at_5": 0.11804,
        "precision_at_10": 0.07446,
        "precision_at_20": 0.04427,
        "precision_at_100": 0.01289,
        "precision_at_1000": 0.00156,
        "mrr_at_1": 0.278287,
        "mrr_at_3": 0.31371,
        "mrr_at_5": 0.326478,
        "mrr_at_10": 0.339056,
        "mrr_at_20": 0.345286,
        "mrr_at_100": 0.350546,
        "mrr_at_1000": 0.351373,
        "nauc_ndcg_at_1_max": 0.429361,
        "nauc_ndcg_at_1_std": -0.023005,
        "nauc_ndcg_at_1_diff1": 0.460306,
        "nauc_ndcg_at_3_max": 0.406157,
        "nauc_ndcg_at_3_std": -0.003655,
        "nauc_ndcg_at_3_diff1": 0.374106,
        "nauc_ndcg_at_5_max": 0.400572,
        "nauc_ndcg_at_5_std": -0.020245,
        "nauc_ndcg_at_5_diff1": 0.377411,
        "nauc_ndcg_at_10_max": 0.375979,
        "nauc_ndcg_at_10_std": -0.031759,
        "nauc_ndcg_at_10_diff1": 0.361212,
        "nauc_ndcg_at_20_max": 0.377461,
        "nauc_ndcg_at_20_std": -0.025018,
        "nauc_ndcg_at_20_diff1": 0.359453,
        "nauc_ndcg_at_100_max": 0.381605,
        "nauc_ndcg_at_100_std": -0.011928,
        "nauc_ndcg_at_100_diff1": 0.364797,
        "nauc_ndcg_at_1000_max": 0.392992,
        "nauc_ndcg_at_1000_std": -0.010243,
        "nauc_ndcg_at_1000_diff1": 0.373031,
        "nauc_map_at_1_max": 0.350844,
        "nauc_map_at_1_std": -0.054291,
        "nauc_map_at_1_diff1": 0.502732,
        "nauc_map_at_3_max": 0.402232,
        "nauc_map_at_3_std": -0.014872,
        "nauc_map_at_3_diff1": 0.391073,
        "nauc_map_at_5_max": 0.402326,
        "nauc_map_at_5_std": -0.01954,
        "nauc_map_at_5_diff1": 0.38444,
        "nauc_map_at_10_max": 0.391356,
        "nauc_map_at_10_std": -0.024574,
        "nauc_map_at_10_diff1": 0.375928,
        "nauc_map_at_20_max": 0.392491,
        "nauc_map_at_20_std": -0.022121,
        "nauc_map_at_20_diff1": 0.374061,
        "nauc_map_at_100_max": 0.393417,
        "nauc_map_at_100_std": -0.019918,
        "nauc_map_at_100_diff1": 0.376023,
        "nauc_map_at_1000_max": 0.393963,
        "nauc_map_at_1000_std": -0.019619,
        "nauc_map_at_1000_diff1": 0.376294,
        "nauc_recall_at_1_max": 0.350844,
        "nauc_recall_at_1_std": -0.054291,
        "nauc_recall_at_1_diff1": 0.502732,
        "nauc_recall_at_3_max": 0.380135,
        "nauc_recall_at_3_std": -0.005281,
        "nauc_recall_at_3_diff1": 0.337069,
        "nauc_recall_at_5_max": 0.367645,
        "nauc_recall_at_5_std": -0.03218,
        "nauc_recall_at_5_diff1": 0.331416,
        "nauc_recall_at_10_max": 0.298105,
        "nauc_recall_at_10_std": -0.063721,
        "nauc_recall_at_10_diff1": 0.283933,
        "nauc_recall_at_20_max": 0.288232,
        "nauc_recall_at_20_std": -0.050682,
        "nauc_recall_at_20_diff1": 0.273708,
        "nauc_recall_at_100_max": 0.235942,
        "nauc_recall_at_100_std": -0.012696,
        "nauc_recall_at_100_diff1": 0.243758,
        "nauc_recall_at_1000_max": NaN,
        "nauc_recall_at_1000_std": NaN,
        "nauc_recall_at_1000_diff1": NaN,
        "nauc_precision_at_1_max": 0.429361,
        "nauc_precision_at_1_std": -0.023005,
        "nauc_precision_at_1_diff1": 0.460306,
        "nauc_precision_at_3_max": 0.427494,
        "nauc_precision_at_3_std": 0.055559,
        "nauc_precision_at_3_diff1": 0.21225,
        "nauc_precision_at_5_max": 0.394278,
        "nauc_precision_at_5_std": 0.039211,
        "nauc_precision_at_5_diff1": 0.187272,
        "nauc_precision_at_10_max": 0.315784,
        "nauc_precision_at_10_std": 0.015728,
        "nauc_precision_at_10_diff1": 0.144805,
        "nauc_precision_at_20_max": 0.306788,
        "nauc_precision_at_20_std": 0.048435,
        "nauc_precision_at_20_diff1": 0.119002,
        "nauc_precision_at_100_max": 0.253499,
        "nauc_precision_at_100_std": 0.153217,
        "nauc_precision_at_100_diff1": 0.047365,
        "nauc_precision_at_1000_max": 0.223462,
        "nauc_precision_at_1000_std": 0.199205,
        "nauc_precision_at_1000_diff1": -0.02204,
        "nauc_mrr_at_1_max": 0.429361,
        "nauc_mrr_at_1_std": -0.023005,
        "nauc_mrr_at_1_diff1": 0.460306,
        "nauc_mrr_at_3_max": 0.419607,
        "nauc_mrr_at_3_std": -0.006329,
        "nauc_mrr_at_3_diff1": 0.411312,
        "nauc_mrr_at_5_max": 0.416225,
        "nauc_mrr_at_5_std": -0.012325,
        "nauc_mrr_at_5_diff1": 0.411455,
        "nauc_mrr_at_10_max": 0.406871,
        "nauc_mrr_at_10_std": -0.018261,
        "nauc_mrr_at_10_diff1": 0.406224,
        "nauc_mrr_at_20_max": 0.40668,
        "nauc_mrr_at_20_std": -0.016265,
        "nauc_mrr_at_20_diff1": 0.406372,
        "nauc_mrr_at_100_max": 0.407135,
        "nauc_mrr_at_100_std": -0.015788,
        "nauc_mrr_at_100_diff1": 0.407305,
        "nauc_mrr_at_1000_max": 0.407276,
        "nauc_mrr_at_1000_std": -0.015909,
        "nauc_mrr_at_1000_diff1": 0.407374,
        "main_score": 0.34678,
        "hf_subset": "kor-kor",
        "languages": [
          "kor-Hang",
          "kor-Hang"
        ]
      },
      {
        "ndcg_at_1": 0.2263,
        "ndcg_at_3": 0.23434,
        "ndcg_at_5": 0.24702,
        "ndcg_at_10": 0.2765,
        "ndcg_at_20": 0.29896,
        "ndcg_at_100": 0.35697,
        "ndcg_at_1000": 0.3811,
        "map_at_1": 0.12482,
        "map_at_3": 0.18849,
        "map_at_5": 0.206,
        "map_at_10": 0.22188,
        "map_at_20": 0.22942,
        "map_at_100": 0.23862,
        "map_at_1000": 0.23997,
        "recall_at_1": 0.12482,
        "recall_at_3": 0.23542,
        "recall_at_5": 0.28188,
        "recall_at_10": 0.35698,
        "recall_at_20": 0.42719,
        "recall_at_100": 0.70403,
        "recall_at_1000": 0.86389,
        "precision_at_1": 0.2263,
        "precision_at_3": 0.15647,
        "precision_at_5": 0.11774,
        "precision_at_10": 0.07446,
        "precision_at_20": 0.04534,
        "precision_at_100": 0.01405,
        "precision_at_1000": 0.00168,
        "mrr_at_1": 0.227829,
        "mrr_at_3": 0.278797,
        "mrr_at_5": 0.290341,
        "mrr_at_10": 0.299936,
        "mrr_at_20": 0.305332,
        "mrr_at_100": 0.311281,
        "mrr_at_1000": 0.312051,
        "nauc_ndcg_at_1_max": 0.370797,
        "nauc_ndcg_at_1_std": -0.15849,
        "nauc_ndcg_at_1_diff1": 0.297743,
        "nauc_ndcg_at_3_max": 0.290045,
        "nauc_ndcg_at_3_std": -0.207744,
        "nauc_ndcg_at_3_diff1": 0.262616,
        "nauc_ndcg_at_5_max": 0.272848,
        "nauc_ndcg_at_5_std": -0.223235,
        "nauc_ndcg_at_5_diff1": 0.25555,
        "nauc_ndcg_at_10_max": 0.281943,
        "nauc_ndcg_at_10_std": -0.211519,
        "nauc_ndcg_at_10_diff1": 0.254868,
        "nauc_ndcg_at_20_max": 0.278238,
        "nauc_ndcg_at_20_std": -0.205275,
        "nauc_ndcg_at_20_diff1": 0.245886,
        "nauc_ndcg_at_100_max": 0.290511,
        "nauc_ndcg_at_100_std": -0.171031,
        "nauc_ndcg_at_100_diff1": 0.232657,
        "nauc_ndcg_at_1000_max": 0.299237,
        "nauc_ndcg_at_1000_std": -0.166139,
        "nauc_ndcg_at_1000_diff1": 0.235151,
        "nauc_map_at_1_max": 0.263796,