{
  "timestamp": "20241230_160628",
  "datatype_name": "AutoRAG",
  "qa_path": "/retriever-simple-benchmark/data/AutoRAG/qa_v4.parquet",
  "corpus_path": "/retriever-simple-benchmark/data/AutoRAG/ocr_corpus_v3.parquet",
  "model_type": "cross-encoder",
  "model_name": "sigridjineth/ko-reranker-v1.2-preview",
  "model_class": "huggingface",
  "use_fp16": true,
  "metrics": {
    "accuracy": {
      "1": 0.8771929824561403,
      "3": 0.9473684210526315,
      "5": 0.9649122807017544,
      "10": 0.9736842105263158
    },
    "f1": {
      "1": 0.8771929824561403,
      "3": 0.47368421052631576,
      "5": 0.32163742690058467,
      "10": 0.17703349282296674
    },
    "recall": {
      "1": 0.8771929824561403,
      "3": 0.9473684210526315,
      "5": 0.9649122807017544,
      "10": 0.9736842105263158
    },
    "precision": {
      "1": 0.8771929824561403,
      "3": 0.31578947368421034,
      "5": 0.19298245614035048,
      "10": 0.09736842105263137
    }
  },
  "inference_times": {
    "total_inference_time_sec": 219.36911845207214,
    "avg_inference_time_per_query_sec": 1.924290512737475
  }
}