{
  "dataset_revision": "fd7df84ac089bbec763b1c6bb1b56e985df5cc5c",
  "task_name": "AutoRAGRetrieval",
  "mteb_version": "1.38.1",
  "scores": {
    "test": [
      {
        "ndcg_at_1": 0.92105,
        "ndcg_at_3": 0.96627,
        "ndcg_at_5": 0.96627,
        "ndcg_at_10": 0.96627,
        "ndcg_at_20": 0.96627,
        "ndcg_at_100": 0.96627,
        "ndcg_at_1000": 0.96627,
        "map_at_1": 0.92105,
        "map_at_3": 0.95468,
        "map_at_5": 0.95468,
        "map_at_10": 0.95468,
        "map_at_20": 0.95468,
        "map_at_100": 0.95468,
        "map_at_1000": 0.95468,
        "recall_at_1": 0.92105,
        "recall_at_3": 1.0,
        "recall_at_5": 1.0,
        "recall_at_10": 1.0,
        "recall_at_20": 1.0,
        "recall_at_100": 1.0,
        "recall_at_1000": 1.0,
        "precision_at_1": 0.92105,
        "precision_at_3": 0.33333,
        "precision_at_5": 0.2,
        "precision_at_10": 0.1,
        "precision_at_20": 0.05,
        "precision_at_100": 0.01,
        "precision_at_1000": 0.001,
        "mrr_at_1": 0.912281,
        "mrr_at_3": 0.953216,
        "mrr_at_5": 0.953216,
        "mrr_at_10": 0.953216,
        "mrr_at_20": 0.953216,
        "mrr_at_100": 0.953216,
        "mrr_at_1000": 0.953216,
        "nauc_ndcg_at_1_max": -0.205029,
        "nauc_ndcg_at_1_std": -0.788657,
        "nauc_ndcg_at_1_diff1": 0.769397,
        "nauc_ndcg_at_3_max": -0.306157,
        "nauc_ndcg_at_3_std": -0.866435,
        "nauc_ndcg_at_3_diff1": 0.791352,
        "nauc_ndcg_at_5_max": -0.306157,
        "nauc_ndcg_at_5_std": -0.866435,
        "nauc_ndcg_at_5_diff1": 0.791352,
        "nauc_ndcg_at_10_max": -0.306157,
        "nauc_ndcg_at_10_std": -0.866435,
        "nauc_ndcg_at_10_diff1": 0.791352,
        "nauc_ndcg_at_20_max": -0.306157,
        "nauc_ndcg_at_20_std": -0.866435,
        "nauc_ndcg_at_20_diff1": 0.791352,
        "nauc_ndcg_at_100_max": -0.306157,
        "nauc_ndcg_at_100_std": -0.866435,
        "nauc_ndcg_at_100_diff1": 0.791352,
        "nauc_ndcg_at_1000_max": -0.306157,
        "nauc_ndcg_at_1000_std": -0.866435,
        "nauc_ndcg_at_1000_diff1": 0.791352,
        "nauc_map_at_1_max": -0.205029,
        "nauc_map_at_1_std": -0.788657,
        "nauc_map_at_1_diff1": 0.769397,
        "nauc_map_at_3_max": -0.300838,
        "nauc_map_at_3_std": -0.862344,
        "nauc_map_at_3_diff1": 0.790198,
        "nauc_map_at_5_max": -0.300838,
        "nauc_map_at_5_std": -0.862344,
        "nauc_map_at_5_diff1": 0.790198,
        "nauc_map_at_10_max": -0.300838,
        "nauc_map_at_10_std": -0.862344,
        "nauc_map_at_10_diff1": 0.790198,
        "nauc_map_at_20_max": -0.300838,
        "nauc_map_at_20_std": -0.862344,
        "nauc_map_at_20_diff1": 0.790198,
        "nauc_map_at_100_max": -0.300838,
        "nauc_map_at_100_std": -0.862344,
        "nauc_map_at_100_diff1": 0.790198,
        "nauc_map_at_1000_max": -0.300838,
        "nauc_map_at_1000_std": -0.862344,
        "nauc_map_at_1000_diff1": 0.790198,
        "nauc_recall_at_1_max": -0.205029,
        "nauc_recall_at_1_std": -0.788657,
        "nauc_recall_at_1_diff1": 0.769397,
        "nauc_recall_at_3_max": NaN,
        "nauc_recall_at_3_std": NaN,
        "nauc_recall_at_3_diff1": NaN,
        "nauc_recall_at_5_max": NaN,
        "nauc_recall_at_5_std": NaN,
        "nauc_recall_at_5_diff1": NaN,
        "nauc_recall_at_10_max": NaN,
        "nauc_recall_at_10_std": NaN,
        "nauc_recall_at_10_diff1": NaN,
        "nauc_recall_at_20_max": NaN,
        "nauc_recall_at_20_std": NaN,
        "nauc_recall_at_20_diff1": NaN,
        "nauc_recall_at_100_max": NaN,
        "nauc_recall_at_100_std": NaN,
        "nauc_recall_at_100_diff1": NaN,
        "nauc_recall_at_1000_max": NaN,
        "nauc_recall_at_1000_std": NaN,
        "nauc_recall_at_1000_diff1": NaN,
        "nauc_precision_at_1_max": -0.205029,
        "nauc_precision_at_1_std": -0.788657,
        "nauc_precision_at_1_diff1": 0.769397,
        "nauc_precision_at_3_max": 1.0,
        "nauc_precision_at_3_std": 1.0,
        "nauc_precision_at_3_diff1": 1.0,
        "nauc_precision_at_5_max": 1.0,
        "nauc_precision_at_5_std": 1.0,
        "nauc_precision_at_5_diff1": 1.0,
        "nauc_precision_at_10_max": 1.0,
        "nauc_precision_at_10_std": 1.0,
        "nauc_precision_at_10_diff1": 1.0,
        "nauc_precision_at_20_max": 1.0,
        "nauc_precision_at_20_std": 1.0,
        "nauc_precision_at_20_diff1": 1.0,
        "nauc_precision_at_100_max": 1.0,
        "nauc_precision_at_100_std": 1.0,
        "nauc_precision_at_100_diff1": 1.0,
        "nauc_precision_at_1000_max": 1.0,
        "nauc_precision_at_1000_std": 1.0,
        "nauc_precision_at_1000_diff1": 1.0,
        "nauc_mrr_at_1_max": -0.18822,
        "nauc_mrr_at_1_std": -0.795326,
        "nauc_mrr_at_1_diff1": 0.792457,
        "nauc_mrr_at_3_max": -0.204167,
        "nauc_mrr_at_3_std": -0.805802,
        "nauc_mrr_at_3_diff1": 0.796754,
        "nauc_mrr_at_5_max": -0.204167,
        "nauc_mrr_at_5_std": -0.805802,
        "nauc_mrr_at_5_diff1": 0.796754,
        "nauc_mrr_at_10_max": -0.204167,
        "nauc_mrr_at_10_std": -0.805802,
        "nauc_mrr_at_10_diff1": 0.796754,
        "nauc_mrr_at_20_max": -0.204167,
        "nauc_mrr_at_20_std": -0.805802,
        "nauc_mrr_at_20_diff1": 0.796754,
        "nauc_mrr_at_100_max": -0.204167,
        "nauc_mrr_at_100_std": -0.805802,
        "nauc_mrr_at_100_diff1": 0.796754,
        "nauc_mrr_at_1000_max": -0.204167,
        "nauc_mrr_at_1000_std": -0.805802,
        "nauc_mrr_at_1000_diff1": 0.796754,
        "main_score": 0.96627,
        "hf_subset": "default",
        "languages": [
          "kor-Hang"
        ]
      }
    ]
  },
  "evaluation_time": 7734.664478302002,
  "kg_co2_emissions": null
}