{
  "dataset_revision": "75b399394a9803252cfec289d103de462763db7c",
  "task_name": "BelebeleRetrieval",
  "mteb_version": "1.38.21",
  "scores": {
    "test": [
      {
        "ndcg_at_1": 0.94222,
        "ndcg_at_3": 0.96518,
        "ndcg_at_5": 0.96647,
        "ndcg_at_10": 0.96759,
        "ndcg_at_20": 0.96895,
        "ndcg_at_100": 0.96995,
        "ndcg_at_1000": 0.97024,
        "map_at_1": 0.94222,
        "map_at_3": 0.96,
        "map_at_5": 0.96067,
        "map_at_10": 0.96115,
        "map_at_20": 0.9615,
        "map_at_100": 0.96163,
        "map_at_1000": 0.96164,
        "recall_at_1": 0.94222,
        "recall_at_3": 0.98,
        "recall_at_5": 0.98333,
        "recall_at_10": 0.98667,
        "recall_at_20": 0.99222,
        "recall_at_100": 0.99778,
        "recall_at_1000": 1.0,
        "precision_at_1": 0.94222,
        "precision_at_3": 0.32667,
        "precision_at_5": 0.19667,
        "precision_at_10": 0.09867,
        "precision_at_20": 0.04961,
        "precision_at_100": 0.00998,
        "precision_at_1000": 0.001,
        "mrr_at_1": 0.942222,
        "mrr_at_3": 0.960185,
        "mrr_at_5": 0.960852,
        "mrr_at_10": 0.961335,
        "mrr_at_20": 0.961691,
        "mrr_at_100": 0.961819,
        "mrr_at_1000": 0.96183,
        "nauc_ndcg_at_1_max": 0.901153,
        "nauc_ndcg_at_1_std": 0.888458,
        "nauc_ndcg_at_1_diff1": 0.933069,
        "nauc_ndcg_at_3_max": 0.90853,
        "nauc_ndcg_at_3_std": 0.897247,
        "nauc_ndcg_at_3_diff1": 0.941792,
        "nauc_ndcg_at_5_max": 0.910249,
        "nauc_ndcg_at_5_std": 0.900417,
        "nauc_ndcg_at_5_diff1": 0.941229,
        "nauc_ndcg_at_10_max": 0.907156,
        "nauc_ndcg_at_10_std": 0.896986,
        "nauc_ndcg_at_10_diff1": 0.939204,
        "nauc_ndcg_at_20_max": 0.904199,
        "nauc_ndcg_at_20_std": 0.893582,
        "nauc_ndcg_at_20_diff1": 0.937654,
        "nauc_ndcg_at_100_max": 0.90656,
        "nauc_ndcg_at_100_std": 0.895592,
        "nauc_ndcg_at_100_diff1": 0.938751,
        "nauc_ndcg_at_1000_max": 0.90628,
        "nauc_ndcg_at_1000_std": 0.895206,
        "nauc_ndcg_at_1000_diff1": 0.938783,
        "nauc_map_at_1_max": 0.901153,
        "nauc_map_at_1_std": 0.888458,
        "nauc_map_at_1_diff1": 0.933069,
        "nauc_map_at_3_max": 0.906078,
        "nauc_map_at_3_std": 0.894262,
        "nauc_map_at_3_diff1": 0.939331,
        "nauc_map_at_5_max": 0.906794,
        "nauc_map_at_5_std": 0.895609,
        "nauc_map_at_5_diff1": 0.939041,
        "nauc_map_at_10_max": 0.905636,
        "nauc_map_at_10_std": 0.894311,
        "nauc_map_at_10_diff1": 0.938283,
        "nauc_map_at_20_max": 0.904995,
        "nauc_map_at_20_std": 0.893567,
        "nauc_map_at_20_diff1": 0.937941,
        "nauc_map_at_100_max": 0.905459,
        "nauc_map_at_100_std": 0.893993,
        "nauc_map_at_100_diff1": 0.938192,
        "nauc_map_at_1000_max": 0.905449,
        "nauc_map_at_1000_std": 0.893981,
        "nauc_map_at_1000_diff1": 0.938192,
        "nauc_recall_at_1_max": 0.901153,
        "nauc_recall_at_1_std": 0.888458,
        "nauc_recall_at_1_diff1": 0.933069,
        "nauc_recall_at_3_max": 0.92258,
        "nauc_recall_at_3_std": 0.91441,
        "nauc_recall_at_3_diff1": 0.955519,
        "nauc_recall_at_5_max": 0.934329,
        "nauc_recall_at_5_std": 0.934329,
        "nauc_recall_at_5_diff1": 0.955338,
        "nauc_recall_at_10_max": 0.917912,
        "nauc_recall_at_10_std": 0.917912,
        "nauc_recall_at_10_diff1": 0.944172,
        "nauc_recall_at_20_max": 0.877951,
        "nauc_recall_at_20_std": 0.877951,
        "nauc_recall_at_20_diff1": 0.922969,
        "nauc_recall_at_100_max": 0.934641,
        "nauc_recall_at_100_std": 0.934641,
        "nauc_recall_at_100_diff1": 0.934641,
        "nauc_recall_at_1000_max": NaN,
        "nauc_recall_at_1000_std": NaN,
        "nauc_recall_at_1000_diff1": NaN,
        "nauc_precision_at_1_max": 0.901153,
        "nauc_precision_at_1_std": 0.888458,
        "nauc_precision_at_1_diff1": 0.933069,
        "nauc_precision_at_3_max": 0.92258,
        "nauc_precision_at_3_std": 0.91441,
        "nauc_precision_at_3_diff1": 0.955519,
        "nauc_precision_at_5_max": 0.934329,
        "nauc_precision_at_5_std": 0.934329,
        "nauc_precision_at_5_diff1": 0.955338,
        "nauc_precision_at_10_max": 0.917912,
        "nauc_precision_at_10_std": 0.917912,
        "nauc_precision_at_10_diff1": 0.944172,
        "nauc_precision_at_20_max": 0.877951,
        "nauc_precision_at_20_std": 0.877951,
        "nauc_precision_at_20_diff1": 0.922969,
        "nauc_precision_at_100_max": 0.934641,
        "nauc_precision_at_100_std": 0.934641,
        "nauc_precision_at_100_diff1": 0.934641,
        "nauc_precision_at_1000_max": NaN,
        "nauc_precision_at_1000_std": NaN,
        "nauc_precision_at_1000_diff1": NaN,
        "nauc_mrr_at_1_max": 0.901153,
        "nauc_mrr_at_1_std": 0.888458,
        "nauc_mrr_at_1_diff1": 0.933069,
        "nauc_mrr_at_3_max": 0.905641,
        "nauc_mrr_at_3_std": 0.89377,
        "nauc_mrr_at_3_diff1": 0.939048,
        "nauc_mrr_at_5_max": 0.906353,
        "nauc_mrr_at_5_std": 0.895115,
        "nauc_mrr_at_5_diff1": 0.938753,
        "nauc_mrr_at_10_max": 0.905184,
        "nauc_mrr_at_10_std": 0.893805,
        "nauc_mrr_at_10_diff1": 0.937988,
        "nauc_mrr_at_20_max": 0.904526,
        "nauc_mrr_at_20_std": 0.893041,
        "nauc_mrr_at_20_diff1": 0.937634,
        "nauc_mrr_at_100_max": 0.90501,
        "nauc_mrr_at_100_std": 0.893487,
        "nauc_mrr_at_100_diff1": 0.937898,
        "nauc_mrr_at_1000_max": 0.905001,
        "nauc_mrr_at_1000_std": 0.893475,
        "nauc_mrr_at_1000_diff1": 0.937898,
        "main_score": 0.96759,
        "hf_subset": "kor_Hang-kor_Hang",
        "languages": [
          "kor-Hang",
          "kor-Hang"
        ]
      },
      {
        "ndcg_at_1": 0.91333,
        "ndcg_at_3": 0.94649,
        "ndcg_at_5": 0.94955,
        "ndcg_at_10": 0.95132,
        "ndcg_at_20": 0.95376,
        "ndcg_at_100": 0.95495,
        "ndcg_at_1000": 0.95525,
        "map_at_1": 0.91333,
        "map_at_3": 0.9387,
        "map_at_5": 0.94031,
        "map_at_10": 0.94103,
        "map_at_20": 0.94166,
        "map_at_100": 0.94189,
        "map_at_1000": 0.9419,
        "recall_at_1": 0.91333,
        "recall_at_3": 0.96889,
        "recall_at_5": 0.97667,
        "recall_at_10": 0.98222,
        "recall_at_20": 0.99222,
        "recall_at_100": 0.99778,
        "recall_at_1000": 1.0,
        "precision_at_1": 0.91333,
        "precision_at_3": 0.32296,
        "precision_at_5": 0.19533,
        "precision_at_10": 0.09822,
        "precision_at_20": 0.04961,
        "precision_at_100": 0.00998,
        "precision_at_1000": 0.001,
        "mrr_at_1": 0.913333,
        "mrr_at_3": 0.938333,
        "mrr_at_5": 0.94,
        "mrr_at_10": 0.940728,
        "mrr_at_20": 0.941365,
        "mrr_at_100": 0.941594,
        "mrr_at_1000": 0.941606,
        "nauc_ndcg_at_1_max": 0.800049,
        "nauc_ndcg_at_1_std": 0.775186,
        "nauc_ndcg_at_1_diff1": 0.855886,
        "nauc_ndcg_at_3_max": 0.800816,
        "nauc_ndcg_at_3_std": 0.771054,
        "nauc_ndcg_at_3_diff1": 0.859412,
        "nauc_ndcg_at_5_max": 0.811801,
        "nauc_ndcg_at_5_std": 0.786679,
        "nauc_ndcg_at_5_diff1": 0.865595,
        "nauc_ndcg_at_10_max": 0.808983,
        "nauc_ndcg_at_10_std": 0.782949,
        "nauc_ndcg_at_10_diff1": 0.864803,
        "nauc_ndcg_at_20_max": 0.80575,
        "nauc_ndcg_at_20_std": 0.778339,
        "nauc_ndcg_at_20_diff1": 0.861858,
        "nauc_ndcg_at_100_max": 0.805807,
        "nauc_ndcg_at_100_std": 0.778486,
        "nauc_ndcg_at_100_diff1": 0.861752,
        "nauc_ndcg_at_1000_max": 0.80453,
        "nauc_ndcg_at_1000_std": 0.777444,
        "nauc_ndcg_at_1000_diff1": 0.860843,
        "nauc_map_at_1_max": 0.800049,
        "nauc_map_at_1_std": 0.775186,
        "nauc_map_at_1_diff1": 0.855886,