{
  "dataset_revision": "d243889a3eb6654029dbd7e7f9319ae31d58f97c",
  "task_name": "Ko-StrategyQA",
  "mteb_version": "1.38.1",
  "scores": {
    "dev": [
      {
        "ndcg_at_1": 0.83446,
        "ndcg_at_3": 0.81584,
        "ndcg_at_5": 0.83724,
        "ndcg_at_10": 0.8501,
        "ndcg_at_20": 0.85425,
        "ndcg_at_100": 0.86587,
        "ndcg_at_1000": 0.87402,
        "map_at_1": 0.54244,
        "map_at_3": 0.78385,
        "map_at_5": 0.80853,
        "map_at_10": 0.8177,
        "map_at_20": 0.81956,
        "map_at_100": 0.82163,
        "map_at_1000": 0.82209,
        "recall_at_1": 0.54244,
        "recall_at_3": 0.8128,
        "recall_at_5": 0.85755,
        "recall_at_10": 0.88805,
        "recall_at_20": 0.90017,
        "recall_at_100": 0.95189,
        "recall_at_1000": 1.0,
        "precision_at_1": 0.83446,
        "precision_at_3": 0.48705,
        "precision_at_5": 0.31588,
        "precision_at_10": 0.16588,
        "precision_at_20": 0.08454,
        "precision_at_100": 0.01806,
        "precision_at_1000": 0.00193,
        "mrr_at_1": 0.842905,
        "mrr_at_3": 0.869369,
        "mrr_at_5": 0.871227,
        "mrr_at_10": 0.873008,
        "mrr_at_20": 0.873657,
        "mrr_at_100": 0.874643,
        "mrr_at_1000": 0.874776,
        "nauc_ndcg_at_1_max": 0.729099,
        "nauc_ndcg_at_1_std": 0.449477,
        "nauc_ndcg_at_1_diff1": 0.530894,
        "nauc_ndcg_at_3_max": 0.735441,
        "nauc_ndcg_at_3_std": 0.504514,
        "nauc_ndcg_at_3_diff1": 0.470192,
        "nauc_ndcg_at_5_max": 0.777385,
        "nauc_ndcg_at_5_std": 0.584362,
        "nauc_ndcg_at_5_diff1": 0.474,
        "nauc_ndcg_at_10_max": 0.793259,
        "nauc_ndcg_at_10_std": 0.626703,
        "nauc_ndcg_at_10_diff1": 0.482177,
        "nauc_ndcg_at_20_max": 0.792567,
        "nauc_ndcg_at_20_std": 0.625844,
        "nauc_ndcg_at_20_diff1": 0.491146,
        "nauc_ndcg_at_100_max": 0.780928,
        "nauc_ndcg_at_100_std": 0.603198,
        "nauc_ndcg_at_100_diff1": 0.496645,
        "nauc_ndcg_at_1000_max": 0.769974,
        "nauc_ndcg_at_1000_std": 0.580542,
        "nauc_ndcg_at_1000_diff1": 0.490774,
        "nauc_map_at_1_max": 0.331641,
        "nauc_map_at_1_std": -0.064868,
        "nauc_map_at_1_diff1": 0.630036,
        "nauc_map_at_3_max": 0.695851,
        "nauc_map_at_3_std": 0.441039,
        "nauc_map_at_3_diff1": 0.444537,
        "nauc_map_at_5_max": 0.731012,
        "nauc_map_at_5_std": 0.514705,
        "nauc_map_at_5_diff1": 0.447662,
        "nauc_map_at_10_max": 0.740187,
        "nauc_map_at_10_std": 0.536971,
        "nauc_map_at_10_diff1": 0.454647,
        "nauc_map_at_20_max": 0.739923,
        "nauc_map_at_20_std": 0.536503,
        "nauc_map_at_20_diff1": 0.459062,
        "nauc_map_at_100_max": 0.73787,
        "nauc_map_at_100_std": 0.532328,
        "nauc_map_at_100_diff1": 0.460784,
        "nauc_map_at_1000_max": 0.73734,
        "nauc_map_at_1000_std": 0.53126,
        "nauc_map_at_1000_diff1": 0.460653,
        "nauc_recall_at_1_max": 0.331641,
        "nauc_recall_at_1_std": -0.064868,
        "nauc_recall_at_1_diff1": 0.630036,
        "nauc_recall_at_3_max": 0.754001,
        "nauc_recall_at_3_std": 0.537073,
        "nauc_recall_at_3_diff1": 0.445531,
        "nauc_recall_at_5_max": 0.840825,
        "nauc_recall_at_5_std": 0.708634,
        "nauc_recall_at_5_diff1": 0.452635,
        "nauc_recall_at_10_max": 0.910529,
        "nauc_recall_at_10_std": 0.869015,
        "nauc_recall_at_10_diff1": 0.479127,
        "nauc_recall_at_20_max": 0.923209,
        "nauc_recall_at_20_std": 0.895013,
        "nauc_recall_at_20_diff1": 0.516002,
        "nauc_recall_at_100_max": 0.929988,
        "nauc_recall_at_100_std": 0.92466,
        "nauc_recall_at_100_diff1": 0.582801,
        "nauc_recall_at_1000_max": NaN,
        "nauc_recall_at_1000_std": NaN,
        "nauc_recall_at_1000_diff1": NaN,
        "nauc_precision_at_1_max": 0.729099,
        "nauc_precision_at_1_std": 0.449477,
        "nauc_precision_at_1_diff1": 0.530894,
        "nauc_precision_at_3_max": 0.299025,
        "nauc_precision_at_3_std": 0.527279,
        "nauc_precision_at_3_diff1": -0.227511,
        "nauc_precision_at_5_max": 0.218739,
        "nauc_precision_at_5_std": 0.506935,
        "nauc_precision_at_5_diff1": -0.262236,
        "nauc_precision_at_10_max": 0.154255,
        "nauc_precision_at_10_std": 0.479647,
        "nauc_precision_at_10_diff1": -0.285288,
        "nauc_precision_at_20_max": 0.120807,
        "nauc_precision_at_20_std": 0.451748,
        "nauc_precision_at_20_diff1": -0.289919,
        "nauc_precision_at_100_max": -0.021291,
        "nauc_precision_at_100_std": 0.325154,
        "nauc_precision_at_100_diff1": -0.36121,
        "nauc_precision_at_1000_max": -0.195694,
        "nauc_precision_at_1000_std": 0.152596,
        "nauc_precision_at_1000_diff1": -0.474191,
        "nauc_mrr_at_1_max": 0.836632,
        "nauc_mrr_at_1_std": 0.543285,
        "nauc_mrr_at_1_diff1": 0.500491,
        "nauc_mrr_at_3_max": 0.866405,
        "nauc_mrr_at_3_std": 0.639696,
        "nauc_mrr_at_3_diff1": 0.532975,
        "nauc_mrr_at_5_max": 0.869289,
        "nauc_mrr_at_5_std": 0.651465,
        "nauc_mrr_at_5_diff1": 0.53243,
        "nauc_mrr_at_10_max": 0.869216,
        "nauc_mrr_at_10_std": 0.652964,
        "nauc_mrr_at_10_diff1": 0.53314,
        "nauc_mrr_at_20_max": 0.868635,
        "nauc_mrr_at_20_std": 0.651375,
        "nauc_mrr_at_20_diff1": 0.532334,
        "nauc_mrr_at_100_max": 0.868126,
        "nauc_mrr_at_100_std": 0.649204,
        "nauc_mrr_at_100_diff1": 0.532032,
        "nauc_mrr_at_1000_max": 0.868058,
        "nauc_mrr_at_1000_std": 0.648896,
        "nauc_mrr_at_1000_diff1": 0.531961,
        "main_score": 0.8501,
        "hf_subset": "default",
        "languages": [
          "kor-Hang"
        ]
      }
    ]
  },
  "evaluation_time": 55537.942091703415,
  "kg_co2_emissions": null
}