{
  "dataset_revision": "main",
  "task_name": "MIRACLRetrieval",
  "mteb_version": "1.38.1",
  "scores": {
    "dev": [
      {
        "ndcg_at_1": 0.62911,
        "ndcg_at_3": 0.69689,
        "ndcg_at_5": 0.72269,
        "ndcg_at_10": 0.76354,
        "ndcg_at_20": 0.79293,
        "ndcg_at_100": 0.80128,
        "ndcg_at_1000": 0.80166,
        "map_at_1": 0.40516,
        "map_at_3": 0.57125,
        "map_at_5": 0.62702,
        "map_at_10": 0.67429,
        "map_at_20": 0.69393,
        "map_at_100": 0.6978,
        "map_at_1000": 0.69784,
        "recall_at_1": 0.40516,
        "recall_at_3": 0.66861,
        "recall_at_5": 0.7763,
        "recall_at_10": 0.89328,
        "recall_at_20": 0.97139,
        "recall_at_100": 0.99804,
        "recall_at_1000": 1.0,
        "precision_at_1": 0.62911,
        "precision_at_3": 0.43505,
        "precision_at_5": 0.33333,
        "precision_at_10": 0.21221,
        "precision_at_20": 0.12183,
        "precision_at_100": 0.02559,
        "precision_at_1000": 0.00257,
        "mrr_at_1": 0.690141,
        "mrr_at_3": 0.787167,
        "mrr_at_5": 0.796088,
        "mrr_at_10": 0.799901,
        "mrr_at_20": 0.801832,
        "mrr_at_100": 0.802036,
        "mrr_at_1000": 0.802036,
        "nauc_ndcg_at_1_max": 0.290792,
        "nauc_ndcg_at_1_std": -0.153373,
        "nauc_ndcg_at_1_diff1": 0.175732,
        "nauc_ndcg_at_3_max": 0.354518,
        "nauc_ndcg_at_3_std": -0.284357,
        "nauc_ndcg_at_3_diff1": 0.160693,
        "nauc_ndcg_at_5_max": 0.336664,
        "nauc_ndcg_at_5_std": -0.330566,
        "nauc_ndcg_at_5_diff1": 0.153564,
        "nauc_ndcg_at_10_max": 0.346448,
        "nauc_ndcg_at_10_std": -0.291865,
        "nauc_ndcg_at_10_diff1": 0.123417,
        "nauc_ndcg_at_20_max": 0.348036,
        "nauc_ndcg_at_20_std": -0.216921,
        "nauc_ndcg_at_20_diff1": 0.112081,
        "nauc_ndcg_at_100_max": 0.360262,
        "nauc_ndcg_at_100_std": -0.190083,
        "nauc_ndcg_at_100_diff1": 0.109415,
        "nauc_ndcg_at_1000_max": 0.361364,
        "nauc_ndcg_at_1000_std": -0.187019,
        "nauc_ndcg_at_1000_diff1": 0.10794,
        "nauc_map_at_1_max": 0.135255,
        "nauc_map_at_1_std": -0.477942,
        "nauc_map_at_1_diff1": 0.424237,
        "nauc_map_at_3_max": 0.240531,
        "nauc_map_at_3_std": -0.511045,
        "nauc_map_at_3_diff1": 0.321853,
        "nauc_map_at_5_max": 0.267944,
        "nauc_map_at_5_std": -0.46168,
        "nauc_map_at_5_diff1": 0.257323,
        "nauc_map_at_10_max": 0.303504,
        "nauc_map_at_10_std": -0.365595,
        "nauc_map_at_10_diff1": 0.196749,
        "nauc_map_at_20_max": 0.312487,
        "nauc_map_at_20_std": -0.314289,
        "nauc_map_at_20_diff1": 0.17721,
        "nauc_map_at_100_max": 0.321119,
        "nauc_map_at_100_std": -0.29913,
        "nauc_map_at_100_diff1": 0.171565,
        "nauc_map_at_1000_max": 0.321122,
        "nauc_map_at_1000_std": -0.298891,
        "nauc_map_at_1000_diff1": 0.17145,
        "nauc_recall_at_1_max": 0.135255,
        "nauc_recall_at_1_std": -0.477942,
        "nauc_recall_at_1_diff1": 0.424237,
        "nauc_recall_at_3_max": 0.210021,
        "nauc_recall_at_3_std": -0.623882,
        "nauc_recall_at_3_diff1": 0.324339,
        "nauc_recall_at_5_max": 0.222366,
        "nauc_recall_at_5_std": -0.612455,
        "nauc_recall_at_5_diff1": 0.223728,
        "nauc_recall_at_10_max": 0.293003,
        "nauc_recall_at_10_std": -0.507587,
        "nauc_recall_at_10_diff1": 0.039052,
        "nauc_recall_at_20_max": 0.191636,
        "nauc_recall_at_20_std": -0.425027,
        "nauc_recall_at_20_diff1": -0.026059,
        "nauc_recall_at_100_max": -0.339156,
        "nauc_recall_at_100_std": -1.264511,
        "nauc_recall_at_100_diff1": 0.617017,
        "nauc_recall_at_1000_max": NaN,
        "nauc_recall_at_1000_std": NaN,
        "nauc_recall_at_1000_diff1": NaN,
        "nauc_precision_at_1_max": 0.290792,
        "nauc_precision_at_1_std": -0.153373,
        "nauc_precision_at_1_diff1": 0.175732,
        "nauc_precision_at_3_max": 0.295715,
        "nauc_precision_at_3_std": 0.385162,
        "nauc_precision_at_3_diff1": -0.377857,
        "nauc_precision_at_5_max": 0.221641,
        "nauc_precision_at_5_std": 0.515555,
        "nauc_precision_at_5_diff1": -0.45871,
        "nauc_precision_at_10_max": 0.159279,
        "nauc_precision_at_10_std": 0.631928,
        "nauc_precision_at_10_diff1": -0.475545,
        "nauc_precision_at_20_max": 0.121836,
        "nauc_precision_at_20_std": 0.687366,
        "nauc_precision_at_20_diff1": -0.454276,
        "nauc_precision_at_100_max": 0.133659,
        "nauc_precision_at_100_std": 0.704161,
        "nauc_precision_at_100_diff1": -0.44512,
        "nauc_precision_at_1000_max": 0.132986,
        "nauc_precision_at_1000_std": 0.708356,
        "nauc_precision_at_1000_diff1": -0.446678,
        "nauc_mrr_at_1_max": 0.373105,
        "nauc_mrr_at_1_std": -0.14525,
        "nauc_mrr_at_1_diff1": 0.002793,
        "nauc_mrr_at_3_max": 0.442549,
        "nauc_mrr_at_3_std": -0.104807,
        "nauc_mrr_at_3_diff1": -0.049487,
        "nauc_mrr_at_5_max": 0.440385,
        "nauc_mrr_at_5_std": -0.090838,
        "nauc_mrr_at_5_diff1": -0.059089,
        "nauc_mrr_at_10_max": 0.436666,
        "nauc_mrr_at_10_std": -0.090553,
        "nauc_mrr_at_10_diff1": -0.061876,
        "nauc_mrr_at_20_max": 0.431952,
        "nauc_mrr_at_20_std": -0.094882,
        "nauc_mrr_at_20_diff1": -0.054472,
        "nauc_mrr_at_100_max": 0.431287,
        "nauc_mrr_at_100_std": -0.095642,
        "nauc_mrr_at_100_diff1": -0.053877,
        "nauc_mrr_at_1000_max": 0.431287,
        "nauc_mrr_at_1000_std": -0.095642,
        "nauc_mrr_at_1000_diff1": -0.053877,
        "main_score": 0.76354,
        "hf_subset": "ko",
        "languages": [
          "kor-Kore"
        ]
      }
    ]
  },
  "evaluation_time": 7568.4040014743805,
  "kg_co2_emissions": null
}