{
  "dataset_revision": "fc24a3ce8f09746410daee3d5cd823ff7a0675b7",
  "task_name": "MrTidyRetrieval",
  "mteb_version": "1.38.1",
  "scores": {
    "test": [
      {
        "ndcg_at_1": 0.61995,
        "ndcg_at_3": 0.73952,
        "ndcg_at_5": 0.76036,
        "ndcg_at_10": 0.77646,
        "ndcg_at_20": 0.78431,
        "ndcg_at_100": 0.79281,
        "ndcg_at_1000": 0.79426,
        "map_at_1": 0.5669,
        "map_at_3": 0.7021,
        "map_at_5": 0.71587,
        "map_at_10": 0.72422,
        "map_at_20": 0.72678,
        "map_at_100": 0.72801,
        "map_at_1000": 0.72808,
        "recall_at_1": 0.5669,
        "recall_at_3": 0.82264,
        "recall_at_5": 0.86896,
        "recall_at_10": 0.91489,
        "recall_at_20": 0.94418,
        "recall_at_100": 0.98931,
        "recall_at_1000": 1.0,
        "precision_at_1": 0.61995,
        "precision_at_3": 0.31354,
        "precision_at_5": 0.20143,
        "precision_at_10": 0.10736,
        "precision_at_20": 0.05546,
        "precision_at_100": 0.01157,
        "precision_at_1000": 0.00117,
        "mrr_at_1": 0.724466,
        "mrr_at_3": 0.781077,
        "mrr_at_5": 0.788915,
        "mrr_at_10": 0.79296,
        "mrr_at_20": 0.794662,
        "mrr_at_100": 0.795791,
        "mrr_at_1000": 0.79585,
        "nauc_ndcg_at_1_max": 0.313322,
        "nauc_ndcg_at_1_std": -0.290255,
        "nauc_ndcg_at_1_diff1": 0.416534,
        "nauc_ndcg_at_3_max": 0.368206,
        "nauc_ndcg_at_3_std": -0.321071,
        "nauc_ndcg_at_3_diff1": 0.271661,
        "nauc_ndcg_at_5_max": 0.3559,
        "nauc_ndcg_at_5_std": -0.30664,
        "nauc_ndcg_at_5_diff1": 0.26869,
        "nauc_ndcg_at_10_max": 0.357648,
        "nauc_ndcg_at_10_std": -0.30212,
        "nauc_ndcg_at_10_diff1": 0.272084,
        "nauc_ndcg_at_20_max": 0.357406,
        "nauc_ndcg_at_20_std": -0.312028,
        "nauc_ndcg_at_20_diff1": 0.28752,
        "nauc_ndcg_at_100_max": 0.352896,
        "nauc_ndcg_at_100_std": -0.30372,
        "nauc_ndcg_at_100_diff1": 0.297796,
        "nauc_ndcg_at_1000_max": 0.351967,
        "nauc_ndcg_at_1000_std": -0.302797,
        "nauc_ndcg_at_1000_diff1": 0.299506,
        "nauc_map_at_1_max": 0.312957,
        "nauc_map_at_1_std": -0.293624,
        "nauc_map_at_1_diff1": 0.42561,
        "nauc_map_at_3_max": 0.359514,
        "nauc_map_at_3_std": -0.319628,
        "nauc_map_at_3_diff1": 0.310461,
        "nauc_map_at_5_max": 0.351491,
        "nauc_map_at_5_std": -0.310487,
        "nauc_map_at_5_diff1": 0.309332,
        "nauc_map_at_10_max": 0.351771,
        "nauc_map_at_10_std": -0.306781,
        "nauc_map_at_10_diff1": 0.309443,
        "nauc_map_at_20_max": 0.350952,
        "nauc_map_at_20_std": -0.30825,
        "nauc_map_at_20_diff1": 0.313014,
        "nauc_map_at_100_max": 0.350648,
        "nauc_map_at_100_std": -0.307444,
        "nauc_map_at_100_diff1": 0.314501,
        "nauc_map_at_1000_max": 0.350663,
        "nauc_map_at_1000_std": -0.307292,
        "nauc_map_at_1000_diff1": 0.314484,
        "nauc_recall_at_1_max": 0.312957,
        "nauc_recall_at_1_std": -0.293624,
        "nauc_recall_at_1_diff1": 0.42561,
        "nauc_recall_at_3_max": 0.405266,
        "nauc_recall_at_3_std": -0.351925,
        "nauc_recall_at_3_diff1": 0.117286,
        "nauc_recall_at_5_max": 0.380162,
        "nauc_recall_at_5_std": -0.317533,
        "nauc_recall_at_5_diff1": 0.064014,
        "nauc_recall_at_10_max": 0.419583,
        "nauc_recall_at_10_std": -0.306673,
        "nauc_recall_at_10_diff1": 0.005655,
        "nauc_recall_at_20_max": 0.467948,
        "nauc_recall_at_20_std": -0.451351,
        "nauc_recall_at_20_diff1": 0.071041,
        "nauc_recall_at_100_max": 0.480895,
        "nauc_recall_at_100_std": -0.308149,
        "nauc_recall_at_100_diff1": 0.014736,
        "nauc_recall_at_1000_max": NaN,
        "nauc_recall_at_1000_std": NaN,
        "nauc_recall_at_1000_diff1": NaN,
        "nauc_precision_at_1_max": 0.313322,
        "nauc_precision_at_1_std": -0.290255,
        "nauc_precision_at_1_diff1": 0.416534,
        "nauc_precision_at_3_max": 0.174796,
        "nauc_precision_at_3_std": -0.116965,
        "nauc_precision_at_3_diff1": -0.082783,
        "nauc_precision_at_5_max": 0.0702,
        "nauc_precision_at_5_std": -0.015487,
        "nauc_precision_at_5_diff1": -0.141024,
        "nauc_precision_at_10_max": 0.002142,
        "nauc_precision_at_10_std": 0.054039,
        "nauc_precision_at_10_diff1": -0.183326,
        "nauc_precision_at_20_max": -0.036714,
        "nauc_precision_at_20_std": 0.076739,
        "nauc_precision_at_20_diff1": -0.186269,
        "nauc_precision_at_100_max": -0.123606,
        "nauc_precision_at_100_std": 0.162936,
        "nauc_precision_at_100_diff1": -0.223018,
        "nauc_precision_at_1000_max": -0.150971,
        "nauc_precision_at_1000_std": 0.17645,
        "nauc_precision_at_1000_diff1": -0.228604,
        "nauc_mrr_at_1_max": 0.481837,
        "nauc_mrr_at_1_std": -0.129307,
        "nauc_mrr_at_1_diff1": 0.12163,
        "nauc_mrr_at_3_max": 0.456912,
        "nauc_mrr_at_3_std": -0.182744,
        "nauc_mrr_at_3_diff1": 0.101415,
        "nauc_mrr_at_5_max": 0.457494,
        "nauc_mrr_at_5_std": -0.177112,
        "nauc_mrr_at_5_diff1": 0.099865,
        "nauc_mrr_at_10_max": 0.460361,
        "nauc_mrr_at_10_std": -0.178155,
        "nauc_mrr_at_10_diff1": 0.101897,
        "nauc_mrr_at_20_max": 0.461109,
        "nauc_mrr_at_20_std": -0.181042,
        "nauc_mrr_at_20_diff1": 0.1048,
        "nauc_mrr_at_100_max": 0.461567,
        "nauc_mrr_at_100_std": -0.178776,
        "nauc_mrr_at_100_diff1": 0.104843,
        "nauc_mrr_at_1000_max": 0.461649,
        "nauc_mrr_at_1000_std": -0.178521,
        "nauc_mrr_at_1000_diff1": 0.104745,
        "main_score": 0.77646,
        "hf_subset": "korean",
        "languages": [
          "kor-Kore"
        ]
      }
    ]
  },
  "evaluation_time": 39234.71514725685,
  "kg_co2_emissions": null
}