{
  "dataset_revision": "d67138e705d963e346253a80e59676ddb418810a",
  "task_name": "MultiLongDocRetrieval",
  "mteb_version": "1.38.1",
  "scores": {
    "test": [
      {
        "ndcg_at_1": 0.48,
        "ndcg_at_3": 0.5297,
        "ndcg_at_5": 0.54799,
        "ndcg_at_10": 0.55736,
        "ndcg_at_20": 0.5749,
        "ndcg_at_100": 0.60015,
        "ndcg_at_1000": 0.61926,
        "map_at_1": 0.48,
        "map_at_3": 0.5175,
        "map_at_5": 0.5275,
        "map_at_10": 0.53118,
        "map_at_20": 0.53591,
        "map_at_100": 0.53946,
        "map_at_1000": 0.54008,
        "recall_at_1": 0.48,
        "recall_at_3": 0.565,
        "recall_at_5": 0.61,
        "recall_at_10": 0.64,
        "recall_at_20": 0.71,
        "recall_at_100": 0.845,
        "recall_at_1000": 1.0,
        "precision_at_1": 0.48,
        "precision_at_3": 0.18833,
        "precision_at_5": 0.122,
        "precision_at_10": 0.064,
        "precision_at_20": 0.0355,
        "precision_at_100": 0.00845,
        "precision_at_1000": 0.001,
        "mrr_at_1": 0.48,
        "mrr_at_3": 0.518333,
        "mrr_at_5": 0.528333,
        "mrr_at_10": 0.532014,
        "mrr_at_20": 0.536861,
        "mrr_at_100": 0.540426,
        "mrr_at_1000": 0.541051,
        "nauc_ndcg_at_1_max": 0.549328,
        "nauc_ndcg_at_1_std": -0.037995,
        "nauc_ndcg_at_1_diff1": 0.453762,
        "nauc_ndcg_at_3_max": 0.573337,
        "nauc_ndcg_at_3_std": 0.009231,
        "nauc_ndcg_at_3_diff1": 0.401809,
        "nauc_ndcg_at_5_max": 0.553059,
        "nauc_ndcg_at_5_std": -0.014808,
        "nauc_ndcg_at_5_diff1": 0.394579,
        "nauc_ndcg_at_10_max": 0.553626,
        "nauc_ndcg_at_10_std": -0.005529,
        "nauc_ndcg_at_10_diff1": 0.38443,
        "nauc_ndcg_at_20_max": 0.559419,
        "nauc_ndcg_at_20_std": 0.015803,
        "nauc_ndcg_at_20_diff1": 0.370967,
        "nauc_ndcg_at_100_max": 0.561806,
        "nauc_ndcg_at_100_std": 0.020997,
        "nauc_ndcg_at_100_diff1": 0.388215,
        "nauc_ndcg_at_1000_max": 0.558449,
        "nauc_ndcg_at_1000_std": 0.004591,
        "nauc_ndcg_at_1000_diff1": 0.394337,
        "nauc_map_at_1_max": 0.549328,
        "nauc_map_at_1_std": -0.037995,
        "nauc_map_at_1_diff1": 0.453762,
        "nauc_map_at_3_max": 0.56577,
        "nauc_map_at_3_std": -0.003746,
        "nauc_map_at_3_diff1": 0.415212,
        "nauc_map_at_5_max": 0.555257,
        "nauc_map_at_5_std": -0.016264,
        "nauc_map_at_5_diff1": 0.411923,
        "nauc_map_at_10_max": 0.555507,
        "nauc_map_at_10_std": -0.012516,
        "nauc_map_at_10_diff1": 0.407904,
        "nauc_map_at_20_max": 0.556444,
        "nauc_map_at_20_std": -0.008152,
        "nauc_map_at_20_diff1": 0.404651,
        "nauc_map_at_100_max": 0.556522,
        "nauc_map_at_100_std": -0.008302,
        "nauc_map_at_100_diff1": 0.407653,
        "nauc_map_at_1000_max": 0.556496,
        "nauc_map_at_1000_std": -0.008546,
        "nauc_map_at_1000_diff1": 0.407711,
        "nauc_recall_at_1_max": 0.549328,
        "nauc_recall_at_1_std": -0.037995,
        "nauc_recall_at_1_diff1": 0.453762,
        "nauc_recall_at_3_max": 0.596836,
        "nauc_recall_at_3_std": 0.048884,
        "nauc_recall_at_3_diff1": 0.361196,
        "nauc_recall_at_5_max": 0.542844,
        "nauc_recall_at_5_std": -0.014397,
        "nauc_recall_at_5_diff1": 0.33786,
        "nauc_recall_at_10_max": 0.544131,
        "nauc_recall_at_10_std": 0.01726,
        "nauc_recall_at_10_diff1": 0.300086,
        "nauc_recall_at_20_max": 0.577247,
        "nauc_recall_at_20_std": 0.137965,
        "nauc_recall_at_20_diff1": 0.219345,
        "nauc_recall_at_100_max": 0.623354,
        "nauc_recall_at_100_std": 0.301254,
        "nauc_recall_at_100_diff1": 0.277881,
        "nauc_recall_at_1000_max": NaN,
        "nauc_recall_at_1000_std": NaN,
        "nauc_recall_at_1000_diff1": NaN,
        "nauc_precision_at_1_max": 0.549328,
        "nauc_precision_at_1_std": -0.037995,
        "nauc_precision_at_1_diff1": 0.453762,
        "nauc_precision_at_3_max": 0.596836,
        "nauc_precision_at_3_std": 0.048884,
        "nauc_precision_at_3_diff1": 0.361196,
        "nauc_precision_at_5_max": 0.542844,
        "nauc_precision_at_5_std": -0.014397,
        "nauc_precision_at_5_diff1": 0.33786,
        "nauc_precision_at_10_max": 0.544131,
        "nauc_precision_at_10_std": 0.01726,
        "nauc_precision_at_10_diff1": 0.300086,
        "nauc_precision_at_20_max": 0.577247,
        "nauc_precision_at_20_std": 0.137965,
        "nauc_precision_at_20_diff1": 0.219345,
        "nauc_precision_at_100_max": 0.623354,
        "nauc_precision_at_100_std": 0.301254,
        "nauc_precision_at_100_diff1": 0.277881,
        "nauc_precision_at_1000_max": 1.0,
        "nauc_precision_at_1000_std": 1.0,
        "nauc_precision_at_1000_diff1": 1.0,
        "nauc_mrr_at_1_max": 0.549328,
        "nauc_mrr_at_1_std": -0.037995,
        "nauc_mrr_at_1_diff1": 0.453762,
        "nauc_mrr_at_3_max": 0.566683,
        "nauc_mrr_at_3_std": 0.000497,
        "nauc_mrr_at_3_diff1": 0.413134,
        "nauc_mrr_at_5_max": 0.556171,
        "nauc_mrr_at_5_std": -0.011982,
        "nauc_mrr_at_5_diff1": 0.409818,
        "nauc_mrr_at_10_max": 0.556427,
        "nauc_mrr_at_10_std": -0.008204,
        "nauc_mrr_at_10_diff1": 0.405782,
        "nauc_mrr_at_20_max": 0.557653,
        "nauc_mrr_at_20_std": -0.003399,
        "nauc_mrr_at_20_diff1": 0.402294,
        "nauc_mrr_at_100_max": 0.557738,
        "nauc_mrr_at_100_std": -0.00351,
        "nauc_mrr_at_100_diff1": 0.405275,
        "nauc_mrr_at_1000_max": 0.55771,
        "nauc_mrr_at_1000_std": -0.003754,
        "nauc_mrr_at_1000_diff1": 0.405331,
        "main_score": 0.55736,
        "hf_subset": "ko",
        "languages": [
          "kor-Hang"
        ]
      }
    ]
  },
  "evaluation_time": 49837.498668432236,
  "kg_co2_emissions": null
}