{
  "dataset_revision": "main",
  "task_name": "PublicHealthQA",
  "mteb_version": "1.38.1",
  "scores": {
    "test": [
      {
        "ndcg_at_1": 0.64935,
        "ndcg_at_3": 0.76066,
        "ndcg_at_5": 0.78304,
        "ndcg_at_10": 0.80288,
        "ndcg_at_20": 0.81268,
        "ndcg_at_100": 0.81488,
        "ndcg_at_1000": 0.81488,
        "map_at_1": 0.64935,
        "map_at_3": 0.73593,
        "map_at_5": 0.74892,
        "map_at_10": 0.75644,
        "map_at_20": 0.75909,
        "map_at_100": 0.75931,
        "map_at_1000": 0.75931,
        "recall_at_1": 0.64935,
        "recall_at_3": 0.83117,
        "recall_at_5": 0.88312,
        "recall_at_10": 0.94805,
        "recall_at_20": 0.98701,
        "recall_at_100": 1.0,
        "recall_at_1000": 1.0,
        "precision_at_1": 0.64935,
        "precision_at_3": 0.27706,
        "precision_at_5": 0.17662,
        "precision_at_10": 0.09481,
        "precision_at_20": 0.04935,
        "precision_at_100": 0.01,
        "precision_at_1000": 0.001,
        "mrr_at_1": 0.649351,
        "mrr_at_3": 0.735931,
        "mrr_at_5": 0.748918,
        "mrr_at_10": 0.756437,
        "mrr_at_20": 0.759095,
        "mrr_at_100": 0.759327,
        "mrr_at_1000": 0.759327,
        "nauc_ndcg_at_1_max": 0.36038,
        "nauc_ndcg_at_1_std": -0.444551,
        "nauc_ndcg_at_1_diff1": 0.675174,
        "nauc_ndcg_at_3_max": 0.423777,
        "nauc_ndcg_at_3_std": -0.4415,
        "nauc_ndcg_at_3_diff1": 0.649066,
        "nauc_ndcg_at_5_max": 0.407164,
        "nauc_ndcg_at_5_std": -0.44264,
        "nauc_ndcg_at_5_diff1": 0.650512,
        "nauc_ndcg_at_10_max": 0.398487,
        "nauc_ndcg_at_10_std": -0.450003,
        "nauc_ndcg_at_10_diff1": 0.6502,
        "nauc_ndcg_at_20_max": 0.408615,
        "nauc_ndcg_at_20_std": -0.413958,
        "nauc_ndcg_at_20_diff1": 0.65663,
        "nauc_ndcg_at_100_max": 0.400449,
        "nauc_ndcg_at_100_std": -0.433482,
        "nauc_ndcg_at_100_diff1": 0.655719,
        "nauc_ndcg_at_1000_max": 0.400449,
        "nauc_ndcg_at_1000_std": -0.433482,
        "nauc_ndcg_at_1000_diff1": 0.655719,
        "nauc_map_at_1_max": 0.36038,
        "nauc_map_at_1_std": -0.444551,
        "nauc_map_at_1_diff1": 0.675174,
        "nauc_map_at_3_max": 0.406531,
        "nauc_map_at_3_std": -0.44531,
        "nauc_map_at_3_diff1": 0.655894,
        "nauc_map_at_5_max": 0.397126,
        "nauc_map_at_5_std": -0.446093,
        "nauc_map_at_5_diff1": 0.656991,
        "nauc_map_at_10_max": 0.394368,
        "nauc_map_at_10_std": -0.446732,
        "nauc_map_at_10_diff1": 0.656362,
        "nauc_map_at_20_max": 0.396231,
        "nauc_map_at_20_std": -0.438433,
        "nauc_map_at_20_diff1": 0.657825,
        "nauc_map_at_100_max": 0.395585,
        "nauc_map_at_100_std": -0.439971,
        "nauc_map_at_100_diff1": 0.657755,
        "nauc_map_at_1000_max": 0.395585,
        "nauc_map_at_1000_std": -0.439971,
        "nauc_map_at_1000_diff1": 0.657755,
        "nauc_recall_at_1_max": 0.36038,
        "nauc_recall_at_1_std": -0.444551,
        "nauc_recall_at_1_diff1": 0.675174,
        "nauc_recall_at_3_max": 0.493148,
        "nauc_recall_at_3_std": -0.424222,
        "nauc_recall_at_3_diff1": 0.621781,
        "nauc_recall_at_5_max": 0.456526,
        "nauc_recall_at_5_std": -0.421831,
        "nauc_recall_at_5_diff1": 0.616644,
        "nauc_recall_at_10_max": 0.416546,
        "nauc_recall_at_10_std": -0.515372,
        "nauc_recall_at_10_diff1": 0.589492,
        "nauc_recall_at_20_max": 1.0,
        "nauc_recall_at_20_std": 1.0,
        "nauc_recall_at_20_diff1": 0.722603,
        "nauc_recall_at_100_max": NaN,
        "nauc_recall_at_100_std": NaN,
        "nauc_recall_at_100_diff1": NaN,
        "nauc_recall_at_1000_max": NaN,
        "nauc_recall_at_1000_std": NaN,
        "nauc_recall_at_1000_diff1": NaN,
        "nauc_precision_at_1_max": 0.36038,
        "nauc_precision_at_1_std": -0.444551,
        "nauc_precision_at_1_diff1": 0.675174,
        "nauc_precision_at_3_max": 0.493148,
        "nauc_precision_at_3_std": -0.424222,
        "nauc_precision_at_3_diff1": 0.621781,
        "nauc_precision_at_5_max": 0.456526,
        "nauc_precision_at_5_std": -0.421831,
        "nauc_precision_at_5_diff1": 0.616644,
        "nauc_precision_at_10_max": 0.416546,
        "nauc_precision_at_10_std": -0.515372,
        "nauc_precision_at_10_diff1": 0.589492,
        "nauc_precision_at_20_max": 1.0,
        "nauc_precision_at_20_std": 1.0,
        "nauc_precision_at_20_diff1": 0.722603,
        "nauc_precision_at_100_max": 1.0,
        "nauc_precision_at_100_std": 1.0,
        "nauc_precision_at_100_diff1": 1.0,
        "nauc_precision_at_1000_max": NaN,
        "nauc_precision_at_1000_std": NaN,
        "nauc_precision_at_1000_diff1": NaN,
        "nauc_mrr_at_1_max": 0.36038,
        "nauc_mrr_at_1_std": -0.444551,
        "nauc_mrr_at_1_diff1": 0.675174,
        "nauc_mrr_at_3_max": 0.406531,
        "nauc_mrr_at_3_std": -0.44531,
        "nauc_mrr_at_3_diff1": 0.655894,
        "nauc_mrr_at_5_max": 0.397126,
        "nauc_mrr_at_5_std": -0.446093,
        "nauc_mrr_at_5_diff1": 0.656991,
        "nauc_mrr_at_10_max": 0.394368,
        "nauc_mrr_at_10_std": -0.446732,
        "nauc_mrr_at_10_diff1": 0.656362,
        "nauc_mrr_at_20_max": 0.396231,
        "nauc_mrr_at_20_std": -0.438433,
        "nauc_mrr_at_20_diff1": 0.657825,
        "nauc_mrr_at_100_max": 0.395551,
        "nauc_mrr_at_100_std": -0.440054,
        "nauc_mrr_at_100_diff1": 0.657752,
        "nauc_mrr_at_1000_max": 0.395551,
        "nauc_mrr_at_1000_std": -0.440054,
        "nauc_mrr_at_1000_diff1": 0.657752,
        "main_score": 0.80288,
        "hf_subset": "korean",
        "languages": [
          "kor-Hang"
        ]
      }
    ]
  },
  "evaluation_time": 261.98045539855957,
  "kg_co2_emissions": null
}