{
  "dataset_revision": "c99d599f0a6ab9b85b065da6f9d94f9cf731679f",
  "task_name": "XPQARetrieval",
  "mteb_version": "1.38.1",
  "scores": {
    "test": [
      {
        "ndcg_at_1": 0.31346,
        "ndcg_at_3": 0.34305,
        "ndcg_at_5": 0.37025,
        "ndcg_at_10": 0.39872,
        "ndcg_at_20": 0.427,
        "ndcg_at_100": 0.4801,
        "ndcg_at_1000": 0.49811,
        "map_at_1": 0.22092,
        "map_at_3": 0.31278,
        "map_at_5": 0.33464,
        "map_at_10": 0.34795,
        "map_at_20": 0.35685,
        "map_at_100": 0.36529,
        "map_at_1000": 0.36621,
        "recall_at_1": 0.22092,
        "recall_at_3": 0.36662,
        "recall_at_5": 0.43257,
        "recall_at_10": 0.51149,
        "recall_at_20": 0.61256,
        "recall_at_100": 0.87016,
        "recall_at_1000": 1.0,
        "precision_at_1": 0.31346,
        "precision_at_3": 0.19266,
        "precision_at_5": 0.13884,
        "precision_at_10": 0.08211,
        "precision_at_20": 0.04862,
        "precision_at_100": 0.01396,
        "precision_at_1000": 0.00156,
        "mrr_at_1": 0.313456,
        "mrr_at_3": 0.361621,
        "mrr_at_5": 0.374083,
        "mrr_at_10": 0.384592,
        "mrr_at_20": 0.391973,
        "mrr_at_100": 0.397392,
        "mrr_at_1000": 0.397954,
        "nauc_ndcg_at_1_max": 0.239824,
        "nauc_ndcg_at_1_std": 0.006756,
        "nauc_ndcg_at_1_diff1": 0.4842,
        "nauc_ndcg_at_3_max": 0.216711,
        "nauc_ndcg_at_3_std": 0.012977,
        "nauc_ndcg_at_3_diff1": 0.436891,
        "nauc_ndcg_at_5_max": 0.214584,
        "nauc_ndcg_at_5_std": 0.014506,
        "nauc_ndcg_at_5_diff1": 0.429042,
        "nauc_ndcg_at_10_max": 0.199194,
        "nauc_ndcg_at_10_std": -0.001204,
        "nauc_ndcg_at_10_diff1": 0.414105,
        "nauc_ndcg_at_20_max": 0.193525,
        "nauc_ndcg_at_20_std": -0.00585,
        "nauc_ndcg_at_20_diff1": 0.413317,
        "nauc_ndcg_at_100_max": 0.218137,
        "nauc_ndcg_at_100_std": 0.020805,
        "nauc_ndcg_at_100_diff1": 0.421044,
        "nauc_ndcg_at_1000_max": 0.216288,
        "nauc_ndcg_at_1000_std": 0.014207,
        "nauc_ndcg_at_1000_diff1": 0.423949,
        "nauc_map_at_1_max": 0.176509,
        "nauc_map_at_1_std": -0.052716,
        "nauc_map_at_1_diff1": 0.498163,
        "nauc_map_at_3_max": 0.213131,
        "nauc_map_at_3_std": 0.006961,
        "nauc_map_at_3_diff1": 0.433601,
        "nauc_map_at_5_max": 0.210579,
        "nauc_map_at_5_std": 0.009716,
        "nauc_map_at_5_diff1": 0.428515,
        "nauc_map_at_10_max": 0.205529,
        "nauc_map_at_10_std": 0.003786,
        "nauc_map_at_10_diff1": 0.424903,
        "nauc_map_at_20_max": 0.20288,
        "nauc_map_at_20_std": 0.001472,
        "nauc_map_at_20_diff1": 0.42434,
        "nauc_map_at_100_max": 0.205353,
        "nauc_map_at_100_std": 0.004345,
        "nauc_map_at_100_diff1": 0.425096,
        "nauc_map_at_1000_max": 0.205677,
        "nauc_map_at_1000_std": 0.004456,
        "nauc_map_at_1000_diff1": 0.425143,
        "nauc_recall_at_1_max": 0.176509,
        "nauc_recall_at_1_std": -0.052716,
        "nauc_recall_at_1_diff1": 0.498163,
        "nauc_recall_at_3_max": 0.200133,
        "nauc_recall_at_3_std": 0.0136,
        "nauc_recall_at_3_diff1": 0.403894,
        "nauc_recall_at_5_max": 0.200726,
        "nauc_recall_at_5_std": 0.026194,
        "nauc_recall_at_5_diff1": 0.386812,
        "nauc_recall_at_10_max": 0.148333,
        "nauc_recall_at_10_std": -0.025481,
        "nauc_recall_at_10_diff1": 0.338128,
        "nauc_recall_at_20_max": 0.118463,
        "nauc_recall_at_20_std": -0.049206,
        "nauc_recall_at_20_diff1": 0.326114,
        "nauc_recall_at_100_max": 0.295244,
        "nauc_recall_at_100_std": 0.177713,
        "nauc_recall_at_100_diff1": 0.356076,
        "nauc_recall_at_1000_max": NaN,
        "nauc_recall_at_1000_std": NaN,
        "nauc_recall_at_1000_diff1": NaN,
        "nauc_precision_at_1_max": 0.239824,
        "nauc_precision_at_1_std": 0.006756,
        "nauc_precision_at_1_diff1": 0.4842,
        "nauc_precision_at_3_max": 0.233393,
        "nauc_precision_at_3_std": 0.095375,
        "nauc_precision_at_3_diff1": 0.28915,
        "nauc_precision_at_5_max": 0.208234,
        "nauc_precision_at_5_std": 0.097831,
        "nauc_precision_at_5_diff1": 0.248636,
        "nauc_precision_at_10_max": 0.169868,
        "nauc_precision_at_10_std": 0.068108,
        "nauc_precision_at_10_diff1": 0.205577,
        "nauc_precision_at_20_max": 0.147926,
        "nauc_precision_at_20_std": 0.064225,
        "nauc_precision_at_20_diff1": 0.169779,
        "nauc_precision_at_100_max": 0.216569,
        "nauc_precision_at_100_std": 0.204439,
        "nauc_precision_at_100_diff1": 0.050912,
        "nauc_precision_at_1000_max": 0.207561,
        "nauc_precision_at_1000_std": 0.213393,
        "nauc_precision_at_1000_diff1": -0.0297,
        "nauc_mrr_at_1_max": 0.234908,
        "nauc_mrr_at_1_std": 0.002704,
        "nauc_mrr_at_1_diff1": 0.4842,
        "nauc_mrr_at_3_max": 0.223812,
        "nauc_mrr_at_3_std": 0.000273,
        "nauc_mrr_at_3_diff1": 0.466862,
        "nauc_mrr_at_5_max": 0.226967,
        "nauc_mrr_at_5_std": 0.007292,
        "nauc_mrr_at_5_diff1": 0.462464,
        "nauc_mrr_at_10_max": 0.220361,
        "nauc_mrr_at_10_std": 0.000629,
        "nauc_mrr_at_10_diff1": 0.455083,
        "nauc_mrr_at_20_max": 0.220139,
        "nauc_mrr_at_20_std": 0.000951,
        "nauc_mrr_at_20_diff1": 0.454507,
        "nauc_mrr_at_100_max": 0.221925,
        "nauc_mrr_at_100_std": 0.002533,
        "nauc_mrr_at_100_diff1": 0.455303,
        "nauc_mrr_at_1000_max": 0.221712,
        "nauc_mrr_at_1000_std": 0.002267,
        "nauc_mrr_at_1000_diff1": 0.455582,
        "main_score": 0.39872,
        "hf_subset": "kor-kor",
        "languages": [
          "kor-Hang",
          "kor-Hang"
        ]
      },
      {
        "ndcg_at_1": 0.31957,
        "ndcg_at_3": 0.3127,
        "ndcg_at_5": 0.32795,
        "ndcg_at_10": 0.35853,
        "ndcg_at_20": 0.38194,
        "ndcg_at_100": 0.42913,
        "ndcg_at_1000": 0.44841,
        "map_at_1": 0.18175,
        "map_at_3": 0.25954,
        "map_at_5": 0.28381,
        "map_at_10": 0.29896,
        "map_at_20": 0.30732,
        "map_at_100": 0.31518,
        "map_at_1000": 0.3163,
        "recall_at_1": 0.18175,
        "recall_at_3": 0.30102,
        "recall_at_5": 0.36088,
        "recall_at_10": 0.44108,
        "recall_at_20": 0.51735,
        "recall_at_100": 0.73693,
        "recall_at_1000": 0.86784,
        "precision_at_1": 0.31957,
        "precision_at_3": 0.20082,
        "precision_at_5": 0.14893,
        "precision_at_10": 0.09098,
        "precision_at_20": 0.05321,
        "precision_at_100": 0.01476,
        "precision_at_1000": 0.00168,
        "mrr_at_1": 0.319572,
        "mrr_at_3": 0.365698,
        "mrr_at_5": 0.376784,
        "mrr_at_10": 0.386441,
        "mrr_at_20": 0.392059,
        "mrr_at_100": 0.397042,
        "mrr_at_1000": 0.397578,
        "nauc_ndcg_at_1_max": 0.133098,
        "nauc_ndcg_at_1_std": 0.032437,
        "nauc_ndcg_at_1_diff1": 0.35721,
        "nauc_ndcg_at_3_max": 0.083142,
        "nauc_ndcg_at_3_std": -0.000157,
        "nauc_ndcg_at_3_diff1": 0.316381,
        "nauc_ndcg_at_5_max": 0.075147,
        "nauc_ndcg_at_5_std": -0.00664,
        "nauc_ndcg_at_5_diff1": 0.298874,
        "nauc_ndcg_at_10_max": 0.089663,
        "nauc_ndcg_at_10_std": 0.004843,
        "nauc_ndcg_at_10_diff1": 0.310973,
        "nauc_ndcg_at_20_max": 0.091745,
        "nauc_ndcg_at_20_std": 0.005748,
        "nauc_ndcg_at_20_diff1": 0.318603,
        "nauc_ndcg_at_100_max": 0.105118,
        "nauc_ndcg_at_100_std": 0.022181,
        "nauc_ndcg_at_100_diff1": 0.315131,
        "nauc_ndcg_at_1000_max": 0.114589,
        "nauc_ndcg_at_1000_std": 0.033832,
        "nauc_ndcg_at_1000_diff1": 0.314521,
        "nauc_map_at_1_max": 0.036012,
        "nauc_map_at_1_std": -0.057168,