{
  "dataset_revision": "fd7df84ac089bbec763b1c6bb1b56e985df5cc5c",
  "task_name": "AutoRAGRetrieval",
  "mteb_version": "1.38.27",
  "scores": {
    "test": [
      {
        "ndcg_at_1": 0.79825,
        "ndcg_at_3": 0.90873,
        "ndcg_at_5": 0.91628,
        "ndcg_at_10": 0.91628,
        "ndcg_at_20": 0.91628,
        "ndcg_at_100": 0.91628,
        "ndcg_at_1000": 0.91628,
        "map_at_1": 0.79825,
        "map_at_3": 0.88304,
        "map_at_5": 0.88743,
        "map_at_10": 0.88743,
        "map_at_20": 0.88743,
        "map_at_100": 0.88743,
        "map_at_1000": 0.88743,
        "recall_at_1": 0.79825,
        "recall_at_3": 0.98246,
        "recall_at_5": 1.0,
        "recall_at_10": 1.0,
        "recall_at_20": 1.0,
        "recall_at_100": 1.0,
        "recall_at_1000": 1.0,
        "precision_at_1": 0.79825,
        "precision_at_3": 0.32749,
        "precision_at_5": 0.2,
        "precision_at_10": 0.1,
        "precision_at_20": 0.05,
        "precision_at_100": 0.01,
        "precision_at_1000": 0.001,
        "mrr_at_1": 0.789474,
        "mrr_at_3": 0.875731,
        "mrr_at_5": 0.881871,
        "mrr_at_10": 0.881871,
        "mrr_at_20": 0.881871,
        "mrr_at_100": 0.881871,
        "mrr_at_1000": 0.881871,
        "nauc_ndcg_at_1_max": -0.093454,
        "nauc_ndcg_at_1_std": -0.359604,
        "nauc_ndcg_at_1_diff1": 0.794906,
        "nauc_ndcg_at_3_max": -0.146426,
        "nauc_ndcg_at_3_std": -0.40157,
        "nauc_ndcg_at_3_diff1": 0.766207,
        "nauc_ndcg_at_5_max": -0.097275,
        "nauc_ndcg_at_5_std": -0.39093,
        "nauc_ndcg_at_5_diff1": 0.787938,
        "nauc_ndcg_at_10_max": -0.097275,
        "nauc_ndcg_at_10_std": -0.39093,
        "nauc_ndcg_at_10_diff1": 0.787938,
        "nauc_ndcg_at_20_max": -0.097275,
        "nauc_ndcg_at_20_std": -0.39093,
        "nauc_ndcg_at_20_diff1": 0.787938,
        "nauc_ndcg_at_100_max": -0.097275,
        "nauc_ndcg_at_100_std": -0.39093,
        "nauc_ndcg_at_100_diff1": 0.787938,
        "nauc_ndcg_at_1000_max": -0.097275,
        "nauc_ndcg_at_1000_std": -0.39093,
        "nauc_ndcg_at_1000_diff1": 0.787938,
        "nauc_map_at_1_max": -0.093454,
        "nauc_map_at_1_std": -0.359604,
        "nauc_map_at_1_diff1": 0.794906,
        "nauc_map_at_3_max": -0.118979,
        "nauc_map_at_3_std": -0.394056,
        "nauc_map_at_3_diff1": 0.778614,
        "nauc_map_at_5_max": -0.096612,
        "nauc_map_at_5_std": -0.389148,
        "nauc_map_at_5_diff1": 0.788515,
        "nauc_map_at_10_max": -0.096612,
        "nauc_map_at_10_std": -0.389148,
        "nauc_map_at_10_diff1": 0.788515,
        "nauc_map_at_20_max": -0.096612,
        "nauc_map_at_20_std": -0.389148,
        "nauc_map_at_20_diff1": 0.788515,
        "nauc_map_at_100_max": -0.096612,
        "nauc_map_at_100_std": -0.389148,
        "nauc_map_at_100_diff1": 0.788515,
        "nauc_map_at_1000_max": -0.096612,
        "nauc_map_at_1000_std": -0.389148,
        "nauc_map_at_1000_diff1": 0.788515,
        "nauc_recall_at_1_max": -0.093454,
        "nauc_recall_at_1_std": -0.359604,
        "nauc_recall_at_1_diff1": 0.794906,
        "nauc_recall_at_3_max": -0.658118,
        "nauc_recall_at_3_std": -0.512338,
        "nauc_recall_at_3_diff1": 0.539967,
        "nauc_recall_at_5_max": NaN,
        "nauc_recall_at_5_std": NaN,
        "nauc_recall_at_5_diff1": NaN,
        "nauc_recall_at_10_max": NaN,
        "nauc_recall_at_10_std": NaN,
        "nauc_recall_at_10_diff1": NaN,
        "nauc_recall_at_20_max": NaN,
        "nauc_recall_at_20_std": NaN,
        "nauc_recall_at_20_diff1": NaN,
        "nauc_recall_at_100_max": NaN,
        "nauc_recall_at_100_std": NaN,
        "nauc_recall_at_100_diff1": NaN,
        "nauc_recall_at_1000_max": NaN,
        "nauc_recall_at_1000_std": NaN,
        "nauc_recall_at_1000_diff1": NaN,
        "nauc_precision_at_1_max": -0.093454,
        "nauc_precision_at_1_std": -0.359604,
        "nauc_precision_at_1_diff1": 0.794906,
        "nauc_precision_at_3_max": -0.658118,
        "nauc_precision_at_3_std": -0.512338,
        "nauc_precision_at_3_diff1": 0.539967,
        "nauc_precision_at_5_max": 1.0,
        "nauc_precision_at_5_std": 1.0,
        "nauc_precision_at_5_diff1": 1.0,
        "nauc_precision_at_10_max": 1.0,
        "nauc_precision_at_10_std": 1.0,
        "nauc_precision_at_10_diff1": 1.0,
        "nauc_precision_at_20_max": 1.0,
        "nauc_precision_at_20_std": 1.0,
        "nauc_precision_at_20_diff1": 1.0,
        "nauc_precision_at_100_max": 1.0,
        "nauc_precision_at_100_std": 1.0,
        "nauc_precision_at_100_diff1": 1.0,
        "nauc_precision_at_1000_max": 1.0,
        "nauc_precision_at_1000_std": 1.0,
        "nauc_precision_at_1000_diff1": 1.0,
        "nauc_mrr_at_1_max": 0.025633,
        "nauc_mrr_at_1_std": -0.21098,
        "nauc_mrr_at_1_diff1": 0.814119,
        "nauc_mrr_at_3_max": 0.002498,
        "nauc_mrr_at_3_std": -0.244926,
        "nauc_mrr_at_3_diff1": 0.8007,
        "nauc_mrr_at_5_max": 0.0099,
        "nauc_mrr_at_5_std": -0.248741,
        "nauc_mrr_at_5_diff1": 0.806807,
        "nauc_mrr_at_10_max": 0.0099,
        "nauc_mrr_at_10_std": -0.248741,
        "nauc_mrr_at_10_diff1": 0.806807,
        "nauc_mrr_at_20_max": 0.0099,
        "nauc_mrr_at_20_std": -0.248741,
        "nauc_mrr_at_20_diff1": 0.806807,
        "nauc_mrr_at_100_max": 0.0099,
        "nauc_mrr_at_100_std": -0.248741,
        "nauc_mrr_at_100_diff1": 0.806807,
        "nauc_mrr_at_1000_max": 0.0099,
        "nauc_mrr_at_1000_std": -0.248741,
        "nauc_mrr_at_1000_diff1": 0.806807,
        "main_score": 0.91628,
        "hf_subset": "default",
        "languages": [
          "kor-Hang"
        ]
      }
    ]
  },
  "evaluation_time": 193.77062845230103,
  "kg_co2_emissions": null
}