{
  "dataset_revision": "75b399394a9803252cfec289d103de462763db7c",
  "task_name": "BelebeleRetrieval",
  "mteb_version": "1.38.27",
  "scores": {
    "test": [
      {
        "ndcg_at_1": 0.79,
        "ndcg_at_3": 0.85077,
        "ndcg_at_5": 0.86702,
        "ndcg_at_10": 0.87431,
        "ndcg_at_20": 0.87923,
        "ndcg_at_100": 0.88419,
        "ndcg_at_1000": 0.88459,
        "map_at_1": 0.79,
        "map_at_3": 0.83704,
        "map_at_5": 0.84593,
        "map_at_10": 0.849,
        "map_at_20": 0.85042,
        "map_at_100": 0.85118,
        "map_at_1000": 0.85119,
        "recall_at_1": 0.79,
        "recall_at_3": 0.89,
        "recall_at_5": 0.93,
        "recall_at_10": 0.95222,
        "recall_at_20": 0.97111,
        "recall_at_100": 0.99667,
        "recall_at_1000": 1.0,
        "precision_at_1": 0.79,
        "precision_at_3": 0.29667,
        "precision_at_5": 0.186,
        "precision_at_10": 0.09522,
        "precision_at_20": 0.04856,
        "precision_at_100": 0.00997,
        "precision_at_1000": 0.001,
        "mrr_at_1": 0.79,
        "mrr_at_3": 0.836852,
        "mrr_at_5": 0.845574,
        "mrr_at_10": 0.848705,
        "mrr_at_20": 0.85023,
        "mrr_at_100": 0.850989,
        "mrr_at_1000": 0.851,
        "nauc_ndcg_at_1_max": 0.643369,
        "nauc_ndcg_at_1_std": -0.554695,
        "nauc_ndcg_at_1_diff1": 0.844687,
        "nauc_ndcg_at_3_max": 0.627096,
        "nauc_ndcg_at_3_std": -0.636982,
        "nauc_ndcg_at_3_diff1": 0.815654,
        "nauc_ndcg_at_5_max": 0.623797,
        "nauc_ndcg_at_5_std": -0.625206,
        "nauc_ndcg_at_5_diff1": 0.821992,
        "nauc_ndcg_at_10_max": 0.619424,
        "nauc_ndcg_at_10_std": -0.640325,
        "nauc_ndcg_at_10_diff1": 0.820644,
        "nauc_ndcg_at_20_max": 0.616019,
        "nauc_ndcg_at_20_std": -0.648425,
        "nauc_ndcg_at_20_diff1": 0.822017,
        "nauc_ndcg_at_100_max": 0.625263,
        "nauc_ndcg_at_100_std": -0.630934,
        "nauc_ndcg_at_100_diff1": 0.825131,
        "nauc_ndcg_at_1000_max": 0.625292,
        "nauc_ndcg_at_1000_std": -0.62762,
        "nauc_ndcg_at_1000_diff1": 0.82497,
        "nauc_map_at_1_max": 0.643369,
        "nauc_map_at_1_std": -0.554695,
        "nauc_map_at_1_diff1": 0.844687,
        "nauc_map_at_3_max": 0.631726,
        "nauc_map_at_3_std": -0.615221,
        "nauc_map_at_3_diff1": 0.823225,
        "nauc_map_at_5_max": 0.630388,
        "nauc_map_at_5_std": -0.608795,
        "nauc_map_at_5_diff1": 0.826524,
        "nauc_map_at_10_max": 0.629038,
        "nauc_map_at_10_std": -0.613927,
        "nauc_map_at_10_diff1": 0.826194,
        "nauc_map_at_20_max": 0.628337,
        "nauc_map_at_20_std": -0.615987,
        "nauc_map_at_20_diff1": 0.826565,
        "nauc_map_at_100_max": 0.629267,
        "nauc_map_at_100_std": -0.614315,
        "nauc_map_at_100_diff1": 0.826986,
        "nauc_map_at_1000_max": 0.629267,
        "nauc_map_at_1000_std": -0.61425,
        "nauc_map_at_1000_diff1": 0.826983,
        "nauc_recall_at_1_max": 0.643369,
        "nauc_recall_at_1_std": -0.554695,
        "nauc_recall_at_1_diff1": 0.844687,
        "nauc_recall_at_3_max": 0.608353,
        "nauc_recall_at_3_std": -0.724045,
        "nauc_recall_at_3_diff1": 0.785433,
        "nauc_recall_at_5_max": 0.583656,
        "nauc_recall_at_5_std": -0.715812,
        "nauc_recall_at_5_diff1": 0.798342,
        "nauc_recall_at_10_max": 0.530867,
        "nauc_recall_at_10_std": -0.870562,
        "nauc_recall_at_10_diff1": 0.776312,
        "nauc_recall_at_20_max": 0.421227,
        "nauc_recall_at_20_std": -1.128618,
        "nauc_recall_at_20_diff1": 0.768477,
        "nauc_recall_at_100_max": 0.615002,
        "nauc_recall_at_100_std": -1.543884,
        "nauc_recall_at_100_diff1": 0.869281,
        "nauc_recall_at_1000_max": NaN,
        "nauc_recall_at_1000_std": NaN,
        "nauc_recall_at_1000_diff1": NaN,
        "nauc_precision_at_1_max": 0.643369,
        "nauc_precision_at_1_std": -0.554695,
        "nauc_precision_at_1_diff1": 0.844687,
        "nauc_precision_at_3_max": 0.608353,
        "nauc_precision_at_3_std": -0.724045,
        "nauc_precision_at_3_diff1": 0.785433,
        "nauc_precision_at_5_max": 0.583656,
        "nauc_precision_at_5_std": -0.715812,
        "nauc_precision_at_5_diff1": 0.798342,
        "nauc_precision_at_10_max": 0.530867,
        "nauc_precision_at_10_std": -0.870562,
        "nauc_precision_at_10_diff1": 0.776312,
        "nauc_precision_at_20_max": 0.421227,
        "nauc_precision_at_20_std": -1.128618,
        "nauc_precision_at_20_diff1": 0.768477,
        "nauc_precision_at_100_max": 0.615002,
        "nauc_precision_at_100_std": -1.543884,
        "nauc_precision_at_100_diff1": 0.869281,
        "nauc_precision_at_1000_max": NaN,
        "nauc_precision_at_1000_std": NaN,
        "nauc_precision_at_1000_diff1": NaN,
        "nauc_mrr_at_1_max": 0.644117,
        "nauc_mrr_at_1_std": -0.549581,
        "nauc_mrr_at_1_diff1": 0.844687,
        "nauc_mrr_at_3_max": 0.634617,
        "nauc_mrr_at_3_std": -0.61108,
        "nauc_mrr_at_3_diff1": 0.823849,
        "nauc_mrr_at_5_max": 0.632434,
        "nauc_mrr_at_5_std": -0.60594,
        "nauc_mrr_at_5_diff1": 0.825698,
        "nauc_mrr_at_10_max": 0.632351,
        "nauc_mrr_at_10_std": -0.609365,
        "nauc_mrr_at_10_diff1": 0.826789,
        "nauc_mrr_at_20_max": 0.631553,
        "nauc_mrr_at_20_std": -0.610914,
        "nauc_mrr_at_20_diff1": 0.827165,
        "nauc_mrr_at_100_max": 0.632513,
        "nauc_mrr_at_100_std": -0.609177,
        "nauc_mrr_at_100_diff1": 0.827587,
        "nauc_mrr_at_1000_max": 0.632511,
        "nauc_mrr_at_1000_std": -0.609109,
        "nauc_mrr_at_1000_diff1": 0.827583,
        "main_score": 0.87431,
        "hf_subset": "kor_Hang-kor_Hang",
        "languages": [
          "kor-Hang",
          "kor-Hang"
        ]
      },
      {
        "ndcg_at_1": 0.74444,
        "ndcg_at_3": 0.82959,
        "ndcg_at_5": 0.84106,
        "ndcg_at_10": 0.85077,
        "ndcg_at_20": 0.85648,
        "ndcg_at_100": 0.86137,
        "ndcg_at_1000": 0.86197,
        "map_at_1": 0.74444,
        "map_at_3": 0.8087,
        "map_at_5": 0.81509,
        "map_at_10": 0.8191,
        "map_at_20": 0.82071,
        "map_at_100": 0.82144,
        "map_at_1000": 0.82147,
        "recall_at_1": 0.74444,
        "recall_at_3": 0.89,
        "recall_at_5": 0.91778,
        "recall_at_10": 0.94778,
        "recall_at_20": 0.97,
        "recall_at_100": 0.99556,
        "recall_at_1000": 1.0,
        "precision_at_1": 0.74444,
        "precision_at_3": 0.29667,
        "precision_at_5": 0.18356,
        "precision_at_10": 0.09478,
        "precision_at_20": 0.0485,
        "precision_at_100": 0.00996,
        "precision_at_1000": 0.001,
        "mrr_at_1": 0.743333,
        "mrr_at_3": 0.808333,
        "mrr_at_5": 0.814722,
        "mrr_at_10": 0.818557,
        "mrr_at_20": 0.820368,
        "mrr_at_100": 0.821092,
        "mrr_at_1000": 0.821121,
        "nauc_ndcg_at_1_max": 0.530938,
        "nauc_ndcg_at_1_std": -0.379272,
        "nauc_ndcg_at_1_diff1": 0.798266,
        "nauc_ndcg_at_3_max": 0.48891,
        "nauc_ndcg_at_3_std": -0.46709,
        "nauc_ndcg_at_3_diff1": 0.735056,
        "nauc_ndcg_at_5_max": 0.487274,
        "nauc_ndcg_at_5_std": -0.47736,
        "nauc_ndcg_at_5_diff1": 0.738151,
        "nauc_ndcg_at_10_max": 0.499887,
        "nauc_ndcg_at_10_std": -0.455904,
        "nauc_ndcg_at_10_diff1": 0.746275,
        "nauc_ndcg_at_20_max": 0.500408,
        "nauc_ndcg_at_20_std": -0.47067,
        "nauc_ndcg_at_20_diff1": 0.756419,
        "nauc_ndcg_at_100_max": 0.505714,
        "nauc_ndcg_at_100_std": -0.451529,
        "nauc_ndcg_at_100_diff1": 0.758973,
        "nauc_ndcg_at_1000_max": 0.505882,
        "nauc_ndcg_at_1000_std": -0.448985,
        "nauc_ndcg_at_1000_diff1": 0.75865,
        "nauc_map_at_1_max": 0.530938,
        "nauc_map_at_1_std": -0.379272,