{
  "dataset_revision": "d243889a3eb6654029dbd7e7f9319ae31d58f97c",
  "task_name": "Ko-StrategyQA",
  "mteb_version": "1.38.27",
  "scores": {
    "dev": [
      {
        "ndcg_at_1": 0.77027,
        "ndcg_at_3": 0.7572,
        "ndcg_at_5": 0.78198,
        "ndcg_at_10": 0.80188,
        "ndcg_at_20": 0.81058,
        "ndcg_at_100": 0.82305,
        "ndcg_at_1000": 0.83319,
        "map_at_1": 0.50289,
        "map_at_3": 0.71864,
        "map_at_5": 0.74511,
        "map_at_10": 0.75788,
        "map_at_20": 0.76165,
        "map_at_100": 0.76421,
        "map_at_1000": 0.76473,
        "recall_at_1": 0.50289,
        "recall_at_3": 0.76005,
        "recall_at_5": 0.8108,
        "recall_at_10": 0.8592,
        "recall_at_20": 0.88558,
        "recall_at_100": 0.93758,
        "recall_at_1000": 1.0,
        "precision_at_1": 0.77027,
        "precision_at_3": 0.44989,
        "precision_at_5": 0.29561,
        "precision_at_10": 0.15878,
        "precision_at_20": 0.08252,
        "precision_at_100": 0.0178,
        "precision_at_1000": 0.00193,
        "mrr_at_1": 0.775338,
        "mrr_at_3": 0.816441,
        "mrr_at_5": 0.819989,
        "mrr_at_10": 0.823527,
        "mrr_at_20": 0.824788,
        "mrr_at_100": 0.825759,
        "mrr_at_1000": 0.825961,
        "nauc_ndcg_at_1_max": 0.709455,
        "nauc_ndcg_at_1_std": -0.341937,
        "nauc_ndcg_at_1_diff1": 0.702193,
        "nauc_ndcg_at_3_max": 0.695622,
        "nauc_ndcg_at_3_std": -0.305713,
        "nauc_ndcg_at_3_diff1": 0.633917,
        "nauc_ndcg_at_5_max": 0.737154,
        "nauc_ndcg_at_5_std": -0.324095,
        "nauc_ndcg_at_5_diff1": 0.639092,
        "nauc_ndcg_at_10_max": 0.75591,
        "nauc_ndcg_at_10_std": -0.347898,
        "nauc_ndcg_at_10_diff1": 0.652111,
        "nauc_ndcg_at_20_max": 0.75821,
        "nauc_ndcg_at_20_std": -0.361857,
        "nauc_ndcg_at_20_diff1": 0.658058,
        "nauc_ndcg_at_100_max": 0.747754,
        "nauc_ndcg_at_100_std": -0.366971,
        "nauc_ndcg_at_100_diff1": 0.657216,
        "nauc_ndcg_at_1000_max": 0.736198,
        "nauc_ndcg_at_1000_std": -0.345897,
        "nauc_ndcg_at_1000_diff1": 0.651976,
        "nauc_map_at_1_max": 0.360404,
        "nauc_map_at_1_std": -0.236271,
        "nauc_map_at_1_diff1": 0.645882,
        "nauc_map_at_3_max": 0.657071,
        "nauc_map_at_3_std": -0.273941,
        "nauc_map_at_3_diff1": 0.622032,
        "nauc_map_at_5_max": 0.692321,
        "nauc_map_at_5_std": -0.286733,
        "nauc_map_at_5_diff1": 0.62032,
        "nauc_map_at_10_max": 0.70382,
        "nauc_map_at_10_std": -0.29542,
        "nauc_map_at_10_diff1": 0.628461,
        "nauc_map_at_20_max": 0.704745,
        "nauc_map_at_20_std": -0.300313,
        "nauc_map_at_20_diff1": 0.630546,
        "nauc_map_at_100_max": 0.702737,
        "nauc_map_at_100_std": -0.302231,
        "nauc_map_at_100_diff1": 0.630132,
        "nauc_map_at_1000_max": 0.702165,
        "nauc_map_at_1000_std": -0.301524,
        "nauc_map_at_1000_diff1": 0.629859,
        "nauc_recall_at_1_max": 0.360404,
        "nauc_recall_at_1_std": -0.236271,
        "nauc_recall_at_1_diff1": 0.645882,
        "nauc_recall_at_3_max": 0.697191,
        "nauc_recall_at_3_std": -0.290699,
        "nauc_recall_at_3_diff1": 0.611451,
        "nauc_recall_at_5_max": 0.782019,
        "nauc_recall_at_5_std": -0.345888,
        "nauc_recall_at_5_diff1": 0.613058,
        "nauc_recall_at_10_max": 0.857793,
        "nauc_recall_at_10_std": -0.432794,
        "nauc_recall_at_10_diff1": 0.656396,
        "nauc_recall_at_20_max": 0.894979,
        "nauc_recall_at_20_std": -0.523401,
        "nauc_recall_at_20_diff1": 0.69271,
        "nauc_recall_at_100_max": 0.900411,
        "nauc_recall_at_100_std": -0.6692,
        "nauc_recall_at_100_diff1": 0.719334,
        "nauc_recall_at_1000_max": NaN,
        "nauc_recall_at_1000_std": NaN,
        "nauc_recall_at_1000_diff1": NaN,
        "nauc_precision_at_1_max": 0.709455,
        "nauc_precision_at_1_std": -0.341937,
        "nauc_precision_at_1_diff1": 0.702193,
        "nauc_precision_at_3_max": 0.38093,
        "nauc_precision_at_3_std": -0.084326,
        "nauc_precision_at_3_diff1": 0.017843,
        "nauc_precision_at_5_max": 0.30746,
        "nauc_precision_at_5_std": -0.059309,
        "nauc_precision_at_5_diff1": -0.064546,
        "nauc_precision_at_10_max": 0.239508,
        "nauc_precision_at_10_std": -0.050041,
        "nauc_precision_at_10_diff1": -0.129928,
        "nauc_precision_at_20_max": 0.185163,
        "nauc_precision_at_20_std": -0.048816,
        "nauc_precision_at_20_diff1": -0.16812,
        "nauc_precision_at_100_max": 0.029254,
        "nauc_precision_at_100_std": -0.006958,
        "nauc_precision_at_100_diff1": -0.279887,
        "nauc_precision_at_1000_max": -0.169624,
        "nauc_precision_at_1000_std": 0.143462,
        "nauc_precision_at_1000_diff1": -0.444206,
        "nauc_mrr_at_1_max": 0.724609,
        "nauc_mrr_at_1_std": -0.343798,
        "nauc_mrr_at_1_diff1": 0.689989,
        "nauc_mrr_at_3_max": 0.783713,
        "nauc_mrr_at_3_std": -0.381747,
        "nauc_mrr_at_3_diff1": 0.693705,
        "nauc_mrr_at_5_max": 0.783073,
        "nauc_mrr_at_5_std": -0.390387,
        "nauc_mrr_at_5_diff1": 0.693457,
        "nauc_mrr_at_10_max": 0.781485,
        "nauc_mrr_at_10_std": -0.396605,
        "nauc_mrr_at_10_diff1": 0.693826,
        "nauc_mrr_at_20_max": 0.780576,
        "nauc_mrr_at_20_std": -0.396485,
        "nauc_mrr_at_20_diff1": 0.693391,
        "nauc_mrr_at_100_max": 0.780103,
        "nauc_mrr_at_100_std": -0.395405,
        "nauc_mrr_at_100_diff1": 0.694016,
        "nauc_mrr_at_1000_max": 0.779874,
        "nauc_mrr_at_1000_std": -0.394809,
        "nauc_mrr_at_1000_diff1": 0.693848,
        "main_score": 0.80188,
        "hf_subset": "default",
        "languages": [
          "kor-Hang"
        ]
      }
    ]
  },
  "evaluation_time": 1350.6356160640717,
  "kg_co2_emissions": null
}