{
  "dataset_revision": "main",
  "task_name": "MIRACLRetrieval",
  "mteb_version": "1.38.30",
  "scores": {
    "dev": [
      {
        "ndcg_at_1": 0.84038,
        "ndcg_at_3": 0.84035,
        "ndcg_at_5": 0.85683,
        "ndcg_at_10": 0.88429,
        "ndcg_at_20": 0.89834,
        "ndcg_at_100": 0.89937,
        "ndcg_at_1000": 0.89937,
        "map_at_1": 0.52,
        "map_at_3": 0.7111,
        "map_at_5": 0.78136,
        "map_at_10": 0.82548,
        "map_at_20": 0.83787,
        "map_at_100": 0.83845,
        "map_at_1000": 0.83845,
        "recall_at_1": 0.52,
        "recall_at_3": 0.77235,
        "recall_at_5": 0.8726,
        "recall_at_10": 0.96221,
        "recall_at_20": 0.9971,
        "recall_at_100": 1.0,
        "recall_at_1000": 1.0,
        "precision_at_1": 0.84038,
        "precision_at_3": 0.52113,
        "precision_at_5": 0.39531,
        "precision_at_10": 0.23803,
        "precision_at_20": 0.1277,
        "precision_at_100": 0.02568,
        "precision_at_1000": 0.00257,
        "mrr_at_1": 0.859155,
        "mrr_at_3": 0.906886,
        "mrr_at_5": 0.909233,
        "mrr_at_10": 0.911683,
        "mrr_at_20": 0.911959,
        "mrr_at_100": 0.911959,
        "mrr_at_1000": 0.911959,
        "nauc_ndcg_at_1_max": 0.177327,
        "nauc_ndcg_at_1_std": 0.149832,
        "nauc_ndcg_at_1_diff1": 0.486657,
        "nauc_ndcg_at_3_max": 0.190761,
        "nauc_ndcg_at_3_std": -0.151446,
        "nauc_ndcg_at_3_diff1": 0.461605,
        "nauc_ndcg_at_5_max": 0.190963,
        "nauc_ndcg_at_5_std": -0.168857,
        "nauc_ndcg_at_5_diff1": 0.444993,
        "nauc_ndcg_at_10_max": 0.209902,
        "nauc_ndcg_at_10_std": -0.091987,
        "nauc_ndcg_at_10_diff1": 0.447603,
        "nauc_ndcg_at_20_max": 0.22705,
        "nauc_ndcg_at_20_std": -0.023276,
        "nauc_ndcg_at_20_diff1": 0.462961,
        "nauc_ndcg_at_100_max": 0.226236,
        "nauc_ndcg_at_100_std": -0.02248,
        "nauc_ndcg_at_100_diff1": 0.470921,
        "nauc_ndcg_at_1000_max": 0.226236,
        "nauc_ndcg_at_1000_std": -0.02248,
        "nauc_ndcg_at_1000_diff1": 0.470921,
        "nauc_map_at_1_max": 0.146774,
        "nauc_map_at_1_std": -0.382887,
        "nauc_map_at_1_diff1": 0.567693,
        "nauc_map_at_3_max": 0.093087,
        "nauc_map_at_3_std": -0.450249,
        "nauc_map_at_3_diff1": 0.478325,
        "nauc_map_at_5_max": 0.093157,
        "nauc_map_at_5_std": -0.362709,
        "nauc_map_at_5_diff1": 0.457465,
        "nauc_map_at_10_max": 0.170748,
        "nauc_map_at_10_std": -0.177164,
        "nauc_map_at_10_diff1": 0.444619,
        "nauc_map_at_20_max": 0.194033,
        "nauc_map_at_20_std": -0.121062,
        "nauc_map_at_20_diff1": 0.445895,
        "nauc_map_at_100_max": 0.193843,
        "nauc_map_at_100_std": -0.121617,
        "nauc_map_at_100_diff1": 0.448829,
        "nauc_map_at_1000_max": 0.193843,
        "nauc_map_at_1000_std": -0.121617,
        "nauc_map_at_1000_diff1": 0.448829,
        "nauc_recall_at_1_max": 0.146774,
        "nauc_recall_at_1_std": -0.382887,
        "nauc_recall_at_1_diff1": 0.567693,
        "nauc_recall_at_3_max": 0.049296,
        "nauc_recall_at_3_std": -0.593663,
        "nauc_recall_at_3_diff1": 0.432182,
        "nauc_recall_at_5_max": 0.008326,
        "nauc_recall_at_5_std": -0.620845,
        "nauc_recall_at_5_diff1": 0.381198,
        "nauc_recall_at_10_max": 0.143783,
        "nauc_recall_at_10_std": -0.37717,
        "nauc_recall_at_10_diff1": 0.24173,
        "nauc_recall_at_20_max": 0.294521,
        "nauc_recall_at_20_std": -0.152957,
        "nauc_recall_at_20_diff1": -0.276699,
        "nauc_recall_at_100_max": NaN,
        "nauc_recall_at_100_std": NaN,
        "nauc_recall_at_100_diff1": NaN,
        "nauc_recall_at_1000_max": NaN,
        "nauc_recall_at_1000_std": NaN,
        "nauc_recall_at_1000_diff1": NaN,
        "nauc_precision_at_1_max": 0.177327,
        "nauc_precision_at_1_std": 0.149832,
        "nauc_precision_at_1_diff1": 0.486657,
        "nauc_precision_at_3_max": -0.024526,
        "nauc_precision_at_3_std": 0.366458,
        "nauc_precision_at_3_diff1": -0.268778,
        "nauc_precision_at_5_max": -0.006231,
        "nauc_precision_at_5_std": 0.459389,
        "nauc_precision_at_5_diff1": -0.292809,
        "nauc_precision_at_10_max": 0.051073,
        "nauc_precision_at_10_std": 0.569244,
        "nauc_precision_at_10_diff1": -0.305462,
        "nauc_precision_at_20_max": 0.058145,
        "nauc_precision_at_20_std": 0.575266,
        "nauc_precision_at_20_diff1": -0.301021,
        "nauc_precision_at_100_max": 0.05558,
        "nauc_precision_at_100_std": 0.570038,
        "nauc_precision_at_100_diff1": -0.29573,
        "nauc_precision_at_1000_max": 0.05558,
        "nauc_precision_at_1000_std": 0.570038,
        "nauc_precision_at_1000_diff1": -0.29573,
        "nauc_mrr_at_1_max": 0.280585,
        "nauc_mrr_at_1_std": 0.133742,
        "nauc_mrr_at_1_diff1": 0.406609,
        "nauc_mrr_at_3_max": 0.353701,
        "nauc_mrr_at_3_std": 0.164801,
        "nauc_mrr_at_3_diff1": 0.467474,
        "nauc_mrr_at_5_max": 0.336463,
        "nauc_mrr_at_5_std": 0.144265,
        "nauc_mrr_at_5_diff1": 0.458717,
        "nauc_mrr_at_10_max": 0.342453,
        "nauc_mrr_at_10_std": 0.159765,
        "nauc_mrr_at_10_diff1": 0.453015,
        "nauc_mrr_at_20_max": 0.340746,
        "nauc_mrr_at_20_std": 0.157944,
        "nauc_mrr_at_20_diff1": 0.451666,
        "nauc_mrr_at_100_max": 0.340746,
        "nauc_mrr_at_100_std": 0.157944,
        "nauc_mrr_at_100_diff1": 0.451666,
        "nauc_mrr_at_1000_max": 0.340746,
        "nauc_mrr_at_1000_std": 0.157944,
        "nauc_mrr_at_1000_diff1": 0.451666,
        "main_score": 0.88429,
        "hf_subset": "ko",
        "languages": [
          "kor-Kore"
        ]
      }
    ]
  },
  "evaluation_time": 9.150897979736328,
  "kg_co2_emissions": null
}