{
  "dataset_revision": "main",
  "task_name": "MIRACLRetrieval",
  "mteb_version": "1.38.27",
  "scores": {
    "dev": [
      {
        "ndcg_at_1": 0.73239,
        "ndcg_at_3": 0.72389,
        "ndcg_at_5": 0.74927,
        "ndcg_at_10": 0.77836,
        "ndcg_at_20": 0.8078,
        "ndcg_at_100": 0.82257,
        "ndcg_at_1000": 0.8228,
        "map_at_1": 0.45638,
        "map_at_3": 0.59864,
        "map_at_5": 0.65773,
        "map_at_10": 0.69498,
        "map_at_20": 0.7152,
        "map_at_100": 0.72022,
        "map_at_1000": 0.72025,
        "recall_at_1": 0.45638,
        "recall_at_3": 0.67476,
        "recall_at_5": 0.77716,
        "recall_at_10": 0.86602,
        "recall_at_20": 0.94181,
        "recall_at_100": 0.99906,
        "recall_at_1000": 1.0,
        "precision_at_1": 0.73239,
        "precision_at_3": 0.43192,
        "precision_at_5": 0.33897,
        "precision_at_10": 0.20516,
        "precision_at_20": 0.11925,
        "precision_at_100": 0.02563,
        "precision_at_1000": 0.00257,
        "mrr_at_1": 0.737089,
        "mrr_at_3": 0.821596,
        "mrr_at_5": 0.8277,
        "mrr_at_10": 0.830634,
        "mrr_at_20": 0.831025,
        "mrr_at_100": 0.831843,
        "mrr_at_1000": 0.831843,
        "nauc_ndcg_at_1_max": 0.269883,
        "nauc_ndcg_at_1_std": -0.18832,
        "nauc_ndcg_at_1_diff1": 0.428208,
        "nauc_ndcg_at_3_max": 0.361559,
        "nauc_ndcg_at_3_std": -0.215658,
        "nauc_ndcg_at_3_diff1": 0.38428,
        "nauc_ndcg_at_5_max": 0.371512,
        "nauc_ndcg_at_5_std": -0.258919,
        "nauc_ndcg_at_5_diff1": 0.380524,
        "nauc_ndcg_at_10_max": 0.401655,
        "nauc_ndcg_at_10_std": -0.250509,
        "nauc_ndcg_at_10_diff1": 0.351844,
        "nauc_ndcg_at_20_max": 0.404264,
        "nauc_ndcg_at_20_std": -0.22195,
        "nauc_ndcg_at_20_diff1": 0.357761,
        "nauc_ndcg_at_100_max": 0.395223,
        "nauc_ndcg_at_100_std": -0.208717,
        "nauc_ndcg_at_100_diff1": 0.378787,
        "nauc_ndcg_at_1000_max": 0.395108,
        "nauc_ndcg_at_1000_std": -0.206193,
        "nauc_ndcg_at_1000_diff1": 0.380113,
        "nauc_map_at_1_max": 0.233526,
        "nauc_map_at_1_std": -0.261708,
        "nauc_map_at_1_diff1": 0.502111,
        "nauc_map_at_3_max": 0.256577,
        "nauc_map_at_3_std": -0.259919,
        "nauc_map_at_3_diff1": 0.390816,
        "nauc_map_at_5_max": 0.291609,
        "nauc_map_at_5_std": -0.282027,
        "nauc_map_at_5_diff1": 0.376017,
        "nauc_map_at_10_max": 0.356472,
        "nauc_map_at_10_std": -0.268182,
        "nauc_map_at_10_diff1": 0.358395,
        "nauc_map_at_20_max": 0.365464,
        "nauc_map_at_20_std": -0.254729,
        "nauc_map_at_20_diff1": 0.364146,
        "nauc_map_at_100_max": 0.368705,
        "nauc_map_at_100_std": -0.249686,
        "nauc_map_at_100_diff1": 0.367426,
        "nauc_map_at_1000_max": 0.368699,
        "nauc_map_at_1000_std": -0.249433,
        "nauc_map_at_1000_diff1": 0.367572,
        "nauc_recall_at_1_max": 0.233526,
        "nauc_recall_at_1_std": -0.261708,
        "nauc_recall_at_1_diff1": 0.502111,
        "nauc_recall_at_3_max": 0.218759,
        "nauc_recall_at_3_std": -0.235608,
        "nauc_recall_at_3_diff1": 0.323437,
        "nauc_recall_at_5_max": 0.248525,
        "nauc_recall_at_5_std": -0.274744,
        "nauc_recall_at_5_diff1": 0.295501,
        "nauc_recall_at_10_max": 0.445362,
        "nauc_recall_at_10_std": -0.294034,
        "nauc_recall_at_10_diff1": 0.180294,
        "nauc_recall_at_20_max": 0.528856,
        "nauc_recall_at_20_std": -0.242903,
        "nauc_recall_at_20_diff1": 0.070492,
        "nauc_recall_at_100_max": 0.358128,
        "nauc_recall_at_100_std": -1.741822,
        "nauc_recall_at_100_diff1": -0.56242,
        "nauc_recall_at_1000_max": NaN,
        "nauc_recall_at_1000_std": NaN,
        "nauc_recall_at_1000_diff1": NaN,
        "nauc_precision_at_1_max": 0.269883,
        "nauc_precision_at_1_std": -0.18832,
        "nauc_precision_at_1_diff1": 0.428208,
        "nauc_precision_at_3_max": 0.18632,
        "nauc_precision_at_3_std": 0.085089,
        "nauc_precision_at_3_diff1": -0.174707,
        "nauc_precision_at_5_max": 0.139534,
        "nauc_precision_at_5_std": 0.09978,
        "nauc_precision_at_5_diff1": -0.20014,
        "nauc_precision_at_10_max": 0.162917,
        "nauc_precision_at_10_std": 0.149162,
        "nauc_precision_at_10_diff1": -0.229703,
        "nauc_precision_at_20_max": 0.105716,
        "nauc_precision_at_20_std": 0.193837,
        "nauc_precision_at_20_diff1": -0.2115,
        "nauc_precision_at_100_max": 0.07721,
        "nauc_precision_at_100_std": 0.222176,
        "nauc_precision_at_100_diff1": -0.204915,
        "nauc_precision_at_1000_max": 0.075994,
        "nauc_precision_at_1000_std": 0.226227,
        "nauc_precision_at_1000_diff1": -0.202744,
        "nauc_mrr_at_1_max": 0.310269,
        "nauc_mrr_at_1_std": -0.153767,
        "nauc_mrr_at_1_diff1": 0.414257,
        "nauc_mrr_at_3_max": 0.392841,
        "nauc_mrr_at_3_std": -0.113735,
        "nauc_mrr_at_3_diff1": 0.420373,
        "nauc_mrr_at_5_max": 0.379079,
        "nauc_mrr_at_5_std": -0.108684,
        "nauc_mrr_at_5_diff1": 0.419386,
        "nauc_mrr_at_10_max": 0.378358,
        "nauc_mrr_at_10_std": -0.117612,
        "nauc_mrr_at_10_diff1": 0.414462,
        "nauc_mrr_at_20_max": 0.376771,
        "nauc_mrr_at_20_std": -0.119756,
        "nauc_mrr_at_20_diff1": 0.414106,
        "nauc_mrr_at_100_max": 0.375326,
        "nauc_mrr_at_100_std": -0.119124,
        "nauc_mrr_at_100_diff1": 0.41449,
        "nauc_mrr_at_1000_max": 0.375326,
        "nauc_mrr_at_1000_std": -0.119124,
        "nauc_mrr_at_1000_diff1": 0.41449,
        "main_score": 0.77836,
        "hf_subset": "ko",
        "languages": [
          "kor-Kore"
        ]
      }
    ]
  },
  "evaluation_time": 204.91932606697083,
  "kg_co2_emissions": null
}