{
  "dataset_revision": "fc24a3ce8f09746410daee3d5cd823ff7a0675b7",
  "task_name": "MrTidyRetrieval",
  "mteb_version": "1.38.27",
  "scores": {
    "test": [
      {
        "ndcg_at_1": 0.64371,
        "ndcg_at_3": 0.70843,
        "ndcg_at_5": 0.72944,
        "ndcg_at_10": 0.74721,
        "ndcg_at_20": 0.76045,
        "ndcg_at_100": 0.77096,
        "ndcg_at_1000": 0.7759,
        "map_at_1": 0.59105,
        "map_at_3": 0.67742,
        "map_at_5": 0.69062,
        "map_at_10": 0.69917,
        "map_at_20": 0.70371,
        "map_at_100": 0.70547,
        "map_at_1000": 0.70568,
        "recall_at_1": 0.59105,
        "recall_at_3": 0.76564,
        "recall_at_5": 0.81235,
        "recall_at_10": 0.86184,
        "recall_at_20": 0.90974,
        "recall_at_100": 0.96318,
        "recall_at_1000": 1.0,
        "precision_at_1": 0.64371,
        "precision_at_3": 0.28504,
        "precision_at_5": 0.1848,
        "precision_at_10": 0.09929,
        "precision_at_20": 0.05297,
        "precision_at_100": 0.01126,
        "precision_at_1000": 0.00117,
        "mrr_at_1": 0.662708,
        "mrr_at_3": 0.721694,
        "mrr_at_5": 0.731789,
        "mrr_at_10": 0.738455,
        "mrr_at_20": 0.740638,
        "mrr_at_100": 0.741764,
        "mrr_at_1000": 0.741951,
        "nauc_ndcg_at_1_max": 0.416914,
        "nauc_ndcg_at_1_std": -0.155587,
        "nauc_ndcg_at_1_diff1": 0.61804,
        "nauc_ndcg_at_3_max": 0.39111,
        "nauc_ndcg_at_3_std": -0.214265,
        "nauc_ndcg_at_3_diff1": 0.534463,
        "nauc_ndcg_at_5_max": 0.384376,
        "nauc_ndcg_at_5_std": -0.21095,
        "nauc_ndcg_at_5_diff1": 0.52964,
        "nauc_ndcg_at_10_max": 0.388703,
        "nauc_ndcg_at_10_std": -0.221007,
        "nauc_ndcg_at_10_diff1": 0.537123,
        "nauc_ndcg_at_20_max": 0.393734,
        "nauc_ndcg_at_20_std": -0.213803,
        "nauc_ndcg_at_20_diff1": 0.550408,
        "nauc_ndcg_at_100_max": 0.391916,
        "nauc_ndcg_at_100_std": -0.205919,
        "nauc_ndcg_at_100_diff1": 0.555063,
        "nauc_ndcg_at_1000_max": 0.392857,
        "nauc_ndcg_at_1000_std": -0.198101,
        "nauc_ndcg_at_1000_diff1": 0.553257,
        "nauc_map_at_1_max": 0.350663,
        "nauc_map_at_1_std": -0.173251,
        "nauc_map_at_1_diff1": 0.57291,
        "nauc_map_at_3_max": 0.382923,
        "nauc_map_at_3_std": -0.212475,
        "nauc_map_at_3_diff1": 0.543386,
        "nauc_map_at_5_max": 0.377975,
        "nauc_map_at_5_std": -0.209132,
        "nauc_map_at_5_diff1": 0.539982,
        "nauc_map_at_10_max": 0.381763,
        "nauc_map_at_10_std": -0.212384,
        "nauc_map_at_10_diff1": 0.546684,
        "nauc_map_at_20_max": 0.383447,
        "nauc_map_at_20_std": -0.20915,
        "nauc_map_at_20_diff1": 0.54994,
        "nauc_map_at_100_max": 0.383297,
        "nauc_map_at_100_std": -0.206665,
        "nauc_map_at_100_diff1": 0.550211,
        "nauc_map_at_1000_max": 0.383369,
        "nauc_map_at_1000_std": -0.206327,
        "nauc_map_at_1000_diff1": 0.550124,
        "nauc_recall_at_1_max": 0.350663,
        "nauc_recall_at_1_std": -0.173251,
        "nauc_recall_at_1_diff1": 0.57291,
        "nauc_recall_at_3_max": 0.372802,
        "nauc_recall_at_3_std": -0.264456,
        "nauc_recall_at_3_diff1": 0.458836,
        "nauc_recall_at_5_max": 0.355355,
        "nauc_recall_at_5_std": -0.271283,
        "nauc_recall_at_5_diff1": 0.434218,
        "nauc_recall_at_10_max": 0.374524,
        "nauc_recall_at_10_std": -0.336978,
        "nauc_recall_at_10_diff1": 0.438131,
        "nauc_recall_at_20_max": 0.397725,
        "nauc_recall_at_20_std": -0.358805,
        "nauc_recall_at_20_diff1": 0.500022,
        "nauc_recall_at_100_max": 0.36462,
        "nauc_recall_at_100_std": -0.471577,
        "nauc_recall_at_100_diff1": 0.613375,
        "nauc_recall_at_1000_max": NaN,
        "nauc_recall_at_1000_std": NaN,
        "nauc_recall_at_1000_diff1": NaN,
        "nauc_precision_at_1_max": 0.416914,
        "nauc_precision_at_1_std": -0.155587,
        "nauc_precision_at_1_diff1": 0.61804,
        "nauc_precision_at_3_max": 0.320687,
        "nauc_precision_at_3_std": -0.172454,
        "nauc_precision_at_3_diff1": 0.315281,
        "nauc_precision_at_5_max": 0.225348,
        "nauc_precision_at_5_std": -0.110731,
        "nauc_precision_at_5_diff1": 0.195222,
        "nauc_precision_at_10_max": 0.172896,
        "nauc_precision_at_10_std": -0.093249,
        "nauc_precision_at_10_diff1": 0.130194,
        "nauc_precision_at_20_max": 0.105878,
        "nauc_precision_at_20_std": -0.005905,
        "nauc_precision_at_20_diff1": 0.045234,
        "nauc_precision_at_100_max": 0.00793,
        "nauc_precision_at_100_std": 0.07108,
        "nauc_precision_at_100_diff1": -0.055816,
        "nauc_precision_at_1000_max": -0.061493,
        "nauc_precision_at_1000_std": 0.151672,
        "nauc_precision_at_1000_diff1": -0.153607,
        "nauc_mrr_at_1_max": 0.479368,
        "nauc_mrr_at_1_std": -0.152387,
        "nauc_mrr_at_1_diff1": 0.57337,
        "nauc_mrr_at_3_max": 0.457556,
        "nauc_mrr_at_3_std": -0.164289,
        "nauc_mrr_at_3_diff1": 0.54828,
        "nauc_mrr_at_5_max": 0.456362,
        "nauc_mrr_at_5_std": -0.16299,
        "nauc_mrr_at_5_diff1": 0.547339,
        "nauc_mrr_at_10_max": 0.452664,
        "nauc_mrr_at_10_std": -0.167868,
        "nauc_mrr_at_10_diff1": 0.544558,
        "nauc_mrr_at_20_max": 0.454625,
        "nauc_mrr_at_20_std": -0.167171,
        "nauc_mrr_at_20_diff1": 0.548861,
        "nauc_mrr_at_100_max": 0.455386,
        "nauc_mrr_at_100_std": -0.165561,
        "nauc_mrr_at_100_diff1": 0.549542,
        "nauc_mrr_at_1000_max": 0.455581,
        "nauc_mrr_at_1000_std": -0.165209,
        "nauc_mrr_at_1000_diff1": 0.54942,
        "main_score": 0.74721,
        "hf_subset": "korean",
        "languages": [
          "kor-Kore"
        ]
      }
    ]
  },
  "evaluation_time": 419.4396011829376,
  "kg_co2_emissions": null
}