{
  "dataset_revision": "fc24a3ce8f09746410daee3d5cd823ff7a0675b7",
  "task_name": "MrTidyRetrieval",
  "mteb_version": "1.38.30",
  "scores": {
    "test": [
      {
        "ndcg_at_1": 0.66271,
        "ndcg_at_3": 0.75161,
        "ndcg_at_5": 0.77514,
        "ndcg_at_10": 0.79702,
        "ndcg_at_20": 0.80671,
        "ndcg_at_100": 0.81345,
        "ndcg_at_1000": 0.81345,
        "map_at_1": 0.60887,
        "map_at_3": 0.72004,
        "map_at_5": 0.73477,
        "map_at_10": 0.74536,
        "map_at_20": 0.74872,
        "map_at_100": 0.75004,
        "map_at_1000": 0.75004,
        "recall_at_1": 0.60887,
        "recall_at_3": 0.81591,
        "recall_at_5": 0.87015,
        "recall_at_10": 0.9331,
        "recall_at_20": 0.96833,
        "recall_at_100": 1.0,
        "recall_at_1000": 1.0,
        "precision_at_1": 0.66271,
        "precision_at_3": 0.31037,
        "precision_at_5": 0.2,
        "precision_at_10": 0.10831,
        "precision_at_20": 0.05653,
        "precision_at_100": 0.01169,
        "precision_at_1000": 0.00117,
        "mrr_at_1": 0.686461,
        "mrr_at_3": 0.760095,
        "mrr_at_5": 0.770309,
        "mrr_at_10": 0.77724,
        "mrr_at_20": 0.779108,
        "mrr_at_100": 0.780049,
        "mrr_at_1000": 0.780049,
        "nauc_ndcg_at_1_max": 0.252948,
        "nauc_ndcg_at_1_std": -0.249821,
        "nauc_ndcg_at_1_diff1": 0.583306,
        "nauc_ndcg_at_3_max": 0.241787,
        "nauc_ndcg_at_3_std": -0.267268,
        "nauc_ndcg_at_3_diff1": 0.538493,
        "nauc_ndcg_at_5_max": 0.258081,
        "nauc_ndcg_at_5_std": -0.225747,
        "nauc_ndcg_at_5_diff1": 0.548399,
        "nauc_ndcg_at_10_max": 0.257531,
        "nauc_ndcg_at_10_std": -0.218108,
        "nauc_ndcg_at_10_diff1": 0.559714,
        "nauc_ndcg_at_20_max": 0.272462,
        "nauc_ndcg_at_20_std": -0.203314,
        "nauc_ndcg_at_20_diff1": 0.558776,
        "nauc_ndcg_at_100_max": 0.259518,
        "nauc_ndcg_at_100_std": -0.229867,
        "nauc_ndcg_at_100_diff1": 0.558945,
        "nauc_ndcg_at_1000_max": 0.259518,
        "nauc_ndcg_at_1000_std": -0.229867,
        "nauc_ndcg_at_1000_diff1": 0.558945,
        "nauc_map_at_1_max": 0.222171,
        "nauc_map_at_1_std": -0.252289,
        "nauc_map_at_1_diff1": 0.551844,
        "nauc_map_at_3_max": 0.238554,
        "nauc_map_at_3_std": -0.264943,
        "nauc_map_at_3_diff1": 0.555613,
        "nauc_map_at_5_max": 0.248961,
        "nauc_map_at_5_std": -0.243093,
        "nauc_map_at_5_diff1": 0.563621,
        "nauc_map_at_10_max": 0.249103,
        "nauc_map_at_10_std": -0.239772,
        "nauc_map_at_10_diff1": 0.567139,
        "nauc_map_at_20_max": 0.253447,
        "nauc_map_at_20_std": -0.234351,
        "nauc_map_at_20_diff1": 0.56612,
        "nauc_map_at_100_max": 0.251398,
        "nauc_map_at_100_std": -0.238517,
        "nauc_map_at_100_diff1": 0.565969,
        "nauc_map_at_1000_max": 0.251398,
        "nauc_map_at_1000_std": -0.238517,
        "nauc_map_at_1000_diff1": 0.565969,
        "nauc_recall_at_1_max": 0.222171,
        "nauc_recall_at_1_std": -0.252289,
        "nauc_recall_at_1_diff1": 0.551844,
        "nauc_recall_at_3_max": 0.213905,
        "nauc_recall_at_3_std": -0.282939,
        "nauc_recall_at_3_diff1": 0.466067,
        "nauc_recall_at_5_max": 0.261594,
        "nauc_recall_at_5_std": -0.137966,
        "nauc_recall_at_5_diff1": 0.471617,
        "nauc_recall_at_10_max": 0.264458,
        "nauc_recall_at_10_std": -0.014985,
        "nauc_recall_at_10_diff1": 0.521204,
        "nauc_recall_at_20_max": 0.570753,
        "nauc_recall_at_20_std": 0.428712,
        "nauc_recall_at_20_diff1": 0.522413,
        "nauc_recall_at_100_max": NaN,
        "nauc_recall_at_100_std": NaN,
        "nauc_recall_at_100_diff1": NaN,
        "nauc_recall_at_1000_max": NaN,
        "nauc_recall_at_1000_std": NaN,
        "nauc_recall_at_1000_diff1": NaN,
        "nauc_precision_at_1_max": 0.252948,
        "nauc_precision_at_1_std": -0.249821,
        "nauc_precision_at_1_diff1": 0.583306,
        "nauc_precision_at_3_max": 0.1005,
        "nauc_precision_at_3_std": -0.134137,
        "nauc_precision_at_3_diff1": 0.217526,
        "nauc_precision_at_5_max": 0.084197,
        "nauc_precision_at_5_std": -0.007975,
        "nauc_precision_at_5_diff1": 0.144041,
        "nauc_precision_at_10_max": 0.025652,
        "nauc_precision_at_10_std": 0.075546,
        "nauc_precision_at_10_diff1": 0.025011,
        "nauc_precision_at_20_max": 0.03135,
        "nauc_precision_at_20_std": 0.14951,
        "nauc_precision_at_20_diff1": -0.074888,
        "nauc_precision_at_100_max": -0.055054,
        "nauc_precision_at_100_std": 0.087888,
        "nauc_precision_at_100_diff1": -0.159721,
        "nauc_precision_at_1000_max": -0.055054,
        "nauc_precision_at_1000_std": 0.087888,
        "nauc_precision_at_1000_diff1": -0.159721,
        "nauc_mrr_at_1_max": 0.368288,
        "nauc_mrr_at_1_std": -0.149694,
        "nauc_mrr_at_1_diff1": 0.522991,
        "nauc_mrr_at_3_max": 0.342359,
        "nauc_mrr_at_3_std": -0.189995,
        "nauc_mrr_at_3_diff1": 0.507949,
        "nauc_mrr_at_5_max": 0.352173,
        "nauc_mrr_at_5_std": -0.165048,
        "nauc_mrr_at_5_diff1": 0.507715,
        "nauc_mrr_at_10_max": 0.352258,
        "nauc_mrr_at_10_std": -0.163344,
        "nauc_mrr_at_10_diff1": 0.510774,
        "nauc_mrr_at_20_max": 0.354832,
        "nauc_mrr_at_20_std": -0.160941,
        "nauc_mrr_at_20_diff1": 0.511328,
        "nauc_mrr_at_100_max": 0.354118,
        "nauc_mrr_at_100_std": -0.16354,
        "nauc_mrr_at_100_diff1": 0.51139,
        "nauc_mrr_at_1000_max": 0.354118,
        "nauc_mrr_at_1000_std": -0.16354,
        "nauc_mrr_at_1000_diff1": 0.51139,
        "main_score": 0.79702,
        "hf_subset": "korean",
        "languages": [
          "kor-Kore"
        ]
      }
    ]
  },
  "evaluation_time": 19.373539447784424,
  "kg_co2_emissions": null
}