{
  "dataset_revision": "d67138e705d963e346253a80e59676ddb418810a",
  "task_name": "MultiLongDocRetrieval",
  "mteb_version": "1.38.27",
  "scores": {
    "test": [
      {
        "ndcg_at_1": 0.72,
        "ndcg_at_3": 0.77417,
        "ndcg_at_5": 0.78041,
        "ndcg_at_10": 0.78374,
        "ndcg_at_20": 0.7889,
        "ndcg_at_100": 0.79719,
        "ndcg_at_1000": 0.80928,
        "map_at_1": 0.72,
        "map_at_3": 0.76167,
        "map_at_5": 0.76517,
        "map_at_10": 0.7666,
        "map_at_20": 0.76807,
        "map_at_100": 0.76919,
        "map_at_1000": 0.76956,
        "recall_at_1": 0.72,
        "recall_at_3": 0.81,
        "recall_at_5": 0.825,
        "recall_at_10": 0.835,
        "recall_at_20": 0.855,
        "recall_at_100": 0.9,
        "recall_at_1000": 1.0,
        "precision_at_1": 0.72,
        "precision_at_3": 0.27,
        "precision_at_5": 0.165,
        "precision_at_10": 0.0835,
        "precision_at_20": 0.04275,
        "precision_at_100": 0.009,
        "precision_at_1000": 0.001,
        "mrr_at_1": 0.735,
        "mrr_at_3": 0.77,
        "mrr_at_5": 0.7735,
        "mrr_at_10": 0.774929,
        "mrr_at_20": 0.776445,
        "mrr_at_100": 0.777576,
        "mrr_at_1000": 0.777955,
        "nauc_ndcg_at_1_max": 0.685936,
        "nauc_ndcg_at_1_std": -0.552713,
        "nauc_ndcg_at_1_diff1": 0.870335,
        "nauc_ndcg_at_3_max": 0.685863,
        "nauc_ndcg_at_3_std": -0.611243,
        "nauc_ndcg_at_3_diff1": 0.828371,
        "nauc_ndcg_at_5_max": 0.689296,
        "nauc_ndcg_at_5_std": -0.591182,
        "nauc_ndcg_at_5_diff1": 0.826878,
        "nauc_ndcg_at_10_max": 0.685962,
        "nauc_ndcg_at_10_std": -0.580364,
        "nauc_ndcg_at_10_diff1": 0.824464,
        "nauc_ndcg_at_20_max": 0.679894,
        "nauc_ndcg_at_20_std": -0.563498,
        "nauc_ndcg_at_20_diff1": 0.822409,
        "nauc_ndcg_at_100_max": 0.670265,
        "nauc_ndcg_at_100_std": -0.587952,
        "nauc_ndcg_at_100_diff1": 0.819122,
        "nauc_ndcg_at_1000_max": 0.677243,
        "nauc_ndcg_at_1000_std": -0.582024,
        "nauc_ndcg_at_1000_diff1": 0.828052,
        "nauc_map_at_1_max": 0.685936,
        "nauc_map_at_1_std": -0.552713,
        "nauc_map_at_1_diff1": 0.870335,
        "nauc_map_at_3_max": 0.683389,
        "nauc_map_at_3_std": -0.597182,
        "nauc_map_at_3_diff1": 0.839479,
        "nauc_map_at_5_max": 0.685212,
        "nauc_map_at_5_std": -0.585995,
        "nauc_map_at_5_diff1": 0.838907,
        "nauc_map_at_10_max": 0.683849,
        "nauc_map_at_10_std": -0.581622,
        "nauc_map_at_10_diff1": 0.838009,
        "nauc_map_at_20_max": 0.682317,
        "nauc_map_at_20_std": -0.576395,
        "nauc_map_at_20_diff1": 0.837583,
        "nauc_map_at_100_max": 0.680967,
        "nauc_map_at_100_std": -0.579992,
        "nauc_map_at_100_diff1": 0.837035,
        "nauc_map_at_1000_max": 0.681104,
        "nauc_map_at_1000_std": -0.579868,
        "nauc_map_at_1000_diff1": 0.837368,
        "nauc_recall_at_1_max": 0.685936,
        "nauc_recall_at_1_std": -0.552713,
        "nauc_recall_at_1_diff1": 0.870335,
        "nauc_recall_at_3_max": 0.695676,
        "nauc_recall_at_3_std": -0.658966,
        "nauc_recall_at_3_diff1": 0.790089,
        "nauc_recall_at_5_max": 0.706203,
        "nauc_recall_at_5_std": -0.606401,
        "nauc_recall_at_5_diff1": 0.782422,
        "nauc_recall_at_10_max": 0.694583,
        "nauc_recall_at_10_std": -0.566492,
        "nauc_recall_at_10_diff1": 0.770859,
        "nauc_recall_at_20_max": 0.662287,
        "nauc_recall_at_20_std": -0.483691,
        "nauc_recall_at_20_diff1": 0.752794,
        "nauc_recall_at_100_max": 0.564472,
        "nauc_recall_at_100_std": -0.680415,
        "nauc_recall_at_100_diff1": 0.698786,
        "nauc_recall_at_1000_max": NaN,
        "nauc_recall_at_1000_std": NaN,
        "nauc_recall_at_1000_diff1": NaN,
        "nauc_precision_at_1_max": 0.685936,
        "nauc_precision_at_1_std": -0.552713,
        "nauc_precision_at_1_diff1": 0.870335,
        "nauc_precision_at_3_max": 0.695676,
        "nauc_precision_at_3_std": -0.658966,
        "nauc_precision_at_3_diff1": 0.790089,
        "nauc_precision_at_5_max": 0.706203,
        "nauc_precision_at_5_std": -0.606401,
        "nauc_precision_at_5_diff1": 0.782422,
        "nauc_precision_at_10_max": 0.694583,
        "nauc_precision_at_10_std": -0.566492,
        "nauc_precision_at_10_diff1": 0.770859,
        "nauc_precision_at_20_max": 0.662287,
        "nauc_precision_at_20_std": -0.483691,
        "nauc_precision_at_20_diff1": 0.752794,
        "nauc_precision_at_100_max": 0.564472,
        "nauc_precision_at_100_std": -0.680415,
        "nauc_precision_at_100_diff1": 0.698786,
        "nauc_precision_at_1000_max": 1.0,
        "nauc_precision_at_1000_std": 1.0,
        "nauc_precision_at_1000_diff1": 1.0,
        "nauc_mrr_at_1_max": 0.762234,
        "nauc_mrr_at_1_std": -0.531694,
        "nauc_mrr_at_1_diff1": 0.846513,
        "nauc_mrr_at_3_max": 0.73514,
        "nauc_mrr_at_3_std": -0.581288,
        "nauc_mrr_at_3_diff1": 0.823713,
        "nauc_mrr_at_5_max": 0.737784,
        "nauc_mrr_at_5_std": -0.569538,
        "nauc_mrr_at_5_diff1": 0.82289,
        "nauc_mrr_at_10_max": 0.736701,
        "nauc_mrr_at_10_std": -0.564935,
        "nauc_mrr_at_10_diff1": 0.821869,
        "nauc_mrr_at_20_max": 0.735416,
        "nauc_mrr_at_20_std": -0.559212,
        "nauc_mrr_at_20_diff1": 0.821299,
        "nauc_mrr_at_100_max": 0.734246,
        "nauc_mrr_at_100_std": -0.562934,
        "nauc_mrr_at_100_diff1": 0.820629,
        "nauc_mrr_at_1000_max": 0.734489,
        "nauc_mrr_at_1000_std": -0.562777,
        "nauc_mrr_at_1000_diff1": 0.820941,
        "main_score": 0.78374,
        "hf_subset": "ko",
        "languages": [
          "kor-Hang"
        ]
      }
    ]
  },
  "evaluation_time": 12281.239779472351,
  "kg_co2_emissions": null
}