{
  "dataset_revision": "main",
  "task_name": "PublicHealthQA",
  "mteb_version": "1.38.27",
  "scores": {
    "test": [
      {
        "ndcg_at_1": 0.54545,
        "ndcg_at_3": 0.69264,
        "ndcg_at_5": 0.71387,
        "ndcg_at_10": 0.73496,
        "ndcg_at_20": 0.75447,
        "ndcg_at_100": 0.75714,
        "ndcg_at_1000": 0.75714,
        "map_at_1": 0.54545,
        "map_at_3": 0.65801,
        "map_at_5": 0.6697,
        "map_at_10": 0.67848,
        "map_at_20": 0.68372,
        "map_at_100": 0.68419,
        "map_at_1000": 0.68419,
        "recall_at_1": 0.54545,
        "recall_at_3": 0.79221,
        "recall_at_5": 0.84416,
        "recall_at_10": 0.90909,
        "recall_at_20": 0.98701,
        "recall_at_100": 1.0,
        "recall_at_1000": 1.0,
        "precision_at_1": 0.54545,
        "precision_at_3": 0.26407,
        "precision_at_5": 0.16883,
        "precision_at_10": 0.09091,
        "precision_at_20": 0.04935,
        "precision_at_100": 0.01,
        "precision_at_1000": 0.001,
        "mrr_at_1": 0.545455,
        "mrr_at_3": 0.658009,
        "mrr_at_5": 0.670346,
        "mrr_at_10": 0.679128,
        "mrr_at_20": 0.684374,
        "mrr_at_100": 0.684837,
        "mrr_at_1000": 0.684837,
        "nauc_ndcg_at_1_max": 0.333781,
        "nauc_ndcg_at_1_std": -0.288893,
        "nauc_ndcg_at_1_diff1": 0.616855,
        "nauc_ndcg_at_3_max": 0.248155,
        "nauc_ndcg_at_3_std": -0.389491,
        "nauc_ndcg_at_3_diff1": 0.530334,
        "nauc_ndcg_at_5_max": 0.245954,
        "nauc_ndcg_at_5_std": -0.365631,
        "nauc_ndcg_at_5_diff1": 0.540087,
        "nauc_ndcg_at_10_max": 0.287902,
        "nauc_ndcg_at_10_std": -0.313962,
        "nauc_ndcg_at_10_diff1": 0.524654,
        "nauc_ndcg_at_20_max": 0.299769,
        "nauc_ndcg_at_20_std": -0.315025,
        "nauc_ndcg_at_20_diff1": 0.566195,
        "nauc_ndcg_at_100_max": 0.290027,
        "nauc_ndcg_at_100_std": -0.329461,
        "nauc_ndcg_at_100_diff1": 0.56016,
        "nauc_ndcg_at_1000_max": 0.290027,
        "nauc_ndcg_at_1000_std": -0.329461,
        "nauc_ndcg_at_1000_diff1": 0.56016,
        "nauc_map_at_1_max": 0.333781,
        "nauc_map_at_1_std": -0.288893,
        "nauc_map_at_1_diff1": 0.616855,
        "nauc_map_at_3_max": 0.273249,
        "nauc_map_at_3_std": -0.35637,
        "nauc_map_at_3_diff1": 0.556555,
        "nauc_map_at_5_max": 0.273103,
        "nauc_map_at_5_std": -0.344758,
        "nauc_map_at_5_diff1": 0.563394,
        "nauc_map_at_10_max": 0.290725,
        "nauc_map_at_10_std": -0.326509,
        "nauc_map_at_10_diff1": 0.559328,
        "nauc_map_at_20_max": 0.29351,
        "nauc_map_at_20_std": -0.326505,
        "nauc_map_at_20_diff1": 0.568208,
        "nauc_map_at_100_max": 0.292188,
        "nauc_map_at_100_std": -0.328468,
        "nauc_map_at_100_diff1": 0.5674,
        "nauc_map_at_1000_max": 0.292188,
        "nauc_map_at_1000_std": -0.328468,
        "nauc_map_at_1000_diff1": 0.5674,
        "nauc_recall_at_1_max": 0.333781,
        "nauc_recall_at_1_std": -0.288893,
        "nauc_recall_at_1_diff1": 0.616855,
        "nauc_recall_at_3_max": 0.146274,
        "nauc_recall_at_3_std": -0.526111,
        "nauc_recall_at_3_diff1": 0.423369,
        "nauc_recall_at_5_max": 0.108261,
        "nauc_recall_at_5_std": -0.464753,
        "nauc_recall_at_5_diff1": 0.42183,
        "nauc_recall_at_10_max": 0.293809,
        "nauc_recall_at_10_std": -0.145114,
        "nauc_recall_at_10_diff1": 0.224091,
        "nauc_recall_at_20_max": 1.0,
        "nauc_recall_at_20_std": 0.722603,
        "nauc_recall_at_20_diff1": 1.0,
        "nauc_recall_at_100_max": NaN,
        "nauc_recall_at_100_std": NaN,
        "nauc_recall_at_100_diff1": NaN,
        "nauc_recall_at_1000_max": NaN,
        "nauc_recall_at_1000_std": NaN,
        "nauc_recall_at_1000_diff1": NaN,
        "nauc_precision_at_1_max": 0.333781,
        "nauc_precision_at_1_std": -0.288893,
        "nauc_precision_at_1_diff1": 0.616855,
        "nauc_precision_at_3_max": 0.146274,
        "nauc_precision_at_3_std": -0.526111,
        "nauc_precision_at_3_diff1": 0.423369,
        "nauc_precision_at_5_max": 0.108261,
        "nauc_precision_at_5_std": -0.464753,
        "nauc_precision_at_5_diff1": 0.42183,
        "nauc_precision_at_10_max": 0.293809,
        "nauc_precision_at_10_std": -0.145114,
        "nauc_precision_at_10_diff1": 0.224091,
        "nauc_precision_at_20_max": 1.0,
        "nauc_precision_at_20_std": 0.722603,
        "nauc_precision_at_20_diff1": 1.0,
        "nauc_precision_at_100_max": 1.0,
        "nauc_precision_at_100_std": 1.0,
        "nauc_precision_at_100_diff1": 1.0,
        "nauc_precision_at_1000_max": NaN,
        "nauc_precision_at_1000_std": NaN,
        "nauc_precision_at_1000_diff1": NaN,
        "nauc_mrr_at_1_max": 0.333781,
        "nauc_mrr_at_1_std": -0.288893,
        "nauc_mrr_at_1_diff1": 0.616855,
        "nauc_mrr_at_3_max": 0.273249,
        "nauc_mrr_at_3_std": -0.35637,
        "nauc_mrr_at_3_diff1": 0.556555,
        "nauc_mrr_at_5_max": 0.273381,
        "nauc_mrr_at_5_std": -0.341195,
        "nauc_mrr_at_5_diff1": 0.562449,
        "nauc_mrr_at_10_max": 0.291051,
        "nauc_mrr_at_10_std": -0.322795,
        "nauc_mrr_at_10_diff1": 0.558345,
        "nauc_mrr_at_20_max": 0.293849,
        "nauc_mrr_at_20_std": -0.322713,
        "nauc_mrr_at_20_diff1": 0.567225,
        "nauc_mrr_at_100_max": 0.292525,
        "nauc_mrr_at_100_std": -0.324673,
        "nauc_mrr_at_100_diff1": 0.566413,
        "nauc_mrr_at_1000_max": 0.292525,
        "nauc_mrr_at_1000_std": -0.324673,
        "nauc_mrr_at_1000_diff1": 0.566413,
        "main_score": 0.73496,
        "hf_subset": "korean",
        "languages": [
          "kor-Hang"
        ]
      }
    ]
  },
  "evaluation_time": 9.34614109992981,
  "kg_co2_emissions": null
}