{
  "dataset_revision": "main",
  "task_name": "PublicHealthQA",
  "mteb_version": "1.38.30",
  "scores": {
    "test": [
      {
        "ndcg_at_1": 0.35065,
        "ndcg_at_3": 0.44558,
        "ndcg_at_5": 0.46179,
        "ndcg_at_10": 0.47817,
        "ndcg_at_20": 0.4883,
        "ndcg_at_100": 0.49117,
        "ndcg_at_1000": 0.49117,
        "map_at_1": 0.35065,
        "map_at_3": 0.42424,
        "map_at_5": 0.43333,
        "map_at_10": 0.43986,
        "map_at_20": 0.44278,
        "map_at_100": 0.44337,
        "map_at_1000": 0.44337,
        "recall_at_1": 0.35065,
        "recall_at_3": 0.50649,
        "recall_at_5": 0.54545,
        "recall_at_10": 0.5974,
        "recall_at_20": 0.63636,
        "recall_at_100": 0.64935,
        "recall_at_1000": 0.64935,
        "precision_at_1": 0.35065,
        "precision_at_3": 0.16883,
        "precision_at_5": 0.10909,
        "precision_at_10": 0.05974,
        "precision_at_20": 0.03182,
        "precision_at_100": 0.00649,
        "precision_at_1000": 0.00065,
        "mrr_at_1": 0.363636,
        "mrr_at_3": 0.428571,
        "mrr_at_5": 0.44026,
        "mrr_at_10": 0.444625,
        "mrr_at_20": 0.447616,
        "mrr_at_100": 0.448206,
        "mrr_at_1000": 0.448206,
        "nauc_ndcg_at_1_max": 0.414773,
        "nauc_ndcg_at_1_std": 0.062489,
        "nauc_ndcg_at_1_diff1": 0.597189,
        "nauc_ndcg_at_3_max": 0.462159,
        "nauc_ndcg_at_3_std": 0.118631,
        "nauc_ndcg_at_3_diff1": 0.516734,
        "nauc_ndcg_at_5_max": 0.517744,
        "nauc_ndcg_at_5_std": 0.183085,
        "nauc_ndcg_at_5_diff1": 0.53777,
        "nauc_ndcg_at_10_max": 0.503489,
        "nauc_ndcg_at_10_std": 0.19444,
        "nauc_ndcg_at_10_diff1": 0.505133,
        "nauc_ndcg_at_20_max": 0.522202,
        "nauc_ndcg_at_20_std": 0.220647,
        "nauc_ndcg_at_20_diff1": 0.517889,
        "nauc_ndcg_at_100_max": 0.517185,
        "nauc_ndcg_at_100_std": 0.218607,
        "nauc_ndcg_at_100_diff1": 0.511713,
        "nauc_ndcg_at_1000_max": 0.517185,
        "nauc_ndcg_at_1000_std": 0.218607,
        "nauc_ndcg_at_1000_diff1": 0.511713,
        "nauc_map_at_1_max": 0.414773,
        "nauc_map_at_1_std": 0.062489,
        "nauc_map_at_1_diff1": 0.597189,
        "nauc_map_at_3_max": 0.450316,
        "nauc_map_at_3_std": 0.10366,
        "nauc_map_at_3_diff1": 0.534333,
        "nauc_map_at_5_max": 0.48095,
        "nauc_map_at_5_std": 0.138958,
        "nauc_map_at_5_diff1": 0.546272,
        "nauc_map_at_10_max": 0.475302,
        "nauc_map_at_10_std": 0.143414,
        "nauc_map_at_10_diff1": 0.533281,
        "nauc_map_at_20_max": 0.480907,
        "nauc_map_at_20_std": 0.151019,
        "nauc_map_at_20_diff1": 0.537094,
        "nauc_map_at_100_max": 0.479872,
        "nauc_map_at_100_std": 0.150548,
        "nauc_map_at_100_diff1": 0.535887,
        "nauc_map_at_1000_max": 0.479872,
        "nauc_map_at_1000_std": 0.150548,
        "nauc_map_at_1000_diff1": 0.535887,
        "nauc_recall_at_1_max": 0.414773,
        "nauc_recall_at_1_std": 0.062489,
        "nauc_recall_at_1_diff1": 0.597189,
        "nauc_recall_at_3_max": 0.496756,
        "nauc_recall_at_3_std": 0.162743,
        "nauc_recall_at_3_diff1": 0.466338,
        "nauc_recall_at_5_max": 0.636459,
        "nauc_recall_at_5_std": 0.325818,
        "nauc_recall_at_5_diff1": 0.515958,
        "nauc_recall_at_10_max": 0.594021,
        "nauc_recall_at_10_std": 0.37089,
        "nauc_recall_at_10_diff1": 0.405472,
        "nauc_recall_at_20_max": 0.67804,
        "nauc_recall_at_20_std": 0.493822,
        "nauc_recall_at_20_diff1": 0.452883,
        "nauc_recall_at_100_max": 0.655736,
        "nauc_recall_at_100_std": 0.490022,
        "nauc_recall_at_100_diff1": 0.418976,
        "nauc_recall_at_1000_max": 0.655736,
        "nauc_recall_at_1000_std": 0.490022,
        "nauc_recall_at_1000_diff1": 0.418976,
        "nauc_precision_at_1_max": 0.414773,
        "nauc_precision_at_1_std": 0.062489,
        "nauc_precision_at_1_diff1": 0.597189,
        "nauc_precision_at_3_max": 0.496756,
        "nauc_precision_at_3_std": 0.162743,
        "nauc_precision_at_3_diff1": 0.466338,
        "nauc_precision_at_5_max": 0.636459,
        "nauc_precision_at_5_std": 0.325818,
        "nauc_precision_at_5_diff1": 0.515958,
        "nauc_precision_at_10_max": 0.594021,
        "nauc_precision_at_10_std": 0.37089,
        "nauc_precision_at_10_diff1": 0.405472,
        "nauc_precision_at_20_max": 0.67804,
        "nauc_precision_at_20_std": 0.493822,
        "nauc_precision_at_20_diff1": 0.452883,
        "nauc_precision_at_100_max": 0.655736,
        "nauc_precision_at_100_std": 0.490022,
        "nauc_precision_at_100_diff1": 0.418976,
        "nauc_precision_at_1000_max": 0.655736,
        "nauc_precision_at_1000_std": 0.490022,
        "nauc_precision_at_1000_diff1": 0.418976,
        "nauc_mrr_at_1_max": 0.475607,
        "nauc_mrr_at_1_std": 0.125472,
        "nauc_mrr_at_1_diff1": 0.556932,
        "nauc_mrr_at_3_max": 0.482688,
        "nauc_mrr_at_3_std": 0.12801,
        "nauc_mrr_at_3_diff1": 0.517253,
        "nauc_mrr_at_5_max": 0.512206,
        "nauc_mrr_at_5_std": 0.165078,
        "nauc_mrr_at_5_diff1": 0.522937,
        "nauc_mrr_at_10_max": 0.507879,
        "nauc_mrr_at_10_std": 0.168284,
        "nauc_mrr_at_10_diff1": 0.514912,
        "nauc_mrr_at_20_max": 0.513651,
        "nauc_mrr_at_20_std": 0.175975,
        "nauc_mrr_at_20_diff1": 0.518535,
        "nauc_mrr_at_100_max": 0.512651,
        "nauc_mrr_at_100_std": 0.175529,
        "nauc_mrr_at_100_diff1": 0.517314,
        "nauc_mrr_at_1000_max": 0.512651,
        "nauc_mrr_at_1000_std": 0.175529,
        "nauc_mrr_at_1000_diff1": 0.517314,
        "main_score": 0.47817,
        "hf_subset": "korean",
        "languages": [
          "kor-Hang"
        ]
      }
    ]
  },
  "evaluation_time": 5.669243335723877,
  "kg_co2_emissions": null
}