{
  "dataset_revision": "c99d599f0a6ab9b85b065da6f9d94f9cf731679f",
  "task_name": "XPQARetrieval",
  "mteb_version": "1.38.27",
  "scores": {
    "test": [
      {
        "ndcg_at_1": 0.2263,
        "ndcg_at_3": 0.25377,
        "ndcg_at_5": 0.27694,
        "ndcg_at_10": 0.30341,
        "ndcg_at_20": 0.32821,
        "ndcg_at_100": 0.3839,
        "ndcg_at_1000": 0.41774,
        "map_at_1": 0.15703,
        "map_at_3": 0.22841,
        "map_at_5": 0.24464,
        "map_at_10": 0.25687,
        "map_at_20": 0.2643,
        "map_at_100": 0.27331,
        "map_at_1000": 0.27492,
        "recall_at_1": 0.15703,
        "recall_at_3": 0.2749,
        "recall_at_5": 0.33175,
        "recall_at_10": 0.40247,
        "recall_at_20": 0.48932,
        "recall_at_100": 0.75803,
        "recall_at_1000": 1.0,
        "precision_at_1": 0.2263,
        "precision_at_3": 0.14322,
        "precision_at_5": 0.10398,
        "precision_at_10": 0.06391,
        "precision_at_20": 0.0393,
        "precision_at_100": 0.01219,
        "precision_at_1000": 0.00156,
        "mrr_at_1": 0.223242,
        "mrr_at_3": 0.269113,
        "mrr_at_5": 0.282263,
        "mrr_at_10": 0.293666,
        "mrr_at_20": 0.300198,
        "mrr_at_100": 0.306325,
        "mrr_at_1000": 0.307294,
        "nauc_ndcg_at_1_max": 0.191274,
        "nauc_ndcg_at_1_std": -0.198857,
        "nauc_ndcg_at_1_diff1": 0.446175,
        "nauc_ndcg_at_3_max": 0.160448,
        "nauc_ndcg_at_3_std": -0.200381,
        "nauc_ndcg_at_3_diff1": 0.369279,
        "nauc_ndcg_at_5_max": 0.149987,
        "nauc_ndcg_at_5_std": -0.201435,
        "nauc_ndcg_at_5_diff1": 0.351511,
        "nauc_ndcg_at_10_max": 0.137423,
        "nauc_ndcg_at_10_std": -0.213008,
        "nauc_ndcg_at_10_diff1": 0.338153,
        "nauc_ndcg_at_20_max": 0.129828,
        "nauc_ndcg_at_20_std": -0.219319,
        "nauc_ndcg_at_20_diff1": 0.326115,
        "nauc_ndcg_at_100_max": 0.150274,
        "nauc_ndcg_at_100_std": -0.183801,
        "nauc_ndcg_at_100_diff1": 0.315145,
        "nauc_ndcg_at_1000_max": 0.156752,
        "nauc_ndcg_at_1000_std": -0.188703,
        "nauc_ndcg_at_1000_diff1": 0.336908,
        "nauc_map_at_1_max": 0.146146,
        "nauc_map_at_1_std": -0.172561,
        "nauc_map_at_1_diff1": 0.467936,
        "nauc_map_at_3_max": 0.168447,
        "nauc_map_at_3_std": -0.190438,
        "nauc_map_at_3_diff1": 0.38007,
        "nauc_map_at_5_max": 0.161109,
        "nauc_map_at_5_std": -0.1939,
        "nauc_map_at_5_diff1": 0.366921,
        "nauc_map_at_10_max": 0.15533,
        "nauc_map_at_10_std": -0.200412,
        "nauc_map_at_10_diff1": 0.360163,
        "nauc_map_at_20_max": 0.152538,
        "nauc_map_at_20_std": -0.202775,
        "nauc_map_at_20_diff1": 0.356624,
        "nauc_map_at_100_max": 0.156469,
        "nauc_map_at_100_std": -0.197047,
        "nauc_map_at_100_diff1": 0.354792,
        "nauc_map_at_1000_max": 0.157137,
        "nauc_map_at_1000_std": -0.196564,
        "nauc_map_at_1000_diff1": 0.355605,
        "nauc_recall_at_1_max": 0.146146,
        "nauc_recall_at_1_std": -0.172561,
        "nauc_recall_at_1_diff1": 0.467936,
        "nauc_recall_at_3_max": 0.137372,
        "nauc_recall_at_3_std": -0.193759,
        "nauc_recall_at_3_diff1": 0.317164,
        "nauc_recall_at_5_max": 0.107419,
        "nauc_recall_at_5_std": -0.201819,
        "nauc_recall_at_5_diff1": 0.280337,
        "nauc_recall_at_10_max": 0.076534,
        "nauc_recall_at_10_std": -0.231041,
        "nauc_recall_at_10_diff1": 0.251635,
        "nauc_recall_at_20_max": 0.0425,
        "nauc_recall_at_20_std": -0.258188,
        "nauc_recall_at_20_diff1": 0.208987,
        "nauc_recall_at_100_max": 0.10672,
        "nauc_recall_at_100_std": -0.080717,
        "nauc_recall_at_100_diff1": 0.094361,
        "nauc_recall_at_1000_max": NaN,
        "nauc_recall_at_1000_std": NaN,
        "nauc_recall_at_1000_diff1": NaN,
        "nauc_precision_at_1_max": 0.191274,
        "nauc_precision_at_1_std": -0.198857,
        "nauc_precision_at_1_diff1": 0.446175,
        "nauc_precision_at_3_max": 0.18826,
        "nauc_precision_at_3_std": -0.194659,
        "nauc_precision_at_3_diff1": 0.268235,
        "nauc_precision_at_5_max": 0.158243,
        "nauc_precision_at_5_std": -0.187706,
        "nauc_precision_at_5_diff1": 0.223947,
        "nauc_precision_at_10_max": 0.122032,
        "nauc_precision_at_10_std": -0.194801,
        "nauc_precision_at_10_diff1": 0.177103,
        "nauc_precision_at_20_max": 0.110343,
        "nauc_precision_at_20_std": -0.166942,
        "nauc_precision_at_20_diff1": 0.120995,
        "nauc_precision_at_100_max": 0.152521,
        "nauc_precision_at_100_std": 0.041861,
        "nauc_precision_at_100_diff1": -0.011109,
        "nauc_precision_at_1000_max": 0.153886,
        "nauc_precision_at_1000_std": 0.107418,
        "nauc_precision_at_1000_diff1": -0.035764,
        "nauc_mrr_at_1_max": 0.19212,
        "nauc_mrr_at_1_std": -0.207472,
        "nauc_mrr_at_1_diff1": 0.458836,
        "nauc_mrr_at_3_max": 0.174644,
        "nauc_mrr_at_3_std": -0.212354,
        "nauc_mrr_at_3_diff1": 0.406109,
        "nauc_mrr_at_5_max": 0.168082,
        "nauc_mrr_at_5_std": -0.210782,
        "nauc_mrr_at_5_diff1": 0.393356,
        "nauc_mrr_at_10_max": 0.163505,
        "nauc_mrr_at_10_std": -0.21411,
        "nauc_mrr_at_10_diff1": 0.389208,
        "nauc_mrr_at_20_max": 0.16187,
        "nauc_mrr_at_20_std": -0.215274,
        "nauc_mrr_at_20_diff1": 0.386055,
        "nauc_mrr_at_100_max": 0.16406,
        "nauc_mrr_at_100_std": -0.212372,
        "nauc_mrr_at_100_diff1": 0.385809,
        "nauc_mrr_at_1000_max": 0.164034,
        "nauc_mrr_at_1000_std": -0.212663,
        "nauc_mrr_at_1000_diff1": 0.386516,
        "main_score": 0.30341,
        "hf_subset": "kor-kor",
        "languages": [
          "kor-Hang",
          "kor-Hang"
        ]
      },
      {
        "ndcg_at_1": 0.16667,
        "ndcg_at_3": 0.16488,
        "ndcg_at_5": 0.17744,
        "ndcg_at_10": 0.19839,
        "ndcg_at_20": 0.21725,
        "ndcg_at_100": 0.26429,
        "ndcg_at_1000": 0.30746,
        "map_at_1": 0.08333,
        "map_at_3": 0.12966,
        "map_at_5": 0.14402,
        "map_at_10": 0.15393,
        "map_at_20": 0.16059,
        "map_at_100": 0.16786,
        "map_at_1000": 0.16995,
        "recall_at_1": 0.08333,
        "recall_at_3": 0.1607,
        "recall_at_5": 0.20319,
        "recall_at_10": 0.25831,
        "recall_at_20": 0.31814,
        "recall_at_100": 0.53471,
        "recall_at_1000": 0.8252,
        "precision_at_1": 0.16667,
        "precision_at_3": 0.11366,
        "precision_at_5": 0.08838,
        "precision_at_10": 0.05474,
        "precision_at_20": 0.03402,
        "precision_at_100": 0.01113,
        "precision_at_1000": 0.00165,
        "mrr_at_1": 0.168196,
        "mrr_at_3": 0.203874,
        "mrr_at_5": 0.214577,
        "mrr_at_10": 0.222048,
        "mrr_at_20": 0.227177,
        "mrr_at_100": 0.232745,
        "mrr_at_1000": 0.233883,
        "nauc_ndcg_at_1_max": 0.261132,
        "nauc_ndcg_at_1_std": -0.180801,
        "nauc_ndcg_at_1_diff1": 0.453237,
        "nauc_ndcg_at_3_max": 0.232319,
        "nauc_ndcg_at_3_std": -0.173936,
        "nauc_ndcg_at_3_diff1": 0.373653,
        "nauc_ndcg_at_5_max": 0.222881,
        "nauc_ndcg_at_5_std": -0.177108,
        "nauc_ndcg_at_5_diff1": 0.343923,
        "nauc_ndcg_at_10_max": 0.216561,
        "nauc_ndcg_at_10_std": -0.176211,
        "nauc_ndcg_at_10_diff1": 0.336809,
        "nauc_ndcg_at_20_max": 0.2153,
        "nauc_ndcg_at_20_std": -0.17199,
        "nauc_ndcg_at_20_diff1": 0.330259,
        "nauc_ndcg_at_100_max": 0.228734,
        "nauc_ndcg_at_100_std": -0.141761,
        "nauc_ndcg_at_100_diff1": 0.31682,
        "nauc_ndcg_at_1000_max": 0.232399,
        "nauc_ndcg_at_1000_std": -0.138166,
        "nauc_ndcg_at_1000_diff1": 0.323741,
        "nauc_map_at_1_max": 0.221703,