{
  "dataset_revision": "c99d599f0a6ab9b85b065da6f9d94f9cf731679f",
  "task_name": "XPQARetrieval",
  "mteb_version": "1.38.30",
  "scores": {
    "test": [
      {
        "ndcg_at_1": 0.31346,
        "ndcg_at_3": 0.36624,
        "ndcg_at_5": 0.40001,
        "ndcg_at_10": 0.44949,
        "ndcg_at_20": 0.4936,
        "ndcg_at_100": 0.54314,
        "ndcg_at_1000": 0.54314,
        "map_at_1": 0.22041,
        "map_at_3": 0.32867,
        "map_at_5": 0.35453,
        "map_at_10": 0.37817,
        "map_at_20": 0.39334,
        "map_at_100": 0.40324,
        "map_at_1000": 0.40324,
        "recall_at_1": 0.22041,
        "recall_at_3": 0.40255,
        "recall_at_5": 0.48344,
        "recall_at_10": 0.61919,
        "recall_at_20": 0.77217,
        "recall_at_100": 1.0,
        "recall_at_1000": 1.0,
        "precision_at_1": 0.31346,
        "precision_at_3": 0.20948,
        "precision_at_5": 0.15352,
        "precision_at_10": 0.09908,
        "precision_at_20": 0.06216,
        "precision_at_100": 0.01564,
        "precision_at_1000": 0.00156,
        "mrr_at_1": 0.32263,
        "mrr_at_3": 0.391182,
        "mrr_at_5": 0.408537,
        "mrr_at_10": 0.426076,
        "mrr_at_20": 0.435302,
        "mrr_at_100": 0.441378,
        "mrr_at_1000": 0.441378,
        "nauc_ndcg_at_1_max": 0.135072,
        "nauc_ndcg_at_1_std": -0.086944,
        "nauc_ndcg_at_1_diff1": 0.477539,
        "nauc_ndcg_at_3_max": 0.072037,
        "nauc_ndcg_at_3_std": -0.091149,
        "nauc_ndcg_at_3_diff1": 0.39607,
        "nauc_ndcg_at_5_max": 0.060544,
        "nauc_ndcg_at_5_std": -0.088478,
        "nauc_ndcg_at_5_diff1": 0.37572,
        "nauc_ndcg_at_10_max": 0.067445,
        "nauc_ndcg_at_10_std": -0.070899,
        "nauc_ndcg_at_10_diff1": 0.381684,
        "nauc_ndcg_at_20_max": 0.091875,
        "nauc_ndcg_at_20_std": -0.049576,
        "nauc_ndcg_at_20_diff1": 0.395924,
        "nauc_ndcg_at_100_max": 0.098587,
        "nauc_ndcg_at_100_std": -0.067148,
        "nauc_ndcg_at_100_diff1": 0.401179,
        "nauc_ndcg_at_1000_max": 0.098587,
        "nauc_ndcg_at_1000_std": -0.067148,
        "nauc_ndcg_at_1000_diff1": 0.401179,
        "nauc_map_at_1_max": 0.094791,
        "nauc_map_at_1_std": -0.141786,
        "nauc_map_at_1_diff1": 0.483153,
        "nauc_map_at_3_max": 0.090029,
        "nauc_map_at_3_std": -0.094753,
        "nauc_map_at_3_diff1": 0.395455,
        "nauc_map_at_5_max": 0.081589,
        "nauc_map_at_5_std": -0.090305,
        "nauc_map_at_5_diff1": 0.386432,
        "nauc_map_at_10_max": 0.082675,
        "nauc_map_at_10_std": -0.081889,
        "nauc_map_at_10_diff1": 0.389343,
        "nauc_map_at_20_max": 0.091143,
        "nauc_map_at_20_std": -0.074391,
        "nauc_map_at_20_diff1": 0.394743,
        "nauc_map_at_100_max": 0.093872,
        "nauc_map_at_100_std": -0.076986,
        "nauc_map_at_100_diff1": 0.395496,
        "nauc_map_at_1000_max": 0.093872,
        "nauc_map_at_1000_std": -0.076986,
        "nauc_map_at_1000_diff1": 0.395496,
        "nauc_recall_at_1_max": 0.094791,
        "nauc_recall_at_1_std": -0.141786,
        "nauc_recall_at_1_diff1": 0.483153,
        "nauc_recall_at_3_max": 0.021385,
        "nauc_recall_at_3_std": -0.099679,
        "nauc_recall_at_3_diff1": 0.333802,
        "nauc_recall_at_5_max": -0.013075,
        "nauc_recall_at_5_std": -0.093001,
        "nauc_recall_at_5_diff1": 0.293681,
        "nauc_recall_at_10_max": -0.007003,
        "nauc_recall_at_10_std": -0.048075,
        "nauc_recall_at_10_diff1": 0.300622,
        "nauc_recall_at_20_max": 0.065444,
        "nauc_recall_at_20_std": 0.05585,
        "nauc_recall_at_20_diff1": 0.33644,
        "nauc_recall_at_100_max": NaN,
        "nauc_recall_at_100_std": NaN,
        "nauc_recall_at_100_diff1": NaN,
        "nauc_recall_at_1000_max": NaN,
        "nauc_recall_at_1000_std": NaN,
        "nauc_recall_at_1000_diff1": NaN,
        "nauc_precision_at_1_max": 0.135072,
        "nauc_precision_at_1_std": -0.086944,
        "nauc_precision_at_1_diff1": 0.477539,
        "nauc_precision_at_3_max": 0.094271,
        "nauc_precision_at_3_std": -0.001302,
        "nauc_precision_at_3_diff1": 0.242126,
        "nauc_precision_at_5_max": 0.070769,
        "nauc_precision_at_5_std": 0.019793,
        "nauc_precision_at_5_diff1": 0.186633,
        "nauc_precision_at_10_max": 0.082467,
        "nauc_precision_at_10_std": 0.071722,
        "nauc_precision_at_10_diff1": 0.148237,
        "nauc_precision_at_20_max": 0.152169,
        "nauc_precision_at_20_std": 0.143509,
        "nauc_precision_at_20_diff1": 0.120773,
        "nauc_precision_at_100_max": 0.180781,
        "nauc_precision_at_100_std": 0.12436,
        "nauc_precision_at_100_diff1": 0.00537,
        "nauc_precision_at_1000_max": 0.180781,
        "nauc_precision_at_1000_std": 0.12436,
        "nauc_precision_at_1000_diff1": 0.00537,
        "nauc_mrr_at_1_max": 0.125434,
        "nauc_mrr_at_1_std": -0.077681,
        "nauc_mrr_at_1_diff1": 0.449128,
        "nauc_mrr_at_3_max": 0.08497,
        "nauc_mrr_at_3_std": -0.081797,
        "nauc_mrr_at_3_diff1": 0.425288,
        "nauc_mrr_at_5_max": 0.084327,
        "nauc_mrr_at_5_std": -0.07481,
        "nauc_mrr_at_5_diff1": 0.413143,
        "nauc_mrr_at_10_max": 0.090315,
        "nauc_mrr_at_10_std": -0.068303,
        "nauc_mrr_at_10_diff1": 0.415764,
        "nauc_mrr_at_20_max": 0.094025,
        "nauc_mrr_at_20_std": -0.065999,
        "nauc_mrr_at_20_diff1": 0.418484,
        "nauc_mrr_at_100_max": 0.09212,
        "nauc_mrr_at_100_std": -0.068532,
        "nauc_mrr_at_100_diff1": 0.418774,
        "nauc_mrr_at_1000_max": 0.09212,
        "nauc_mrr_at_1000_std": -0.068532,
        "nauc_mrr_at_1000_diff1": 0.418774,
        "main_score": 0.44949,
        "hf_subset": "kor-kor",
        "languages": [
          "kor-Hang",
          "kor-Hang"
        ]
      },
      {
        "ndcg_at_1": 0.03211,
        "ndcg_at_3": 0.02936,
        "ndcg_at_5": 0.03046,
        "ndcg_at_10": 0.03339,
        "ndcg_at_20": 0.0363,
        "ndcg_at_100": 0.03659,
        "ndcg_at_1000": 0.03659,
        "map_at_1": 0.01743,
        "map_at_3": 0.02288,
        "map_at_5": 0.02381,
        "map_at_10": 0.02498,
        "map_at_20": 0.02575,
        "map_at_100": 0.02579,
        "map_at_1000": 0.02579,
        "recall_at_1": 0.01743,
        "recall_at_3": 0.02964,
        "recall_at_5": 0.03397,
        "recall_at_10": 0.04141,
        "recall_at_20": 0.05199,
        "recall_at_100": 0.05306,
        "recall_at_1000": 0.05306,
        "precision_at_1": 0.03211,
        "precision_at_3": 0.01835,
        "precision_at_5": 0.01284,
        "precision_at_10": 0.0078,
        "precision_at_20": 0.00466,
        "precision_at_100": 0.00096,
        "precision_at_1000": 0.0001,
        "mrr_at_1": 0.03211,
        "mrr_at_3": 0.04001,
        "mrr_at_5": 0.041998,
        "mrr_at_10": 0.04375,
        "mrr_at_20": 0.0447,
        "mrr_at_100": 0.04479,
        "mrr_at_1000": 0.04479,
        "nauc_ndcg_at_1_max": 0.370759,
        "nauc_ndcg_at_1_std": -0.048566,
        "nauc_ndcg_at_1_diff1": 0.480475,
        "nauc_ndcg_at_3_max": 0.255202,
        "nauc_ndcg_at_3_std": -0.030159,
        "nauc_ndcg_at_3_diff1": 0.361555,
        "nauc_ndcg_at_5_max": 0.257641,
        "nauc_ndcg_at_5_std": -0.002536,
        "nauc_ndcg_at_5_diff1": 0.318251,
        "nauc_ndcg_at_10_max": 0.241044,
        "nauc_ndcg_at_10_std": 0.012531,
        "nauc_ndcg_at_10_diff1": 0.274043,
        "nauc_ndcg_at_20_max": 0.24236,
        "nauc_ndcg_at_20_std": 0.038512,
        "nauc_ndcg_at_20_diff1": 0.265531,
        "nauc_ndcg_at_100_max": 0.244816,
        "nauc_ndcg_at_100_std": 0.042578,
        "nauc_ndcg_at_100_diff1": 0.2633,
        "nauc_ndcg_at_1000_max": 0.244816,
        "nauc_ndcg_at_1000_std": 0.042578,
        "nauc_ndcg_at_1000_diff1": 0.2633,
        "nauc_map_at_1_max": 0.276069,
        "nauc_map_at_1_std": -0.062336,