{
  "dataset_revision": "fd7df84ac089bbec763b1c6bb1b56e985df5cc5c",
  "task_name": "AutoRAGRetrieval",
  "mteb_version": "1.38.56",
  "scores": {
    "test": [
      {
        "ndcg_at_1": 0.89474,
        "ndcg_at_3": 0.95885,
        "ndcg_at_5": 0.95885,
        "ndcg_at_10": 0.95885,
        "ndcg_at_20": 0.95885,
        "ndcg_at_100": 0.95885,
        "ndcg_at_1000": 0.95885,
        "map_at_1": 0.89474,
        "map_at_3": 0.94444,
        "map_at_5": 0.94444,
        "map_at_10": 0.94444,
        "map_at_20": 0.94444,
        "map_at_100": 0.94444,
        "map_at_1000": 0.94444,
        "recall_at_1": 0.89474,
        "recall_at_3": 1.0,
        "recall_at_5": 1.0,
        "recall_at_10": 1.0,
        "recall_at_20": 1.0,
        "recall_at_100": 1.0,
        "recall_at_1000": 1.0,
        "precision_at_1": 0.89474,
        "precision_at_3": 0.33333,
        "precision_at_5": 0.2,
        "precision_at_10": 0.1,
        "precision_at_20": 0.05,
        "precision_at_100": 0.01,
        "precision_at_1000": 0.001,
        "mrr_at_1": 0.929825,
        "mrr_at_3": 0.961988,
        "mrr_at_5": 0.961988,
        "mrr_at_10": 0.961988,
        "mrr_at_20": 0.961988,
        "mrr_at_100": 0.961988,
        "mrr_at_1000": 0.961988,
        "nauc_ndcg_at_1_max": -0.015236,
        "nauc_ndcg_at_1_std": -1.054805,
        "nauc_ndcg_at_1_diff1": 0.915717,
        "nauc_ndcg_at_3_max": 0.001221,
        "nauc_ndcg_at_3_std": -1.043556,
        "nauc_ndcg_at_3_diff1": 0.912642,
        "nauc_ndcg_at_5_max": 0.001221,
        "nauc_ndcg_at_5_std": -1.043556,
        "nauc_ndcg_at_5_diff1": 0.912642,
        "nauc_ndcg_at_10_max": 0.001221,
        "nauc_ndcg_at_10_std": -1.043556,
        "nauc_ndcg_at_10_diff1": 0.912642,
        "nauc_ndcg_at_20_max": 0.001221,
        "nauc_ndcg_at_20_std": -1.043556,
        "nauc_ndcg_at_20_diff1": 0.912642,
        "nauc_ndcg_at_100_max": 0.001221,
        "nauc_ndcg_at_100_std": -1.043556,
        "nauc_ndcg_at_100_diff1": 0.912642,
        "nauc_ndcg_at_1000_max": 0.001221,
        "nauc_ndcg_at_1000_std": -1.043556,
        "nauc_ndcg_at_1000_diff1": 0.912642,
        "nauc_map_at_1_max": -0.015236,
        "nauc_map_at_1_std": -1.054805,
        "nauc_map_at_1_diff1": 0.915717,
        "nauc_map_at_3_max": 0.00028,
        "nauc_map_at_3_std": -1.044199,
        "nauc_map_at_3_diff1": 0.912818,
        "nauc_map_at_5_max": 0.00028,
        "nauc_map_at_5_std": -1.044199,
        "nauc_map_at_5_diff1": 0.912818,
        "nauc_map_at_10_max": 0.00028,
        "nauc_map_at_10_std": -1.044199,
        "nauc_map_at_10_diff1": 0.912818,
        "nauc_map_at_20_max": 0.00028,
        "nauc_map_at_20_std": -1.044199,
        "nauc_map_at_20_diff1": 0.912818,
        "nauc_map_at_100_max": 0.00028,
        "nauc_map_at_100_std": -1.044199,
        "nauc_map_at_100_diff1": 0.912818,
        "nauc_map_at_1000_max": 0.00028,
        "nauc_map_at_1000_std": -1.044199,
        "nauc_map_at_1000_diff1": 0.912818,
        "nauc_recall_at_1_max": -0.015236,
        "nauc_recall_at_1_std": -1.054805,
        "nauc_recall_at_1_diff1": 0.915717,
        "nauc_recall_at_3_max": NaN,
        "nauc_recall_at_3_std": NaN,
        "nauc_recall_at_3_diff1": NaN,
        "nauc_recall_at_5_max": NaN,
        "nauc_recall_at_5_std": NaN,
        "nauc_recall_at_5_diff1": NaN,
        "nauc_recall_at_10_max": NaN,
        "nauc_recall_at_10_std": NaN,
        "nauc_recall_at_10_diff1": NaN,
        "nauc_recall_at_20_max": NaN,
        "nauc_recall_at_20_std": NaN,
        "nauc_recall_at_20_diff1": NaN,
        "nauc_recall_at_100_max": NaN,
        "nauc_recall_at_100_std": NaN,
        "nauc_recall_at_100_diff1": NaN,
        "nauc_recall_at_1000_max": NaN,
        "nauc_recall_at_1000_std": NaN,
        "nauc_recall_at_1000_diff1": NaN,
        "nauc_precision_at_1_max": -0.015236,
        "nauc_precision_at_1_std": -1.054805,
        "nauc_precision_at_1_diff1": 0.915717,
        "nauc_precision_at_3_max": 1.0,
        "nauc_precision_at_3_std": 1.0,
        "nauc_precision_at_3_diff1": 1.0,
        "nauc_precision_at_5_max": 1.0,
        "nauc_precision_at_5_std": 1.0,
        "nauc_precision_at_5_diff1": 1.0,
        "nauc_precision_at_10_max": 1.0,
        "nauc_precision_at_10_std": 1.0,
        "nauc_precision_at_10_diff1": 1.0,
        "nauc_precision_at_20_max": 1.0,
        "nauc_precision_at_20_std": 1.0,
        "nauc_precision_at_20_diff1": 1.0,
        "nauc_precision_at_100_max": 1.0,
        "nauc_precision_at_100_std": 1.0,
        "nauc_precision_at_100_diff1": 1.0,
        "nauc_precision_at_1000_max": 1.0,
        "nauc_precision_at_1000_std": 1.0,
        "nauc_precision_at_1000_diff1": 1.0,
        "nauc_mrr_at_1_max": 0.395519,
        "nauc_mrr_at_1_std": -0.961376,
        "nauc_mrr_at_1_diff1": 0.85867,
        "nauc_mrr_at_3_max": 0.386367,
        "nauc_mrr_at_3_std": -0.95322,
        "nauc_mrr_at_3_diff1": 0.858865,
        "nauc_mrr_at_5_max": 0.386367,
        "nauc_mrr_at_5_std": -0.95322,
        "nauc_mrr_at_5_diff1": 0.858865,
        "nauc_mrr_at_10_max": 0.386367,
        "nauc_mrr_at_10_std": -0.95322,
        "nauc_mrr_at_10_diff1": 0.858865,
        "nauc_mrr_at_20_max": 0.386367,
        "nauc_mrr_at_20_std": -0.95322,
        "nauc_mrr_at_20_diff1": 0.858865,
        "nauc_mrr_at_100_max": 0.386367,
        "nauc_mrr_at_100_std": -0.95322,
        "nauc_mrr_at_100_diff1": 0.858865,
        "nauc_mrr_at_1000_max": 0.386367,
        "nauc_mrr_at_1000_std": -0.95322,
        "nauc_mrr_at_1000_diff1": 0.858865,
        "main_score": 0.95885,
        "hf_subset": "default",
        "languages": [
          "kor-Hang"
        ]
      }
    ]
  },
  "evaluation_time": 114.2028272151947,
  "kg_co2_emissions": null
}