{
  "dataset_revision": "75b399394a9803252cfec289d103de462763db7c",
  "task_name": "BelebeleRetrieval",
  "mteb_version": "1.38.56",
  "scores": {
    "test": [
      {
        "ndcg_at_1": 0.90222,
        "ndcg_at_3": 0.93521,
        "ndcg_at_5": 0.94176,
        "ndcg_at_10": 0.94351,
        "ndcg_at_20": 0.94492,
        "ndcg_at_100": 0.94769,
        "ndcg_at_1000": 0.94769,
        "map_at_1": 0.90222,
        "map_at_3": 0.92704,
        "map_at_5": 0.93076,
        "map_at_10": 0.93145,
        "map_at_20": 0.93184,
        "map_at_100": 0.93225,
        "map_at_1000": 0.93225,
        "recall_at_1": 0.90222,
        "recall_at_3": 0.95889,
        "recall_at_5": 0.97444,
        "recall_at_10": 0.98,
        "recall_at_20": 0.98556,
        "recall_at_100": 1.0,
        "recall_at_1000": 1.0,
        "precision_at_1": 0.90222,
        "precision_at_3": 0.31963,
        "precision_at_5": 0.19489,
        "precision_at_10": 0.098,
        "precision_at_20": 0.04928,
        "precision_at_100": 0.01,
        "precision_at_1000": 0.001,
        "mrr_at_1": 0.902222,
        "mrr_at_3": 0.927407,
        "mrr_at_5": 0.930852,
        "mrr_at_10": 0.931543,
        "mrr_at_20": 0.931993,
        "mrr_at_100": 0.932356,
        "mrr_at_1000": 0.932356,
        "nauc_ndcg_at_1_max": 0.829174,
        "nauc_ndcg_at_1_std": 0.702094,
        "nauc_ndcg_at_1_diff1": 0.924195,
        "nauc_ndcg_at_3_max": 0.836562,
        "nauc_ndcg_at_3_std": 0.697281,
        "nauc_ndcg_at_3_diff1": 0.928897,
        "nauc_ndcg_at_5_max": 0.834131,
        "nauc_ndcg_at_5_std": 0.700429,
        "nauc_ndcg_at_5_diff1": 0.925083,
        "nauc_ndcg_at_10_max": 0.83067,
        "nauc_ndcg_at_10_std": 0.693745,
        "nauc_ndcg_at_10_diff1": 0.923623,
        "nauc_ndcg_at_20_max": 0.826336,
        "nauc_ndcg_at_20_std": 0.686582,
        "nauc_ndcg_at_20_diff1": 0.921669,
        "nauc_ndcg_at_100_max": 0.830658,
        "nauc_ndcg_at_100_std": 0.694647,
        "nauc_ndcg_at_100_diff1": 0.924211,
        "nauc_ndcg_at_1000_max": 0.830658,
        "nauc_ndcg_at_1000_std": 0.694647,
        "nauc_ndcg_at_1000_diff1": 0.924211,
        "nauc_map_at_1_max": 0.829174,
        "nauc_map_at_1_std": 0.702094,
        "nauc_map_at_1_diff1": 0.924195,
        "nauc_map_at_3_max": 0.83319,
        "nauc_map_at_3_std": 0.695418,
        "nauc_map_at_3_diff1": 0.926969,
        "nauc_map_at_5_max": 0.831963,
        "nauc_map_at_5_std": 0.697161,
        "nauc_map_at_5_diff1": 0.925036,
        "nauc_map_at_10_max": 0.830837,
        "nauc_map_at_10_std": 0.694975,
        "nauc_map_at_10_diff1": 0.924583,
        "nauc_map_at_20_max": 0.82987,
        "nauc_map_at_20_std": 0.693384,
        "nauc_map_at_20_diff1": 0.924152,
        "nauc_map_at_100_max": 0.830594,
        "nauc_map_at_100_std": 0.694867,
        "nauc_map_at_100_diff1": 0.92451,
        "nauc_map_at_1000_max": 0.830594,
        "nauc_map_at_1000_std": 0.694867,
        "nauc_map_at_1000_diff1": 0.92451,
        "nauc_recall_at_1_max": 0.829174,
        "nauc_recall_at_1_std": 0.702094,
        "nauc_recall_at_1_diff1": 0.924195,
        "nauc_recall_at_3_max": 0.854556,
        "nauc_recall_at_3_std": 0.709327,
        "nauc_recall_at_3_diff1": 0.939069,
        "nauc_recall_at_5_max": 0.851053,
        "nauc_recall_at_5_std": 0.729875,
        "nauc_recall_at_5_diff1": 0.924715,
        "nauc_recall_at_10_max": 0.824204,
        "nauc_recall_at_10_std": 0.677534,
        "nauc_recall_at_10_diff1": 0.911064,
        "nauc_recall_at_20_max": 0.75659,
        "nauc_recall_at_20_std": 0.563564,
        "nauc_recall_at_20_diff1": 0.876858,
        "nauc_recall_at_100_max": NaN,
        "nauc_recall_at_100_std": NaN,
        "nauc_recall_at_100_diff1": NaN,
        "nauc_recall_at_1000_max": NaN,
        "nauc_recall_at_1000_std": NaN,
        "nauc_recall_at_1000_diff1": NaN,
        "nauc_precision_at_1_max": 0.829174,
        "nauc_precision_at_1_std": 0.702094,
        "nauc_precision_at_1_diff1": 0.924195,
        "nauc_precision_at_3_max": 0.854556,
        "nauc_precision_at_3_std": 0.709327,
        "nauc_precision_at_3_diff1": 0.939069,
        "nauc_precision_at_5_max": 0.851053,
        "nauc_precision_at_5_std": 0.729875,
        "nauc_precision_at_5_diff1": 0.924715,
        "nauc_precision_at_10_max": 0.824204,
        "nauc_precision_at_10_std": 0.677534,
        "nauc_precision_at_10_diff1": 0.911064,
        "nauc_precision_at_20_max": 0.75659,
        "nauc_precision_at_20_std": 0.563564,
        "nauc_precision_at_20_diff1": 0.876858,
        "nauc_precision_at_100_max": 1.0,
        "nauc_precision_at_100_std": 1.0,
        "nauc_precision_at_100_diff1": 1.0,
        "nauc_precision_at_1000_max": NaN,
        "nauc_precision_at_1000_std": NaN,
        "nauc_precision_at_1000_diff1": NaN,
        "nauc_mrr_at_1_max": 0.829174,
        "nauc_mrr_at_1_std": 0.702094,
        "nauc_mrr_at_1_diff1": 0.924195,
        "nauc_mrr_at_3_max": 0.832339,
        "nauc_mrr_at_3_std": 0.693864,
        "nauc_mrr_at_3_diff1": 0.926597,
        "nauc_mrr_at_5_max": 0.831738,
        "nauc_mrr_at_5_std": 0.696756,
        "nauc_mrr_at_5_diff1": 0.924936,
        "nauc_mrr_at_10_max": 0.830608,
        "nauc_mrr_at_10_std": 0.694562,
        "nauc_mrr_at_10_diff1": 0.924481,
        "nauc_mrr_at_20_max": 0.830445,
        "nauc_mrr_at_20_std": 0.694933,
        "nauc_mrr_at_20_diff1": 0.924346,
        "nauc_mrr_at_100_max": 0.830387,
        "nauc_mrr_at_100_std": 0.694525,
        "nauc_mrr_at_100_diff1": 0.924413,
        "nauc_mrr_at_1000_max": 0.830387,
        "nauc_mrr_at_1000_std": 0.694525,
        "nauc_mrr_at_1000_diff1": 0.924413,
        "main_score": 0.94351,
        "hf_subset": "kor_Hang-kor_Hang",
        "languages": [
          "kor-Hang",
          "kor-Hang"
        ]
      },
      {
        "ndcg_at_1": 0.01556,
        "ndcg_at_3": 0.02169,
        "ndcg_at_5": 0.02212,
        "ndcg_at_10": 0.02499,
        "ndcg_at_20": 0.02927,
        "ndcg_at_100": 0.03891,
        "ndcg_at_1000": 0.03891,
        "map_at_1": 0.01556,
        "map_at_3": 0.02,
        "map_at_5": 0.02022,
        "map_at_10": 0.0214,
        "map_at_20": 0.02261,
        "map_at_100": 0.02404,
        "map_at_1000": 0.02404,
        "recall_at_1": 0.01556,
        "recall_at_3": 0.02667,
        "recall_at_5": 0.02778,
        "recall_at_10": 0.03667,
        "recall_at_20": 0.05333,
        "recall_at_100": 0.10333,
        "recall_at_1000": 0.10333,
        "precision_at_1": 0.01556,
        "precision_at_3": 0.00889,
        "precision_at_5": 0.00556,
        "precision_at_10": 0.00367,
        "precision_at_20": 0.00267,
        "precision_at_100": 0.00103,
        "precision_at_1000": 0.0001,
        "mrr_at_1": 0.015556,
        "mrr_at_3": 0.02,
        "mrr_at_5": 0.020222,
        "mrr_at_10": 0.021414,
        "mrr_at_20": 0.022682,
        "mrr_at_100": 0.024064,
        "mrr_at_1000": 0.024064,
        "nauc_ndcg_at_1_max": 0.833378,
        "nauc_ndcg_at_1_std": 0.817279,
        "nauc_ndcg_at_1_diff1": 0.826479,
        "nauc_ndcg_at_3_max": 0.600654,
        "nauc_ndcg_at_3_std": 0.579009,
        "nauc_ndcg_at_3_diff1": 0.593656,
        "nauc_ndcg_at_5_max": 0.608413,
        "nauc_ndcg_at_5_std": 0.587189,
        "nauc_ndcg_at_5_diff1": 0.601551,
        "nauc_ndcg_at_10_max": 0.574867,
        "nauc_ndcg_at_10_std": 0.543295,
        "nauc_ndcg_at_10_diff1": 0.55166,
        "nauc_ndcg_at_20_max": 0.456485,
        "nauc_ndcg_at_20_std": 0.43065,
        "nauc_ndcg_at_20_diff1": 0.445136,
        "nauc_ndcg_at_100_max": 0.320024,
        "nauc_ndcg_at_100_std": 0.300512,
        "nauc_ndcg_at_100_diff1": 0.3145,
        "nauc_ndcg_at_1000_max": 0.320024,
        "nauc_ndcg_at_1000_std": 0.300512,
        "nauc_ndcg_at_1000_diff1": 0.3145,
        "nauc_map_at_1_max": 0.833378,
        "nauc_map_at_1_std": 0.817279,
        "nauc_map_at_1_diff1": 0.826479,