{
  "dataset_revision": "d243889a3eb6654029dbd7e7f9319ae31d58f97c",
  "task_name": "Ko-StrategyQA",
  "mteb_version": "1.38.56",
  "scores": {
    "dev": [
      {
        "ndcg_at_1": 0.6098,
        "ndcg_at_3": 0.61562,
        "ndcg_at_5": 0.64585,
        "ndcg_at_10": 0.68534,
        "ndcg_at_20": 0.705,
        "ndcg_at_100": 0.74075,
        "ndcg_at_1000": 0.74075,
        "map_at_1": 0.39717,
        "map_at_3": 0.56498,
        "map_at_5": 0.59139,
        "map_at_10": 0.61504,
        "map_at_20": 0.6231,
        "map_at_100": 0.63117,
        "map_at_1000": 0.63117,
        "recall_at_1": 0.39717,
        "recall_at_3": 0.63538,
        "recall_at_5": 0.6999,
        "recall_at_10": 0.79653,
        "recall_at_20": 0.85559,
        "recall_at_100": 1.0,
        "recall_at_1000": 1.0,
        "precision_at_1": 0.6098,
        "precision_at_3": 0.36261,
        "precision_at_5": 0.24392,
        "precision_at_10": 0.14375,
        "precision_at_20": 0.07931,
        "precision_at_100": 0.01934,
        "precision_at_1000": 0.00193,
        "mrr_at_1": 0.621622,
        "mrr_at_3": 0.69116,
        "mrr_at_5": 0.699521,
        "mrr_at_10": 0.707131,
        "mrr_at_20": 0.710108,
        "mrr_at_100": 0.712545,
        "mrr_at_1000": 0.712545,
        "nauc_ndcg_at_1_max": 0.598148,
        "nauc_ndcg_at_1_std": 0.264382,
        "nauc_ndcg_at_1_diff1": 0.389185,
        "nauc_ndcg_at_3_max": 0.557622,
        "nauc_ndcg_at_3_std": 0.246635,
        "nauc_ndcg_at_3_diff1": 0.29853,
        "nauc_ndcg_at_5_max": 0.59581,
        "nauc_ndcg_at_5_std": 0.298664,
        "nauc_ndcg_at_5_diff1": 0.285662,
        "nauc_ndcg_at_10_max": 0.612701,
        "nauc_ndcg_at_10_std": 0.319065,
        "nauc_ndcg_at_10_diff1": 0.293196,
        "nauc_ndcg_at_20_max": 0.613623,
        "nauc_ndcg_at_20_std": 0.319139,
        "nauc_ndcg_at_20_diff1": 0.295849,
        "nauc_ndcg_at_100_max": 0.599998,
        "nauc_ndcg_at_100_std": 0.294748,
        "nauc_ndcg_at_100_diff1": 0.311015,
        "nauc_ndcg_at_1000_max": 0.599998,
        "nauc_ndcg_at_1000_std": 0.294748,
        "nauc_ndcg_at_1000_diff1": 0.311015,
        "nauc_map_at_1_max": 0.388367,
        "nauc_map_at_1_std": 0.079419,
        "nauc_map_at_1_diff1": 0.405264,
        "nauc_map_at_3_max": 0.533003,
        "nauc_map_at_3_std": 0.221516,
        "nauc_map_at_3_diff1": 0.288398,
        "nauc_map_at_5_max": 0.563078,
        "nauc_map_at_5_std": 0.261536,
        "nauc_map_at_5_diff1": 0.278518,
        "nauc_map_at_10_max": 0.575401,
        "nauc_map_at_10_std": 0.275498,
        "nauc_map_at_10_diff1": 0.28667,
        "nauc_map_at_20_max": 0.57573,
        "nauc_map_at_20_std": 0.275401,
        "nauc_map_at_20_diff1": 0.287797,
        "nauc_map_at_100_max": 0.572793,
        "nauc_map_at_100_std": 0.270627,
        "nauc_map_at_100_diff1": 0.290287,
        "nauc_map_at_1000_max": 0.572793,
        "nauc_map_at_1000_std": 0.270627,
        "nauc_map_at_1000_diff1": 0.290287,
        "nauc_recall_at_1_max": 0.388367,
        "nauc_recall_at_1_std": 0.079419,
        "nauc_recall_at_1_diff1": 0.405264,
        "nauc_recall_at_3_max": 0.515521,
        "nauc_recall_at_3_std": 0.227212,
        "nauc_recall_at_3_diff1": 0.242117,
        "nauc_recall_at_5_max": 0.58044,
        "nauc_recall_at_5_std": 0.327819,
        "nauc_recall_at_5_diff1": 0.208697,
        "nauc_recall_at_10_max": 0.627959,
        "nauc_recall_at_10_std": 0.398172,
        "nauc_recall_at_10_diff1": 0.205513,
        "nauc_recall_at_20_max": 0.651136,
        "nauc_recall_at_20_std": 0.431115,
        "nauc_recall_at_20_diff1": 0.1922,
        "nauc_recall_at_100_max": NaN,
        "nauc_recall_at_100_std": NaN,
        "nauc_recall_at_100_diff1": NaN,
        "nauc_recall_at_1000_max": NaN,
        "nauc_recall_at_1000_std": NaN,
        "nauc_recall_at_1000_diff1": NaN,
        "nauc_precision_at_1_max": 0.598148,
        "nauc_precision_at_1_std": 0.264382,
        "nauc_precision_at_1_diff1": 0.389185,
        "nauc_precision_at_3_max": 0.435208,
        "nauc_precision_at_3_std": 0.324961,
        "nauc_precision_at_3_diff1": 0.019818,
        "nauc_precision_at_5_max": 0.420342,
        "nauc_precision_at_5_std": 0.375191,
        "nauc_precision_at_5_diff1": -0.027255,
        "nauc_precision_at_10_max": 0.312511,
        "nauc_precision_at_10_std": 0.339884,
        "nauc_precision_at_10_diff1": -0.06575,
        "nauc_precision_at_20_max": 0.213548,
        "nauc_precision_at_20_std": 0.281357,
        "nauc_precision_at_20_diff1": -0.102552,
        "nauc_precision_at_100_max": -0.096525,
        "nauc_precision_at_100_std": 0.059384,
        "nauc_precision_at_100_diff1": -0.179412,
        "nauc_precision_at_1000_max": -0.096525,
        "nauc_precision_at_1000_std": 0.059384,
        "nauc_precision_at_1000_diff1": -0.179412,
        "nauc_mrr_at_1_max": 0.669327,
        "nauc_mrr_at_1_std": 0.331629,
        "nauc_mrr_at_1_diff1": 0.358535,
        "nauc_mrr_at_3_max": 0.677926,
        "nauc_mrr_at_3_std": 0.345685,
        "nauc_mrr_at_3_diff1": 0.358224,
        "nauc_mrr_at_5_max": 0.688668,
        "nauc_mrr_at_5_std": 0.367085,
        "nauc_mrr_at_5_diff1": 0.352205,
        "nauc_mrr_at_10_max": 0.68603,
        "nauc_mrr_at_10_std": 0.362114,
        "nauc_mrr_at_10_diff1": 0.34987,
        "nauc_mrr_at_20_max": 0.68613,
        "nauc_mrr_at_20_std": 0.362719,
        "nauc_mrr_at_20_diff1": 0.350164,
        "nauc_mrr_at_100_max": 0.685198,
        "nauc_mrr_at_100_std": 0.360878,
        "nauc_mrr_at_100_diff1": 0.351105,
        "nauc_mrr_at_1000_max": 0.685198,
        "nauc_mrr_at_1000_std": 0.360878,
        "nauc_mrr_at_1000_diff1": 0.351105,
        "main_score": 0.68534,
        "hf_subset": "default",
        "languages": [
          "kor-Hang"
        ]
      }
    ]
  },
  "evaluation_time": 340.4664189815521,
  "kg_co2_emissions": null
}