{
  "dataset_revision": "main",
  "task_name": "MIRACLRetrieval",
  "mteb_version": "1.38.56",
  "scores": {
    "dev": [
      {
        "ndcg_at_1": 0.62911,
        "ndcg_at_3": 0.70011,
        "ndcg_at_5": 0.72845,
        "ndcg_at_10": 0.77629,
        "ndcg_at_20": 0.7962,
        "ndcg_at_100": 0.80578,
        "ndcg_at_1000": 0.80578,
        "map_at_1": 0.39969,
        "map_at_3": 0.58225,
        "map_at_5": 0.64193,
        "map_at_10": 0.69467,
        "map_at_20": 0.70997,
        "map_at_100": 0.71332,
        "map_at_1000": 0.71332,
        "recall_at_1": 0.39969,
        "recall_at_3": 0.67484,
        "recall_at_5": 0.78258,
        "recall_at_10": 0.91483,
        "recall_at_20": 0.96509,
        "recall_at_100": 1.0,
        "recall_at_1000": 1.0,
        "precision_at_1": 0.62911,
        "precision_at_3": 0.43975,
        "precision_at_5": 0.34085,
        "precision_at_10": 0.22254,
        "precision_at_20": 0.12324,
        "precision_at_100": 0.02568,
        "precision_at_1000": 0.00257,
        "mrr_at_1": 0.784038,
        "mrr_at_3": 0.836463,
        "mrr_at_5": 0.843505,
        "mrr_at_10": 0.849691,
        "mrr_at_20": 0.850453,
        "mrr_at_100": 0.850778,
        "mrr_at_1000": 0.850778,
        "nauc_ndcg_at_1_max": -0.04893,
        "nauc_ndcg_at_1_std": -0.24382,
        "nauc_ndcg_at_1_diff1": 0.402529,
        "nauc_ndcg_at_3_max": 0.068484,
        "nauc_ndcg_at_3_std": -0.323283,
        "nauc_ndcg_at_3_diff1": 0.403305,
        "nauc_ndcg_at_5_max": 0.061004,
        "nauc_ndcg_at_5_std": -0.35899,
        "nauc_ndcg_at_5_diff1": 0.43304,
        "nauc_ndcg_at_10_max": 0.081075,
        "nauc_ndcg_at_10_std": -0.349662,
        "nauc_ndcg_at_10_diff1": 0.416836,
        "nauc_ndcg_at_20_max": 0.07087,
        "nauc_ndcg_at_20_std": -0.255701,
        "nauc_ndcg_at_20_diff1": 0.388713,
        "nauc_ndcg_at_100_max": 0.058446,
        "nauc_ndcg_at_100_std": -0.26598,
        "nauc_ndcg_at_100_diff1": 0.386669,
        "nauc_ndcg_at_1000_max": 0.058446,
        "nauc_ndcg_at_1000_std": -0.26598,
        "nauc_ndcg_at_1000_diff1": 0.386669,
        "nauc_map_at_1_max": 0.039357,
        "nauc_map_at_1_std": -0.427199,
        "nauc_map_at_1_diff1": 0.466518,
        "nauc_map_at_3_max": 0.037606,
        "nauc_map_at_3_std": -0.494122,
        "nauc_map_at_3_diff1": 0.480288,
        "nauc_map_at_5_max": 0.026488,
        "nauc_map_at_5_std": -0.477415,
        "nauc_map_at_5_diff1": 0.47564,
        "nauc_map_at_10_max": 0.058341,
        "nauc_map_at_10_std": -0.388512,
        "nauc_map_at_10_diff1": 0.4319,
        "nauc_map_at_20_max": 0.064159,
        "nauc_map_at_20_std": -0.320798,
        "nauc_map_at_20_diff1": 0.408886,
        "nauc_map_at_100_max": 0.05998,
        "nauc_map_at_100_std": -0.324267,
        "nauc_map_at_100_diff1": 0.409806,
        "nauc_map_at_1000_max": 0.05998,
        "nauc_map_at_1000_std": -0.324267,
        "nauc_map_at_1000_diff1": 0.409806,
        "nauc_recall_at_1_max": 0.039357,
        "nauc_recall_at_1_std": -0.427199,
        "nauc_recall_at_1_diff1": 0.466518,
        "nauc_recall_at_3_max": 0.09062,
        "nauc_recall_at_3_std": -0.505907,
        "nauc_recall_at_3_diff1": 0.426787,
        "nauc_recall_at_5_max": 0.081258,
        "nauc_recall_at_5_std": -0.573236,
        "nauc_recall_at_5_diff1": 0.492644,
        "nauc_recall_at_10_max": 0.230999,
        "nauc_recall_at_10_std": -0.577737,
        "nauc_recall_at_10_diff1": 0.452601,
        "nauc_recall_at_20_max": 0.237071,
        "nauc_recall_at_20_std": -0.048386,
        "nauc_recall_at_20_diff1": 0.389607,
        "nauc_recall_at_100_max": NaN,
        "nauc_recall_at_100_std": NaN,
        "nauc_recall_at_100_diff1": NaN,
        "nauc_recall_at_1000_max": NaN,
        "nauc_recall_at_1000_std": NaN,
        "nauc_recall_at_1000_diff1": NaN,
        "nauc_precision_at_1_max": -0.04893,
        "nauc_precision_at_1_std": -0.24382,
        "nauc_precision_at_1_diff1": 0.402529,
        "nauc_precision_at_3_max": -0.000928,
        "nauc_precision_at_3_std": 0.160293,
        "nauc_precision_at_3_diff1": -0.050762,
        "nauc_precision_at_5_max": -0.000499,
        "nauc_precision_at_5_std": 0.300514,
        "nauc_precision_at_5_diff1": -0.165986,
        "nauc_precision_at_10_max": 0.046419,
        "nauc_precision_at_10_std": 0.491729,
        "nauc_precision_at_10_diff1": -0.300608,
        "nauc_precision_at_20_max": 0.03758,
        "nauc_precision_at_20_std": 0.586556,
        "nauc_precision_at_20_diff1": -0.339546,
        "nauc_precision_at_100_max": 0.018001,
        "nauc_precision_at_100_std": 0.572417,
        "nauc_precision_at_100_diff1": -0.349019,
        "nauc_precision_at_1000_max": 0.018001,
        "nauc_precision_at_1000_std": 0.572417,
        "nauc_precision_at_1000_diff1": -0.349019,
        "nauc_mrr_at_1_max": 0.370716,
        "nauc_mrr_at_1_std": 0.120764,
        "nauc_mrr_at_1_diff1": 0.003019,
        "nauc_mrr_at_3_max": 0.365779,
        "nauc_mrr_at_3_std": 0.085165,
        "nauc_mrr_at_3_diff1": 0.049769,
        "nauc_mrr_at_5_max": 0.357425,
        "nauc_mrr_at_5_std": 0.066399,
        "nauc_mrr_at_5_diff1": 0.065987,
        "nauc_mrr_at_10_max": 0.367792,
        "nauc_mrr_at_10_std": 0.084516,
        "nauc_mrr_at_10_diff1": 0.055849,
        "nauc_mrr_at_20_max": 0.366308,
        "nauc_mrr_at_20_std": 0.086071,
        "nauc_mrr_at_20_diff1": 0.054449,
        "nauc_mrr_at_100_max": 0.365055,
        "nauc_mrr_at_100_std": 0.084881,
        "nauc_mrr_at_100_diff1": 0.053451,
        "nauc_mrr_at_1000_max": 0.365055,
        "nauc_mrr_at_1000_std": 0.084881,
        "nauc_mrr_at_1000_diff1": 0.053451,
        "main_score": 0.77629,
        "hf_subset": "ko",
        "languages": [
          "kor-Kore"
        ]
      }
    ]
  },
  "evaluation_time": 115.23092579841614,
  "kg_co2_emissions": null
}