{
  "dataset_revision": "fc24a3ce8f09746410daee3d5cd823ff7a0675b7",
  "task_name": "MrTidyRetrieval",
  "mteb_version": "1.38.56",
  "scores": {
    "test": [
      {
        "ndcg_at_1": 0.37055,
        "ndcg_at_3": 0.49934,
        "ndcg_at_5": 0.54027,
        "ndcg_at_10": 0.57912,
        "ndcg_at_20": 0.60246,
        "ndcg_at_100": 0.62676,
        "ndcg_at_1000": 0.62676,
        "map_at_1": 0.33967,
        "map_at_3": 0.45685,
        "map_at_5": 0.48029,
        "map_at_10": 0.49886,
        "map_at_20": 0.50604,
        "map_at_100": 0.51085,
        "map_at_1000": 0.51085,
        "recall_at_1": 0.33967,
        "recall_at_3": 0.59264,
        "recall_at_5": 0.68844,
        "recall_at_10": 0.79929,
        "recall_at_20": 0.88678,
        "recall_at_100": 1.0,
        "recall_at_1000": 1.0,
        "precision_at_1": 0.37055,
        "precision_at_3": 0.2209,
        "precision_at_5": 0.15534,
        "precision_at_10": 0.09145,
        "precision_at_20": 0.05119,
        "precision_at_100": 0.01169,
        "precision_at_1000": 0.00117,
        "mrr_at_1": 0.486936,
        "mrr_at_3": 0.563341,
        "mrr_at_5": 0.582106,
        "mrr_at_10": 0.594711,
        "mrr_at_20": 0.599796,
        "mrr_at_100": 0.603019,
        "mrr_at_1000": 0.603019,
        "nauc_ndcg_at_1_max": 0.116421,
        "nauc_ndcg_at_1_std": -0.304838,
        "nauc_ndcg_at_1_diff1": 0.37568,
        "nauc_ndcg_at_3_max": 0.115506,
        "nauc_ndcg_at_3_std": -0.335119,
        "nauc_ndcg_at_3_diff1": 0.31006,
        "nauc_ndcg_at_5_max": 0.113308,
        "nauc_ndcg_at_5_std": -0.331835,
        "nauc_ndcg_at_5_diff1": 0.302474,
        "nauc_ndcg_at_10_max": 0.124009,
        "nauc_ndcg_at_10_std": -0.31568,
        "nauc_ndcg_at_10_diff1": 0.288926,
        "nauc_ndcg_at_20_max": 0.139918,
        "nauc_ndcg_at_20_std": -0.311845,
        "nauc_ndcg_at_20_diff1": 0.298463,
        "nauc_ndcg_at_100_max": 0.128001,
        "nauc_ndcg_at_100_std": -0.319396,
        "nauc_ndcg_at_100_diff1": 0.316087,
        "nauc_ndcg_at_1000_max": 0.128001,
        "nauc_ndcg_at_1000_std": -0.319396,
        "nauc_ndcg_at_1000_diff1": 0.316087,
        "nauc_map_at_1_max": 0.122318,
        "nauc_map_at_1_std": -0.314282,
        "nauc_map_at_1_diff1": 0.380481,
        "nauc_map_at_3_max": 0.11843,
        "nauc_map_at_3_std": -0.33773,
        "nauc_map_at_3_diff1": 0.329958,
        "nauc_map_at_5_max": 0.116645,
        "nauc_map_at_5_std": -0.336685,
        "nauc_map_at_5_diff1": 0.325711,
        "nauc_map_at_10_max": 0.120722,
        "nauc_map_at_10_std": -0.328535,
        "nauc_map_at_10_diff1": 0.320553,
        "nauc_map_at_20_max": 0.125544,
        "nauc_map_at_20_std": -0.328782,
        "nauc_map_at_20_diff1": 0.324466,
        "nauc_map_at_100_max": 0.124389,
        "nauc_map_at_100_std": -0.328586,
        "nauc_map_at_100_diff1": 0.326623,
        "nauc_map_at_1000_max": 0.124389,
        "nauc_map_at_1000_std": -0.328586,
        "nauc_map_at_1000_diff1": 0.326623,
        "nauc_recall_at_1_max": 0.122318,
        "nauc_recall_at_1_std": -0.314282,
        "nauc_recall_at_1_diff1": 0.380481,
        "nauc_recall_at_3_max": 0.102937,
        "nauc_recall_at_3_std": -0.33538,
        "nauc_recall_at_3_diff1": 0.250948,
        "nauc_recall_at_5_max": 0.098333,
        "nauc_recall_at_5_std": -0.319952,
        "nauc_recall_at_5_diff1": 0.212951,
        "nauc_recall_at_10_max": 0.130548,
        "nauc_recall_at_10_std": -0.250761,
        "nauc_recall_at_10_diff1": 0.117948,
        "nauc_recall_at_20_max": 0.266879,
        "nauc_recall_at_20_std": -0.176264,
        "nauc_recall_at_20_diff1": 0.088048,
        "nauc_recall_at_100_max": NaN,
        "nauc_recall_at_100_std": NaN,
        "nauc_recall_at_100_diff1": NaN,
        "nauc_recall_at_1000_max": NaN,
        "nauc_recall_at_1000_std": NaN,
        "nauc_recall_at_1000_diff1": NaN,
        "nauc_precision_at_1_max": 0.116421,
        "nauc_precision_at_1_std": -0.304838,
        "nauc_precision_at_1_diff1": 0.37568,
        "nauc_precision_at_3_max": 0.108302,
        "nauc_precision_at_3_std": -0.287789,
        "nauc_precision_at_3_diff1": 0.202023,
        "nauc_precision_at_5_max": 0.08061,
        "nauc_precision_at_5_std": -0.254353,
        "nauc_precision_at_5_diff1": 0.149482,
        "nauc_precision_at_10_max": 0.097226,
        "nauc_precision_at_10_std": -0.096059,
        "nauc_precision_at_10_diff1": 0.013201,
        "nauc_precision_at_20_max": 0.149062,
        "nauc_precision_at_20_std": 0.014197,
        "nauc_precision_at_20_diff1": -0.012677,
        "nauc_precision_at_100_max": 0.027534,
        "nauc_precision_at_100_std": 0.117197,
        "nauc_precision_at_100_diff1": -0.070235,
        "nauc_precision_at_1000_max": 0.027534,
        "nauc_precision_at_1000_std": 0.117197,
        "nauc_precision_at_1000_diff1": -0.070235,
        "nauc_mrr_at_1_max": 0.381082,
        "nauc_mrr_at_1_std": -0.029149,
        "nauc_mrr_at_1_diff1": 0.084587,
        "nauc_mrr_at_3_max": 0.307157,
        "nauc_mrr_at_3_std": -0.106859,
        "nauc_mrr_at_3_diff1": 0.119759,
        "nauc_mrr_at_5_max": 0.304731,
        "nauc_mrr_at_5_std": -0.110561,
        "nauc_mrr_at_5_diff1": 0.119425,
        "nauc_mrr_at_10_max": 0.313059,
        "nauc_mrr_at_10_std": -0.105882,
        "nauc_mrr_at_10_diff1": 0.112543,
        "nauc_mrr_at_20_max": 0.316441,
        "nauc_mrr_at_20_std": -0.101288,
        "nauc_mrr_at_20_diff1": 0.110652,
        "nauc_mrr_at_100_max": 0.31729,
        "nauc_mrr_at_100_std": -0.099875,
        "nauc_mrr_at_100_diff1": 0.111707,
        "nauc_mrr_at_1000_max": 0.31729,
        "nauc_mrr_at_1000_std": -0.099875,
        "nauc_mrr_at_1000_diff1": 0.111707,
        "main_score": 0.57912,
        "hf_subset": "korean",
        "languages": [
          "kor-Kore"
        ]
      }
    ]
  },
  "evaluation_time": 227.20656561851501,
  "kg_co2_emissions": null
}