{
  "dataset_revision": "d67138e705d963e346253a80e59676ddb418810a",
  "task_name": "MultiLongDocRetrieval",
  "mteb_version": "1.38.56",
  "scores": {
    "test": [
      {
        "ndcg_at_1": 0.45,
        "ndcg_at_3": 0.47827,
        "ndcg_at_5": 0.49203,
        "ndcg_at_10": 0.51648,
        "ndcg_at_20": 0.54751,
        "ndcg_at_100": 0.5985,
        "ndcg_at_1000": 0.5985,
        "map_at_1": 0.45,
        "map_at_3": 0.47083,
        "map_at_5": 0.47808,
        "map_at_10": 0.4883,
        "map_at_20": 0.49652,
        "map_at_100": 0.50407,
        "map_at_1000": 0.50407,
        "recall_at_1": 0.45,
        "recall_at_3": 0.5,
        "recall_at_5": 0.535,
        "recall_at_10": 0.61,
        "recall_at_20": 0.735,
        "recall_at_100": 1.0,
        "recall_at_1000": 1.0,
        "precision_at_1": 0.45,
        "precision_at_3": 0.16667,
        "precision_at_5": 0.107,
        "precision_at_10": 0.061,
        "precision_at_20": 0.03675,
        "precision_at_100": 0.01,
        "precision_at_1000": 0.001,
        "mrr_at_1": 0.45,
        "mrr_at_3": 0.470833,
        "mrr_at_5": 0.478333,
        "mrr_at_10": 0.489165,
        "mrr_at_20": 0.497408,
        "mrr_at_100": 0.504732,
        "mrr_at_1000": 0.504732,
        "nauc_ndcg_at_1_max": 0.729202,
        "nauc_ndcg_at_1_std": 0.445872,
        "nauc_ndcg_at_1_diff1": 0.80239,
        "nauc_ndcg_at_3_max": 0.734614,
        "nauc_ndcg_at_3_std": 0.464302,
        "nauc_ndcg_at_3_diff1": 0.78495,
        "nauc_ndcg_at_5_max": 0.729364,
        "nauc_ndcg_at_5_std": 0.471745,
        "nauc_ndcg_at_5_diff1": 0.77073,
        "nauc_ndcg_at_10_max": 0.717879,
        "nauc_ndcg_at_10_std": 0.461124,
        "nauc_ndcg_at_10_diff1": 0.761784,
        "nauc_ndcg_at_20_max": 0.70576,
        "nauc_ndcg_at_20_std": 0.453022,
        "nauc_ndcg_at_20_diff1": 0.75355,
        "nauc_ndcg_at_100_max": 0.720279,
        "nauc_ndcg_at_100_std": 0.460152,
        "nauc_ndcg_at_100_diff1": 0.773847,
        "nauc_ndcg_at_1000_max": 0.720279,
        "nauc_ndcg_at_1000_std": 0.460152,
        "nauc_ndcg_at_1000_diff1": 0.773847,
        "nauc_map_at_1_max": 0.729202,
        "nauc_map_at_1_std": 0.445872,
        "nauc_map_at_1_diff1": 0.80239,
        "nauc_map_at_3_max": 0.733437,
        "nauc_map_at_3_std": 0.459552,
        "nauc_map_at_3_diff1": 0.791467,
        "nauc_map_at_5_max": 0.730703,
        "nauc_map_at_5_std": 0.463056,
        "nauc_map_at_5_diff1": 0.784125,
        "nauc_map_at_10_max": 0.725961,
        "nauc_map_at_10_std": 0.459002,
        "nauc_map_at_10_diff1": 0.780552,
        "nauc_map_at_20_max": 0.722658,
        "nauc_map_at_20_std": 0.457749,
        "nauc_map_at_20_diff1": 0.778426,
        "nauc_map_at_100_max": 0.724567,
        "nauc_map_at_100_std": 0.45881,
        "nauc_map_at_100_diff1": 0.781396,
        "nauc_map_at_1000_max": 0.724567,
        "nauc_map_at_1000_std": 0.45881,
        "nauc_map_at_1000_diff1": 0.781396,
        "nauc_recall_at_1_max": 0.729202,
        "nauc_recall_at_1_std": 0.445872,
        "nauc_recall_at_1_diff1": 0.80239,
        "nauc_recall_at_3_max": 0.737988,
        "nauc_recall_at_3_std": 0.478261,
        "nauc_recall_at_3_diff1": 0.764997,
        "nauc_recall_at_5_max": 0.724289,
        "nauc_recall_at_5_std": 0.499782,
        "nauc_recall_at_5_diff1": 0.726838,
        "nauc_recall_at_10_max": 0.685669,
        "nauc_recall_at_10_std": 0.464264,
        "nauc_recall_at_10_diff1": 0.693057,
        "nauc_recall_at_20_max": 0.613119,
        "nauc_recall_at_20_std": 0.411893,
        "nauc_recall_at_20_diff1": 0.629518,
        "nauc_recall_at_100_max": NaN,
        "nauc_recall_at_100_std": NaN,
        "nauc_recall_at_100_diff1": NaN,
        "nauc_recall_at_1000_max": NaN,
        "nauc_recall_at_1000_std": NaN,
        "nauc_recall_at_1000_diff1": NaN,
        "nauc_precision_at_1_max": 0.729202,
        "nauc_precision_at_1_std": 0.445872,
        "nauc_precision_at_1_diff1": 0.80239,
        "nauc_precision_at_3_max": 0.737988,
        "nauc_precision_at_3_std": 0.478261,
        "nauc_precision_at_3_diff1": 0.764997,
        "nauc_precision_at_5_max": 0.724289,
        "nauc_precision_at_5_std": 0.499782,
        "nauc_precision_at_5_diff1": 0.726838,
        "nauc_precision_at_10_max": 0.685669,
        "nauc_precision_at_10_std": 0.464264,
        "nauc_precision_at_10_diff1": 0.693057,
        "nauc_precision_at_20_max": 0.613119,
        "nauc_precision_at_20_std": 0.411893,
        "nauc_precision_at_20_diff1": 0.629518,
        "nauc_precision_at_100_max": 1.0,
        "nauc_precision_at_100_std": 1.0,
        "nauc_precision_at_100_diff1": 1.0,
        "nauc_precision_at_1000_max": 1.0,
        "nauc_precision_at_1000_std": 1.0,
        "nauc_precision_at_1000_diff1": 1.0,
        "nauc_mrr_at_1_max": 0.729202,
        "nauc_mrr_at_1_std": 0.445872,
        "nauc_mrr_at_1_diff1": 0.80239,
        "nauc_mrr_at_3_max": 0.733437,
        "nauc_mrr_at_3_std": 0.459552,
        "nauc_mrr_at_3_diff1": 0.791467,
        "nauc_mrr_at_5_max": 0.730494,
        "nauc_mrr_at_5_std": 0.463994,
        "nauc_mrr_at_5_diff1": 0.783707,
        "nauc_mrr_at_10_max": 0.724986,
        "nauc_mrr_at_10_std": 0.460026,
        "nauc_mrr_at_10_diff1": 0.779385,
        "nauc_mrr_at_20_max": 0.723036,
        "nauc_mrr_at_20_std": 0.458102,
        "nauc_mrr_at_20_diff1": 0.778625,
        "nauc_mrr_at_100_max": 0.72422,
        "nauc_mrr_at_100_std": 0.459321,
        "nauc_mrr_at_100_diff1": 0.78084,
        "nauc_mrr_at_1000_max": 0.72422,
        "nauc_mrr_at_1000_std": 0.459321,
        "nauc_mrr_at_1000_diff1": 0.78084,
        "main_score": 0.51648,
        "hf_subset": "ko",
        "languages": [
          "kor-Hang"
        ]
      }
    ]
  },
  "evaluation_time": 19220.18394088745,
  "kg_co2_emissions": null
}