{
  "dataset_revision": "main",
  "task_name": "PublicHealthQA",
  "mteb_version": "1.38.56",
  "scores": {
    "test": [
      {
        "ndcg_at_1": 0.32468,
        "ndcg_at_3": 0.37214,
        "ndcg_at_5": 0.39451,
        "ndcg_at_10": 0.41925,
        "ndcg_at_20": 0.41925,
        "ndcg_at_100": 0.42711,
        "ndcg_at_1000": 0.42711,
        "map_at_1": 0.32468,
        "map_at_3": 0.36147,
        "map_at_5": 0.37446,
        "map_at_10": 0.38442,
        "map_at_20": 0.38442,
        "map_at_100": 0.38574,
        "map_at_1000": 0.38574,
        "recall_at_1": 0.32468,
        "recall_at_3": 0.4026,
        "recall_at_5": 0.45455,
        "recall_at_10": 0.53247,
        "recall_at_20": 0.53247,
        "recall_at_100": 0.57143,
        "recall_at_1000": 0.57143,
        "precision_at_1": 0.32468,
        "precision_at_3": 0.1342,
        "precision_at_5": 0.09091,
        "precision_at_10": 0.05325,
        "precision_at_20": 0.02662,
        "precision_at_100": 0.00571,
        "precision_at_1000": 0.00057,
        "mrr_at_1": 0.337662,
        "mrr_at_3": 0.374459,
        "mrr_at_5": 0.384199,
        "mrr_at_10": 0.394156,
        "mrr_at_20": 0.394156,
        "mrr_at_100": 0.395454,
        "mrr_at_1000": 0.395454,
        "nauc_ndcg_at_1_max": 0.284865,
        "nauc_ndcg_at_1_std": -0.1441,
        "nauc_ndcg_at_1_diff1": 0.484307,
        "nauc_ndcg_at_3_max": 0.280575,
        "nauc_ndcg_at_3_std": -0.129456,
        "nauc_ndcg_at_3_diff1": 0.441279,
        "nauc_ndcg_at_5_max": 0.266595,
        "nauc_ndcg_at_5_std": -0.111322,
        "nauc_ndcg_at_5_diff1": 0.418167,
        "nauc_ndcg_at_10_max": 0.246847,
        "nauc_ndcg_at_10_std": -0.10411,
        "nauc_ndcg_at_10_diff1": 0.414273,
        "nauc_ndcg_at_20_max": 0.246847,
        "nauc_ndcg_at_20_std": -0.10411,
        "nauc_ndcg_at_20_diff1": 0.414273,
        "nauc_ndcg_at_100_max": 0.245275,
        "nauc_ndcg_at_100_std": -0.085915,
        "nauc_ndcg_at_100_diff1": 0.405587,
        "nauc_ndcg_at_1000_max": 0.245275,
        "nauc_ndcg_at_1000_std": -0.085915,
        "nauc_ndcg_at_1000_diff1": 0.405587,
        "nauc_map_at_1_max": 0.284865,
        "nauc_map_at_1_std": -0.1441,
        "nauc_map_at_1_diff1": 0.484307,
        "nauc_map_at_3_max": 0.280266,
        "nauc_map_at_3_std": -0.136482,
        "nauc_map_at_3_diff1": 0.451889,
        "nauc_map_at_5_max": 0.272135,
        "nauc_map_at_5_std": -0.12597,
        "nauc_map_at_5_diff1": 0.438499,
        "nauc_map_at_10_max": 0.2634,
        "nauc_map_at_10_std": -0.12481,
        "nauc_map_at_10_diff1": 0.437536,
        "nauc_map_at_20_max": 0.2634,
        "nauc_map_at_20_std": -0.12481,
        "nauc_map_at_20_diff1": 0.437536,
        "nauc_map_at_100_max": 0.263277,
        "nauc_map_at_100_std": -0.121311,
        "nauc_map_at_100_diff1": 0.436007,
        "nauc_map_at_1000_max": 0.263277,
        "nauc_map_at_1000_std": -0.121311,
        "nauc_map_at_1000_diff1": 0.436007,
        "nauc_recall_at_1_max": 0.284865,
        "nauc_recall_at_1_std": -0.1441,
        "nauc_recall_at_1_diff1": 0.484307,
        "nauc_recall_at_3_max": 0.281989,
        "nauc_recall_at_3_std": -0.108124,
        "nauc_recall_at_3_diff1": 0.411074,
        "nauc_recall_at_5_max": 0.249677,
        "nauc_recall_at_5_std": -0.065788,
        "nauc_recall_at_5_diff1": 0.357058,
        "nauc_recall_at_10_max": 0.189548,
        "nauc_recall_at_10_std": -0.031527,
        "nauc_recall_at_10_diff1": 0.338832,
        "nauc_recall_at_20_max": 0.189548,
        "nauc_recall_at_20_std": -0.031527,
        "nauc_recall_at_20_diff1": 0.338832,
        "nauc_recall_at_100_max": 0.177141,
        "nauc_recall_at_100_std": 0.06066,
        "nauc_recall_at_100_diff1": 0.291448,
        "nauc_recall_at_1000_max": 0.177141,
        "nauc_recall_at_1000_std": 0.06066,
        "nauc_recall_at_1000_diff1": 0.291448,
        "nauc_precision_at_1_max": 0.284865,
        "nauc_precision_at_1_std": -0.1441,
        "nauc_precision_at_1_diff1": 0.484307,
        "nauc_precision_at_3_max": 0.281989,
        "nauc_precision_at_3_std": -0.108124,
        "nauc_precision_at_3_diff1": 0.411074,
        "nauc_precision_at_5_max": 0.249677,
        "nauc_precision_at_5_std": -0.065788,
        "nauc_precision_at_5_diff1": 0.357058,
        "nauc_precision_at_10_max": 0.189548,
        "nauc_precision_at_10_std": -0.031527,
        "nauc_precision_at_10_diff1": 0.338832,
        "nauc_precision_at_20_max": 0.189548,
        "nauc_precision_at_20_std": -0.031527,
        "nauc_precision_at_20_diff1": 0.338832,
        "nauc_precision_at_100_max": 0.177141,
        "nauc_precision_at_100_std": 0.06066,
        "nauc_precision_at_100_diff1": 0.291448,
        "nauc_precision_at_1000_max": 0.177141,
        "nauc_precision_at_1000_std": 0.06066,
        "nauc_precision_at_1000_diff1": 0.291448,
        "nauc_mrr_at_1_max": 0.326266,
        "nauc_mrr_at_1_std": -0.10005,
        "nauc_mrr_at_1_diff1": 0.444249,
        "nauc_mrr_at_3_max": 0.311086,
        "nauc_mrr_at_3_std": -0.083219,
        "nauc_mrr_at_3_diff1": 0.415877,
        "nauc_mrr_at_5_max": 0.297629,
        "nauc_mrr_at_5_std": -0.088276,
        "nauc_mrr_at_5_diff1": 0.411063,
        "nauc_mrr_at_10_max": 0.289062,
        "nauc_mrr_at_10_std": -0.086918,
        "nauc_mrr_at_10_diff1": 0.409957,
        "nauc_mrr_at_20_max": 0.289062,
        "nauc_mrr_at_20_std": -0.086918,
        "nauc_mrr_at_20_diff1": 0.409957,
        "nauc_mrr_at_100_max": 0.288976,
        "nauc_mrr_at_100_std": -0.083472,
        "nauc_mrr_at_100_diff1": 0.408429,
        "nauc_mrr_at_1000_max": 0.288976,
        "nauc_mrr_at_1000_std": -0.083472,
        "nauc_mrr_at_1000_diff1": 0.408429,
        "main_score": 0.41925,
        "hf_subset": "korean",
        "languages": [
          "kor-Hang"
        ]
      }
    ]
  },
  "evaluation_time": 45.34385895729065,
  "kg_co2_emissions": null
}