{
  "dataset_revision": "c99d599f0a6ab9b85b065da6f9d94f9cf731679f",
  "task_name": "XPQARetrieval",
  "mteb_version": "1.38.56",
  "scores": {
    "test": [
      {
        "ndcg_at_1": 0.28899,
        "ndcg_at_3": 0.31707,
        "ndcg_at_5": 0.35033,
        "ndcg_at_10": 0.3838,
        "ndcg_at_20": 0.41814,
        "ndcg_at_100": 0.49753,
        "ndcg_at_1000": 0.49753,
        "map_at_1": 0.20074,
        "map_at_3": 0.2879,
        "map_at_5": 0.31399,
        "map_at_10": 0.33015,
        "map_at_20": 0.34081,
        "map_at_100": 0.35544,
        "map_at_1000": 0.35544,
        "recall_at_1": 0.20074,
        "recall_at_3": 0.33688,
        "recall_at_5": 0.41557,
        "recall_at_10": 0.50772,
        "recall_at_20": 0.62964,
        "recall_at_100": 1.0,
        "recall_at_1000": 1.0,
        "precision_at_1": 0.28899,
        "precision_at_3": 0.18043,
        "precision_at_5": 0.13609,
        "precision_at_10": 0.08226,
        "precision_at_20": 0.05092,
        "precision_at_100": 0.01564,
        "precision_at_1000": 0.00156,
        "mrr_at_1": 0.292049,
        "mrr_at_3": 0.340214,
        "mrr_at_5": 0.35581,
        "mrr_at_10": 0.367995,
        "mrr_at_20": 0.376294,
        "mrr_at_100": 0.38587,
        "mrr_at_1000": 0.38587,
        "nauc_ndcg_at_1_max": 0.184396,
        "nauc_ndcg_at_1_std": -0.075645,
        "nauc_ndcg_at_1_diff1": 0.437767,
        "nauc_ndcg_at_3_max": 0.174784,
        "nauc_ndcg_at_3_std": -0.058478,
        "nauc_ndcg_at_3_diff1": 0.404384,
        "nauc_ndcg_at_5_max": 0.16918,
        "nauc_ndcg_at_5_std": -0.058019,
        "nauc_ndcg_at_5_diff1": 0.390839,
        "nauc_ndcg_at_10_max": 0.147334,
        "nauc_ndcg_at_10_std": -0.076486,
        "nauc_ndcg_at_10_diff1": 0.378521,
        "nauc_ndcg_at_20_max": 0.149905,
        "nauc_ndcg_at_20_std": -0.070792,
        "nauc_ndcg_at_20_diff1": 0.37238,
        "nauc_ndcg_at_100_max": 0.167414,
        "nauc_ndcg_at_100_std": -0.061533,
        "nauc_ndcg_at_100_diff1": 0.391463,
        "nauc_ndcg_at_1000_max": 0.167414,
        "nauc_ndcg_at_1000_std": -0.061533,
        "nauc_ndcg_at_1000_diff1": 0.391463,
        "nauc_map_at_1_max": 0.149876,
        "nauc_map_at_1_std": -0.114301,
        "nauc_map_at_1_diff1": 0.491553,
        "nauc_map_at_3_max": 0.171811,
        "nauc_map_at_3_std": -0.064268,
        "nauc_map_at_3_diff1": 0.40718,
        "nauc_map_at_5_max": 0.170608,
        "nauc_map_at_5_std": -0.060245,
        "nauc_map_at_5_diff1": 0.402523,
        "nauc_map_at_10_max": 0.161849,
        "nauc_map_at_10_std": -0.067702,
        "nauc_map_at_10_diff1": 0.395369,
        "nauc_map_at_20_max": 0.162043,
        "nauc_map_at_20_std": -0.067568,
        "nauc_map_at_20_diff1": 0.393953,
        "nauc_map_at_100_max": 0.166319,
        "nauc_map_at_100_std": -0.06435,
        "nauc_map_at_100_diff1": 0.396837,
        "nauc_map_at_1000_max": 0.166319,
        "nauc_map_at_1000_std": -0.06435,
        "nauc_map_at_1000_diff1": 0.396837,
        "nauc_recall_at_1_max": 0.149876,
        "nauc_recall_at_1_std": -0.114301,
        "nauc_recall_at_1_diff1": 0.491553,
        "nauc_recall_at_3_max": 0.159949,
        "nauc_recall_at_3_std": -0.054487,
        "nauc_recall_at_3_diff1": 0.3767,
        "nauc_recall_at_5_max": 0.149151,
        "nauc_recall_at_5_std": -0.049223,
        "nauc_recall_at_5_diff1": 0.338562,
        "nauc_recall_at_10_max": 0.080092,
        "nauc_recall_at_10_std": -0.104162,
        "nauc_recall_at_10_diff1": 0.294349,
        "nauc_recall_at_20_max": 0.078148,
        "nauc_recall_at_20_std": -0.084195,
        "nauc_recall_at_20_diff1": 0.252562,
        "nauc_recall_at_100_max": NaN,
        "nauc_recall_at_100_std": NaN,
        "nauc_recall_at_100_diff1": NaN,
        "nauc_recall_at_1000_max": NaN,
        "nauc_recall_at_1000_std": NaN,
        "nauc_recall_at_1000_diff1": NaN,
        "nauc_precision_at_1_max": 0.184396,
        "nauc_precision_at_1_std": -0.075645,
        "nauc_precision_at_1_diff1": 0.437767,
        "nauc_precision_at_3_max": 0.190268,
        "nauc_precision_at_3_std": 0.026041,
        "nauc_precision_at_3_diff1": 0.2451,
        "nauc_precision_at_5_max": 0.165887,
        "nauc_precision_at_5_std": 0.030261,
        "nauc_precision_at_5_diff1": 0.204313,
        "nauc_precision_at_10_max": 0.120052,
        "nauc_precision_at_10_std": 0.004674,
        "nauc_precision_at_10_diff1": 0.16623,
        "nauc_precision_at_20_max": 0.105734,
        "nauc_precision_at_20_std": 0.018836,
        "nauc_precision_at_20_diff1": 0.119863,
        "nauc_precision_at_100_max": 0.100639,
        "nauc_precision_at_100_std": 0.109072,
        "nauc_precision_at_100_diff1": -0.014857,
        "nauc_precision_at_1000_max": 0.100639,
        "nauc_precision_at_1000_std": 0.109072,
        "nauc_precision_at_1000_diff1": -0.014857,
        "nauc_mrr_at_1_max": 0.199091,
        "nauc_mrr_at_1_std": -0.06229,
        "nauc_mrr_at_1_diff1": 0.426588,
        "nauc_mrr_at_3_max": 0.196861,
        "nauc_mrr_at_3_std": -0.05037,
        "nauc_mrr_at_3_diff1": 0.409839,
        "nauc_mrr_at_5_max": 0.187548,
        "nauc_mrr_at_5_std": -0.057818,
        "nauc_mrr_at_5_diff1": 0.401873,
        "nauc_mrr_at_10_max": 0.179739,
        "nauc_mrr_at_10_std": -0.064398,
        "nauc_mrr_at_10_diff1": 0.399513,
        "nauc_mrr_at_20_max": 0.1812,
        "nauc_mrr_at_20_std": -0.061383,
        "nauc_mrr_at_20_diff1": 0.398943,
        "nauc_mrr_at_100_max": 0.182934,
        "nauc_mrr_at_100_std": -0.061353,
        "nauc_mrr_at_100_diff1": 0.400424,
        "nauc_mrr_at_1000_max": 0.182934,
        "nauc_mrr_at_1000_std": -0.061353,
        "nauc_mrr_at_1000_diff1": 0.400424,
        "main_score": 0.3838,
        "hf_subset": "kor-kor",
        "languages": [
          "kor-Hang",
          "kor-Hang"
        ]
      },
      {
        "ndcg_at_1": 0.01529,
        "ndcg_at_3": 0.01406,
        "ndcg_at_5": 0.01505,
        "ndcg_at_10": 0.01776,
        "ndcg_at_20": 0.02145,
        "ndcg_at_100": 0.02502,
        "ndcg_at_1000": 0.02502,
        "map_at_1": 0.00739,
        "map_at_3": 0.01115,
        "map_at_5": 0.01175,
        "map_at_10": 0.01281,
        "map_at_20": 0.01363,
        "map_at_100": 0.01414,
        "map_at_1000": 0.01414,
        "recall_at_1": 0.00739,
        "recall_at_3": 0.01491,
        "recall_at_5": 0.01743,
        "recall_at_10": 0.02482,
        "recall_at_20": 0.03767,
        "recall_at_100": 0.05306,
        "recall_at_1000": 0.05306,
        "precision_at_1": 0.01529,
        "precision_at_3": 0.00866,
        "precision_at_5": 0.00642,
        "precision_at_10": 0.00443,
        "precision_at_20": 0.00336,
        "precision_at_100": 0.00096,
        "precision_at_1000": 0.0001,
        "mrr_at_1": 0.015291,
        "mrr_at_3": 0.018603,
        "mrr_at_5": 0.019903,
        "mrr_at_10": 0.02126,
        "mrr_at_20": 0.0228,
        "mrr_at_100": 0.023596,
        "mrr_at_1000": 0.023596,
        "nauc_ndcg_at_1_max": 0.504326,
        "nauc_ndcg_at_1_std": 0.474486,
        "nauc_ndcg_at_1_diff1": 0.603044,
        "nauc_ndcg_at_3_max": 0.433977,
        "nauc_ndcg_at_3_std": 0.428265,
        "nauc_ndcg_at_3_diff1": 0.455967,
        "nauc_ndcg_at_5_max": 0.456837,
        "nauc_ndcg_at_5_std": 0.453208,
        "nauc_ndcg_at_5_diff1": 0.465419,
        "nauc_ndcg_at_10_max": 0.43354,
        "nauc_ndcg_at_10_std": 0.430024,
        "nauc_ndcg_at_10_diff1": 0.418113,
        "nauc_ndcg_at_20_max": 0.371942,
        "nauc_ndcg_at_20_std": 0.364995,
        "nauc_ndcg_at_20_diff1": 0.362779,
        "nauc_ndcg_at_100_max": 0.324374,
        "nauc_ndcg_at_100_std": 0.319313,
        "nauc_ndcg_at_100_diff1": 0.3073,
        "nauc_ndcg_at_1000_max": 0.324374,
        "nauc_ndcg_at_1000_std": 0.319313,
        "nauc_ndcg_at_1000_diff1": 0.3073,
        "nauc_map_at_1_max": 0.59025,
        "nauc_map_at_1_std": 0.519861,