{
  "timestamp": "20250318_025326",
  "datatype_name": "AutoRAG",
  "qa_path": "/home/sionic/projects/retriever-simple-benchmark/retriever-simple-benchmark/data/AutoRAG/qa_v4.parquet",
  "corpus_path": "/home/sionic/projects/retriever-simple-benchmark/retriever-simple-benchmark/data/AutoRAG/ocr_corpus_v3.parquet",
  "model_type": "cross-encoder",
  "model_name": "michaelfeil/mxbai-rerank-base-v2-seq",
  "model_class": "mxbai",
  "use_fp16": true,
  "metrics": {
    "accuracy": {
      "1": 0.8421052631578947,
      "3": 0.9736842105263158,
      "5": 1.0,
      "10": 1.0
    },
    "f1": {
      "1": 0.8421052631578947,
      "3": 0.4868421052631579,
      "5": 0.33333333333333326,
      "10": 0.1818181818181821
    },
    "recall": {
      "1": 0.8421052631578947,
      "3": 0.9736842105263158,
      "5": 1.0,
      "10": 1.0
    },
    "precision": {
      "1": 0.8421052631578947,
      "3": 0.32456140350877183,
      "5": 0.19999999999999957,
      "10": 0.09999999999999978
    }
  },
  "inference_times": {
    "total_inference_time_sec": 1055.3914413452148,
    "avg_inference_time_per_query_sec": 9.257819660922937
  }
}