{
  "timestamp": "20241230_174014",
  "datatype_name": "AutoRAG",
  "qa_path": "/retriever-simple-benchmark/data/AutoRAG/qa_v4.parquet",
  "corpus_path": "/retriever-simple-benchmark/data/AutoRAG/ocr_corpus_v3.parquet",
  "model_type": "cross-encoder",
  "model_name": "BAAI/bge-reranker-v2-gemma",
  "model_class": "flagllmreranker",
  "use_fp16": true,
  "metrics": {
    "accuracy": {
      "1": 0.7719298245614035,
      "3": 0.8771929824561403,
      "5": 0.9122807017543859,
      "10": 0.9473684210526315
    },
    "f1": {
      "1": 0.7719298245614035,
      "3": 0.43859649122807015,
      "5": 0.3040935672514617,
      "10": 0.17224880382775137
    },
    "recall": {
      "1": 0.7719298245614035,
      "3": 0.8771929824561403,
      "5": 0.9122807017543859,
      "10": 0.9473684210526315
    },
    "precision": {
      "1": 0.7719298245614035,
      "3": 0.2923976608187131,
      "5": 0.18245614035087682,
      "10": 0.09473684210526297
    }
  },
  "inference_times": {
    "total_inference_time_sec": 1335.1863877773285,
    "avg_inference_time_per_query_sec": 11.712161296292356
  }
}