{
  "dataset_revision": "75b399394a9803252cfec289d103de462763db7c",
  "task_name": "BelebeleRetrieval",
  "mteb_version": "1.38.1",
  "scores": {
    "test": [
      {
        "ndcg_at_1": 0.93556,
        "ndcg_at_3": 0.95738,
        "ndcg_at_5": 0.96063,
        "ndcg_at_10": 0.96254,
        "ndcg_at_20": 0.96343,
        "ndcg_at_100": 0.96469,
        "ndcg_at_1000": 0.96527,
        "map_at_1": 0.93556,
        "map_at_3": 0.95222,
        "map_at_5": 0.95406,
        "map_at_10": 0.9549,
        "map_at_20": 0.95518,
        "map_at_100": 0.95535,
        "map_at_1000": 0.95537,
        "recall_at_1": 0.93556,
        "recall_at_3": 0.97222,
        "recall_at_5": 0.98,
        "recall_at_10": 0.98556,
        "recall_at_20": 0.98889,
        "recall_at_100": 0.99556,
        "recall_at_1000": 1.0,
        "precision_at_1": 0.93556,
        "precision_at_3": 0.32407,
        "precision_at_5": 0.196,
        "precision_at_10": 0.09856,
        "precision_at_20": 0.04944,
        "precision_at_100": 0.00996,
        "precision_at_1000": 0.001,
        "mrr_at_1": 0.935556,
        "mrr_at_3": 0.952222,
        "mrr_at_5": 0.954556,
        "mrr_at_10": 0.955402,
        "mrr_at_20": 0.955559,
        "mrr_at_100": 0.955731,
        "mrr_at_1000": 0.955749,
        "nauc_ndcg_at_1_max": 0.819883,
        "nauc_ndcg_at_1_std": 0.816502,
        "nauc_ndcg_at_1_diff1": 0.845938,
        "nauc_ndcg_at_3_max": 0.829593,
        "nauc_ndcg_at_3_std": 0.824481,
        "nauc_ndcg_at_3_diff1": 0.857124,
        "nauc_ndcg_at_5_max": 0.821924,
        "nauc_ndcg_at_5_std": 0.81639,
        "nauc_ndcg_at_5_diff1": 0.849926,
        "nauc_ndcg_at_10_max": 0.825534,
        "nauc_ndcg_at_10_std": 0.819719,
        "nauc_ndcg_at_10_diff1": 0.853504,
        "nauc_ndcg_at_20_max": 0.828701,
        "nauc_ndcg_at_20_std": 0.822743,
        "nauc_ndcg_at_20_diff1": 0.855361,
        "nauc_ndcg_at_100_max": 0.826541,
        "nauc_ndcg_at_100_std": 0.820371,
        "nauc_ndcg_at_100_diff1": 0.85415,
        "nauc_ndcg_at_1000_max": 0.826029,
        "nauc_ndcg_at_1000_std": 0.820584,
        "nauc_ndcg_at_1000_diff1": 0.853391,
        "nauc_map_at_1_max": 0.819883,
        "nauc_map_at_1_std": 0.816502,
        "nauc_map_at_1_diff1": 0.845938,
        "nauc_map_at_3_max": 0.827071,
        "nauc_map_at_3_std": 0.822511,
        "nauc_map_at_3_diff1": 0.854362,
        "nauc_map_at_5_max": 0.823193,
        "nauc_map_at_5_std": 0.818451,
        "nauc_map_at_5_diff1": 0.850763,
        "nauc_map_at_10_max": 0.824571,
        "nauc_map_at_10_std": 0.81974,
        "nauc_map_at_10_diff1": 0.852141,
        "nauc_map_at_20_max": 0.825479,
        "nauc_map_at_20_std": 0.820619,
        "nauc_map_at_20_diff1": 0.852687,
        "nauc_map_at_100_max": 0.825153,
        "nauc_map_at_100_std": 0.820274,
        "nauc_map_at_100_diff1": 0.852468,
        "nauc_map_at_1000_max": 0.825131,
        "nauc_map_at_1000_std": 0.820275,
        "nauc_map_at_1000_diff1": 0.852438,
        "nauc_recall_at_1_max": 0.819883,
        "nauc_recall_at_1_std": 0.816502,
        "nauc_recall_at_1_diff1": 0.845938,
        "nauc_recall_at_3_max": 0.841662,
        "nauc_recall_at_3_std": 0.833819,
        "nauc_recall_at_3_diff1": 0.870215,
        "nauc_recall_at_5_max": 0.81095,
        "nauc_recall_at_5_std": 0.800057,
        "nauc_recall_at_5_diff1": 0.841529,
        "nauc_recall_at_10_max": 0.833764,
        "nauc_recall_at_10_std": 0.818681,
        "nauc_recall_at_10_diff1": 0.864792,
        "nauc_recall_at_20_max": 0.871615,
        "nauc_recall_at_20_std": 0.852007,
        "nauc_recall_at_20_diff1": 0.888422,
        "nauc_recall_at_100_max": 0.855859,
        "nauc_recall_at_100_std": 0.806839,
        "nauc_recall_at_100_diff1": 0.897876,
        "nauc_recall_at_1000_max": NaN,
        "nauc_recall_at_1000_std": NaN,
        "nauc_recall_at_1000_diff1": NaN,
        "nauc_precision_at_1_max": 0.819883,
        "nauc_precision_at_1_std": 0.816502,
        "nauc_precision_at_1_diff1": 0.845938,
        "nauc_precision_at_3_max": 0.841662,
        "nauc_precision_at_3_std": 0.833819,
        "nauc_precision_at_3_diff1": 0.870215,
        "nauc_precision_at_5_max": 0.81095,
        "nauc_precision_at_5_std": 0.800057,
        "nauc_precision_at_5_diff1": 0.841529,
        "nauc_precision_at_10_max": 0.833764,
        "nauc_precision_at_10_std": 0.818681,
        "nauc_precision_at_10_diff1": 0.864792,
        "nauc_precision_at_20_max": 0.871615,
        "nauc_precision_at_20_std": 0.852007,
        "nauc_precision_at_20_diff1": 0.888422,
        "nauc_precision_at_100_max": 0.855859,
        "nauc_precision_at_100_std": 0.806839,
        "nauc_precision_at_100_diff1": 0.897876,
        "nauc_precision_at_1000_max": NaN,
        "nauc_precision_at_1000_std": NaN,
        "nauc_precision_at_1000_diff1": NaN,
        "nauc_mrr_at_1_max": 0.819883,
        "nauc_mrr_at_1_std": 0.816502,
        "nauc_mrr_at_1_diff1": 0.845938,
        "nauc_mrr_at_3_max": 0.827071,
        "nauc_mrr_at_3_std": 0.822511,
        "nauc_mrr_at_3_diff1": 0.854362,
        "nauc_mrr_at_5_max": 0.821248,
        "nauc_mrr_at_5_std": 0.816454,
        "nauc_mrr_at_5_diff1": 0.849121,
        "nauc_mrr_at_10_max": 0.822604,
        "nauc_mrr_at_10_std": 0.817719,
        "nauc_mrr_at_10_diff1": 0.850483,
        "nauc_mrr_at_20_max": 0.823973,
        "nauc_mrr_at_20_std": 0.819071,
        "nauc_mrr_at_20_diff1": 0.851415,
        "nauc_mrr_at_100_max": 0.823656,
        "nauc_mrr_at_100_std": 0.818735,
        "nauc_mrr_at_100_diff1": 0.851205,
        "nauc_mrr_at_1000_max": 0.823655,
        "nauc_mrr_at_1000_std": 0.818757,
        "nauc_mrr_at_1000_diff1": 0.851193,
        "main_score": 0.96254,
        "hf_subset": "kor_Hang-kor_Hang",
        "languages": [
          "kor-Hang",
          "kor-Hang"
        ]
      },
      {
        "ndcg_at_1": 0.86111,
        "ndcg_at_3": 0.89944,
        "ndcg_at_5": 0.9059,
        "ndcg_at_10": 0.91399,
        "ndcg_at_20": 0.91854,
        "ndcg_at_100": 0.92092,
        "ndcg_at_1000": 0.92135,
        "map_at_1": 0.86111,
        "map_at_3": 0.89037,
        "map_at_5": 0.89398,
        "map_at_10": 0.89722,
        "map_at_20": 0.89849,
        "map_at_100": 0.89887,
        "map_at_1000": 0.89888,
        "recall_at_1": 0.86111,
        "recall_at_3": 0.92556,
        "recall_at_5": 0.94111,
        "recall_at_10": 0.96667,
        "recall_at_20": 0.98444,
        "recall_at_100": 0.99667,
        "recall_at_1000": 1.0,
        "precision_at_1": 0.86111,
        "precision_at_3": 0.30852,
        "precision_at_5": 0.18822,
        "precision_at_10": 0.09667,
        "precision_at_20": 0.04922,
        "precision_at_100": 0.00997,
        "precision_at_1000": 0.001,
        "mrr_at_1": 0.861111,
        "mrr_at_3": 0.88963,
        "mrr_at_5": 0.893463,
        "mrr_at_10": 0.896633,
        "mrr_at_20": 0.89797,
        "mrr_at_100": 0.898382,
        "mrr_at_1000": 0.898397,
        "nauc_ndcg_at_1_max": 0.668517,
        "nauc_ndcg_at_1_std": 0.646013,
        "nauc_ndcg_at_1_diff1": 0.722702,
        "nauc_ndcg_at_3_max": 0.660707,
        "nauc_ndcg_at_3_std": 0.639948,
        "nauc_ndcg_at_3_diff1": 0.715277,
        "nauc_ndcg_at_5_max": 0.652472,
        "nauc_ndcg_at_5_std": 0.63181,
        "nauc_ndcg_at_5_diff1": 0.70529,
        "nauc_ndcg_at_10_max": 0.666153,
        "nauc_ndcg_at_10_std": 0.64484,
        "nauc_ndcg_at_10_diff1": 0.721651,
        "nauc_ndcg_at_20_max": 0.668689,
        "nauc_ndcg_at_20_std": 0.646899,
        "nauc_ndcg_at_20_diff1": 0.723281,
        "nauc_ndcg_at_100_max": 0.662708,
        "nauc_ndcg_at_100_std": 0.640245,
        "nauc_ndcg_at_100_diff1": 0.717685,
        "nauc_ndcg_at_1000_max": 0.663246,
        "nauc_ndcg_at_1000_std": 0.641383,
        "nauc_ndcg_at_1000_diff1": 0.717984,
        "nauc_map_at_1_max": 0.668517,
        "nauc_map_at_1_std": 0.646013,