{
  "dataset_revision": "d243889a3eb6654029dbd7e7f9319ae31d58f97c",
  "task_name": "Ko-StrategyQA",
  "mteb_version": "1.38.1",
  "scores": {
    "dev": [
      {
        "ndcg_at_1": 0.7348,
        "ndcg_at_3": 0.7375,
        "ndcg_at_5": 0.76502,
        "ndcg_at_10": 0.78171,
        "ndcg_at_20": 0.78952,
        "ndcg_at_100": 0.80322,
        "ndcg_at_1000": 0.8149,
        "map_at_1": 0.47859,
        "map_at_3": 0.69463,
        "map_at_5": 0.72301,
        "map_at_10": 0.73407,
        "map_at_20": 0.73753,
        "map_at_100": 0.74001,
        "map_at_1000": 0.74063,
        "recall_at_1": 0.47859,
        "recall_at_3": 0.74875,
        "recall_at_5": 0.80587,
        "recall_at_10": 0.84543,
        "recall_at_20": 0.86906,
        "recall_at_100": 0.9276,
        "recall_at_1000": 1.0,
        "precision_at_1": 0.7348,
        "precision_at_3": 0.43863,
        "precision_at_5": 0.29088,
        "precision_at_10": 0.15541,
        "precision_at_20": 0.08066,
        "precision_at_100": 0.01755,
        "precision_at_1000": 0.00193,
        "mrr_at_1": 0.751689,
        "mrr_at_3": 0.801802,
        "mrr_at_5": 0.8067,
        "mrr_at_10": 0.808849,
        "mrr_at_20": 0.809693,
        "mrr_at_100": 0.811015,
        "mrr_at_1000": 0.811193,
        "nauc_ndcg_at_1_max": 0.515093,
        "nauc_ndcg_at_1_std": 0.309638,
        "nauc_ndcg_at_1_diff1": 0.552051,
        "nauc_ndcg_at_3_max": 0.612405,
        "nauc_ndcg_at_3_std": 0.450752,
        "nauc_ndcg_at_3_diff1": 0.496512,
        "nauc_ndcg_at_5_max": 0.633172,
        "nauc_ndcg_at_5_std": 0.496383,
        "nauc_ndcg_at_5_diff1": 0.510377,
        "nauc_ndcg_at_10_max": 0.637765,
        "nauc_ndcg_at_10_std": 0.510112,
        "nauc_ndcg_at_10_diff1": 0.520311,
        "nauc_ndcg_at_20_max": 0.639642,
        "nauc_ndcg_at_20_std": 0.509088,
        "nauc_ndcg_at_20_diff1": 0.530786,
        "nauc_ndcg_at_100_max": 0.637084,
        "nauc_ndcg_at_100_std": 0.502198,
        "nauc_ndcg_at_100_diff1": 0.533561,
        "nauc_ndcg_at_1000_max": 0.622677,
        "nauc_ndcg_at_1000_std": 0.480771,
        "nauc_ndcg_at_1000_diff1": 0.527291,
        "nauc_map_at_1_max": 0.279116,
        "nauc_map_at_1_std": 0.048174,
        "nauc_map_at_1_diff1": 0.517023,
        "nauc_map_at_3_max": 0.575307,
        "nauc_map_at_3_std": 0.392311,
        "nauc_map_at_3_diff1": 0.478465,
        "nauc_map_at_5_max": 0.594859,
        "nauc_map_at_5_std": 0.433535,
        "nauc_map_at_5_diff1": 0.492787,
        "nauc_map_at_10_max": 0.596626,
        "nauc_map_at_10_std": 0.440958,
        "nauc_map_at_10_diff1": 0.49878,
        "nauc_map_at_20_max": 0.598424,
        "nauc_map_at_20_std": 0.441528,
        "nauc_map_at_20_diff1": 0.503432,
        "nauc_map_at_100_max": 0.599331,
        "nauc_map_at_100_std": 0.442112,
        "nauc_map_at_100_diff1": 0.504038,
        "nauc_map_at_1000_max": 0.598698,
        "nauc_map_at_1000_std": 0.441235,
        "nauc_map_at_1000_diff1": 0.503736,
        "nauc_recall_at_1_max": 0.279116,
        "nauc_recall_at_1_std": 0.048174,
        "nauc_recall_at_1_diff1": 0.517023,
        "nauc_recall_at_3_max": 0.652837,
        "nauc_recall_at_3_std": 0.52419,
        "nauc_recall_at_3_diff1": 0.448287,
        "nauc_recall_at_5_max": 0.700623,
        "nauc_recall_at_5_std": 0.627866,
        "nauc_recall_at_5_diff1": 0.476028,
        "nauc_recall_at_10_max": 0.735395,
        "nauc_recall_at_10_std": 0.6957,
        "nauc_recall_at_10_diff1": 0.511259,
        "nauc_recall_at_20_max": 0.76138,
        "nauc_recall_at_20_std": 0.720664,
        "nauc_recall_at_20_diff1": 0.55764,
        "nauc_recall_at_100_max": 0.818979,
        "nauc_recall_at_100_std": 0.78911,
        "nauc_recall_at_100_diff1": 0.607651,
        "nauc_recall_at_1000_max": NaN,
        "nauc_recall_at_1000_std": NaN,
        "nauc_recall_at_1000_diff1": NaN,
        "nauc_precision_at_1_max": 0.515093,
        "nauc_precision_at_1_std": 0.309638,
        "nauc_precision_at_1_diff1": 0.552051,
        "nauc_precision_at_3_max": 0.407294,
        "nauc_precision_at_3_std": 0.478237,
        "nauc_precision_at_3_diff1": 0.040474,
        "nauc_precision_at_5_max": 0.308255,
        "nauc_precision_at_5_std": 0.427507,
        "nauc_precision_at_5_diff1": -0.002323,
        "nauc_precision_at_10_max": 0.232922,
        "nauc_precision_at_10_std": 0.381796,
        "nauc_precision_at_10_diff1": -0.046234,
        "nauc_precision_at_20_max": 0.189498,
        "nauc_precision_at_20_std": 0.33824,
        "nauc_precision_at_20_diff1": -0.058867,
        "nauc_precision_at_100_max": 0.07029,
        "nauc_precision_at_100_std": 0.235451,
        "nauc_precision_at_100_diff1": -0.140872,
        "nauc_precision_at_1000_max": -0.137021,
        "nauc_precision_at_1000_std": 0.034153,
        "nauc_precision_at_1000_diff1": -0.285285,
        "nauc_mrr_at_1_max": 0.622282,
        "nauc_mrr_at_1_std": 0.459486,
        "nauc_mrr_at_1_diff1": 0.506242,
        "nauc_mrr_at_3_max": 0.692382,
        "nauc_mrr_at_3_std": 0.576352,
        "nauc_mrr_at_3_diff1": 0.53372,
        "nauc_mrr_at_5_max": 0.689231,
        "nauc_mrr_at_5_std": 0.569858,
        "nauc_mrr_at_5_diff1": 0.535239,
        "nauc_mrr_at_10_max": 0.688581,
        "nauc_mrr_at_10_std": 0.569427,
        "nauc_mrr_at_10_diff1": 0.533437,
        "nauc_mrr_at_20_max": 0.687588,
        "nauc_mrr_at_20_std": 0.568,
        "nauc_mrr_at_20_diff1": 0.532959,
        "nauc_mrr_at_100_max": 0.686443,
        "nauc_mrr_at_100_std": 0.56591,
        "nauc_mrr_at_100_diff1": 0.532624,
        "nauc_mrr_at_1000_max": 0.686285,
        "nauc_mrr_at_1000_std": 0.565641,
        "nauc_mrr_at_1000_diff1": 0.532469,
        "main_score": 0.78171,
        "hf_subset": "default",
        "languages": [
          "kor-Hang"
        ]
      }
    ]
  },
  "evaluation_time": 4430.825101613998,
  "kg_co2_emissions": null
}