{
  "dataset_revision": "main",
  "task_name": "MIRACLRetrieval",
  "mteb_version": "1.38.1",
  "scores": {
    "dev": [
      {
        "ndcg_at_1": 0.55399,
        "ndcg_at_3": 0.57776,
        "ndcg_at_5": 0.6009,
        "ndcg_at_10": 0.64447,
        "ndcg_at_20": 0.67528,
        "ndcg_at_100": 0.71294,
        "ndcg_at_1000": 0.71572,
        "map_at_1": 0.36601,
        "map_at_3": 0.47651,
        "map_at_5": 0.51503,
        "map_at_10": 0.55262,
        "map_at_20": 0.56941,
        "map_at_100": 0.58113,
        "map_at_1000": 0.58137,
        "recall_at_1": 0.36601,
        "recall_at_3": 0.56019,
        "recall_at_5": 0.64256,
        "recall_at_10": 0.7629,
        "recall_at_20": 0.84707,
        "recall_at_100": 0.98474,
        "recall_at_1000": 1.0,
        "precision_at_1": 0.55399,
        "precision_at_3": 0.3349,
        "precision_at_5": 0.25915,
        "precision_at_10": 0.17042,
        "precision_at_20": 0.10094,
        "precision_at_100": 0.02516,
        "precision_at_1000": 0.00257,
        "mrr_at_1": 0.755869,
        "mrr_at_3": 0.793427,
        "mrr_at_5": 0.798826,
        "mrr_at_10": 0.804317,
        "mrr_at_20": 0.80704,
        "mrr_at_100": 0.808781,
        "mrr_at_1000": 0.808817,
        "nauc_ndcg_at_1_max": 0.114166,
        "nauc_ndcg_at_1_std": -0.275591,
        "nauc_ndcg_at_1_diff1": 0.263471,
        "nauc_ndcg_at_3_max": 0.199267,
        "nauc_ndcg_at_3_std": -0.405638,
        "nauc_ndcg_at_3_diff1": 0.282974,
        "nauc_ndcg_at_5_max": 0.201574,
        "nauc_ndcg_at_5_std": -0.428976,
        "nauc_ndcg_at_5_diff1": 0.271911,
        "nauc_ndcg_at_10_max": 0.237305,
        "nauc_ndcg_at_10_std": -0.426816,
        "nauc_ndcg_at_10_diff1": 0.260097,
        "nauc_ndcg_at_20_max": 0.254836,
        "nauc_ndcg_at_20_std": -0.384695,
        "nauc_ndcg_at_20_diff1": 0.232557,
        "nauc_ndcg_at_100_max": 0.230612,
        "nauc_ndcg_at_100_std": -0.330806,
        "nauc_ndcg_at_100_diff1": 0.219866,
        "nauc_ndcg_at_1000_max": 0.229264,
        "nauc_ndcg_at_1000_std": -0.330919,
        "nauc_ndcg_at_1000_diff1": 0.223595,
        "nauc_map_at_1_max": 0.117667,
        "nauc_map_at_1_std": -0.508783,
        "nauc_map_at_1_diff1": 0.511223,
        "nauc_map_at_3_max": 0.158673,
        "nauc_map_at_3_std": -0.541601,
        "nauc_map_at_3_diff1": 0.418775,
        "nauc_map_at_5_max": 0.156351,
        "nauc_map_at_5_std": -0.527969,
        "nauc_map_at_5_diff1": 0.372988,
        "nauc_map_at_10_max": 0.182899,
        "nauc_map_at_10_std": -0.489473,
        "nauc_map_at_10_diff1": 0.336989,
        "nauc_map_at_20_max": 0.192732,
        "nauc_map_at_20_std": -0.463873,
        "nauc_map_at_20_diff1": 0.319078,
        "nauc_map_at_100_max": 0.190315,
        "nauc_map_at_100_std": -0.443946,
        "nauc_map_at_100_diff1": 0.312597,
        "nauc_map_at_1000_max": 0.190475,
        "nauc_map_at_1000_std": -0.443919,
        "nauc_map_at_1000_diff1": 0.312856,
        "nauc_recall_at_1_max": 0.117667,
        "nauc_recall_at_1_std": -0.508783,
        "nauc_recall_at_1_diff1": 0.511223,
        "nauc_recall_at_3_max": 0.21189,
        "nauc_recall_at_3_std": -0.549206,
        "nauc_recall_at_3_diff1": 0.345615,
        "nauc_recall_at_5_max": 0.23087,
        "nauc_recall_at_5_std": -0.551027,
        "nauc_recall_at_5_diff1": 0.270198,
        "nauc_recall_at_10_max": 0.330581,
        "nauc_recall_at_10_std": -0.509039,
        "nauc_recall_at_10_diff1": 0.214714,
        "nauc_recall_at_20_max": 0.431528,
        "nauc_recall_at_20_std": -0.447645,
        "nauc_recall_at_20_diff1": 0.143303,
        "nauc_recall_at_100_max": 0.433728,
        "nauc_recall_at_100_std": -0.140241,
        "nauc_recall_at_100_diff1": -0.171035,
        "nauc_recall_at_1000_max": NaN,
        "nauc_recall_at_1000_std": NaN,
        "nauc_recall_at_1000_diff1": NaN,
        "nauc_precision_at_1_max": 0.114166,
        "nauc_precision_at_1_std": -0.275591,
        "nauc_precision_at_1_diff1": 0.263471,
        "nauc_precision_at_3_max": 0.191644,
        "nauc_precision_at_3_std": 0.036772,
        "nauc_precision_at_3_diff1": -0.229056,
        "nauc_precision_at_5_max": 0.116069,
        "nauc_precision_at_5_std": 0.241327,
        "nauc_precision_at_5_diff1": -0.373025,
        "nauc_precision_at_10_max": 0.13383,
        "nauc_precision_at_10_std": 0.450927,
        "nauc_precision_at_10_diff1": -0.468563,
        "nauc_precision_at_20_max": 0.126847,
        "nauc_precision_at_20_std": 0.554531,
        "nauc_precision_at_20_diff1": -0.504395,
        "nauc_precision_at_100_max": 0.047561,
        "nauc_precision_at_100_std": 0.672072,
        "nauc_precision_at_100_diff1": -0.508731,
        "nauc_precision_at_1000_max": 0.04518,
        "nauc_precision_at_1000_std": 0.67449,
        "nauc_precision_at_1000_diff1": -0.502097,
        "nauc_mrr_at_1_max": 0.488445,
        "nauc_mrr_at_1_std": 0.203014,
        "nauc_mrr_at_1_diff1": -0.2779,
        "nauc_mrr_at_3_max": 0.568543,
        "nauc_mrr_at_3_std": 0.205081,
        "nauc_mrr_at_3_diff1": -0.294355,
        "nauc_mrr_at_5_max": 0.576328,
        "nauc_mrr_at_5_std": 0.203358,
        "nauc_mrr_at_5_diff1": -0.293905,
        "nauc_mrr_at_10_max": 0.571702,
        "nauc_mrr_at_10_std": 0.192815,
        "nauc_mrr_at_10_diff1": -0.28161,
        "nauc_mrr_at_20_max": 0.567511,
        "nauc_mrr_at_20_std": 0.195254,
        "nauc_mrr_at_20_diff1": -0.283357,
        "nauc_mrr_at_100_max": 0.565817,
        "nauc_mrr_at_100_std": 0.197,
        "nauc_mrr_at_100_diff1": -0.284065,
        "nauc_mrr_at_1000_max": 0.565728,
        "nauc_mrr_at_1000_std": 0.196834,
        "nauc_mrr_at_1000_diff1": -0.283888,
        "main_score": 0.64447,
        "hf_subset": "ko",
        "languages": [
          "kor-Kore"
        ]
      }
    ]
  },
  "evaluation_time": 626.5456130504608,
  "kg_co2_emissions": null
}