{
  "dataset_revision": "fc24a3ce8f09746410daee3d5cd823ff7a0675b7",
  "task_name": "MrTidyRetrieval",
  "mteb_version": "1.38.1",
  "scores": {
    "test": [
      {
        "ndcg_at_1": 0.31829,
        "ndcg_at_3": 0.42,
        "ndcg_at_5": 0.46778,
        "ndcg_at_10": 0.50991,
        "ndcg_at_20": 0.53153,
        "ndcg_at_100": 0.55375,
        "ndcg_at_1000": 0.56403,
        "map_at_1": 0.28979,
        "map_at_3": 0.38546,
        "map_at_5": 0.41262,
        "map_at_10": 0.43107,
        "map_at_20": 0.43791,
        "map_at_100": 0.44143,
        "map_at_1000": 0.44185,
        "recall_at_1": 0.28979,
        "recall_at_3": 0.4905,
        "recall_at_5": 0.60293,
        "recall_at_10": 0.72763,
        "recall_at_20": 0.80721,
        "recall_at_100": 0.92122,
        "recall_at_1000": 1.0,
        "precision_at_1": 0.31829,
        "precision_at_3": 0.18606,
        "precision_at_5": 0.13682,
        "precision_at_10": 0.08337,
        "precision_at_20": 0.04703,
        "precision_at_100": 0.01081,
        "precision_at_1000": 0.00117,
        "mrr_at_1": 0.510689,
        "mrr_at_3": 0.557799,
        "mrr_at_5": 0.573951,
        "mrr_at_10": 0.586382,
        "mrr_at_20": 0.590319,
        "mrr_at_100": 0.592495,
        "mrr_at_1000": 0.592837,
        "nauc_ndcg_at_1_max": 0.1038,
        "nauc_ndcg_at_1_std": -0.39467,
        "nauc_ndcg_at_1_diff1": 0.387301,
        "nauc_ndcg_at_3_max": 0.137877,
        "nauc_ndcg_at_3_std": -0.418639,
        "nauc_ndcg_at_3_diff1": 0.27114,
        "nauc_ndcg_at_5_max": 0.123647,
        "nauc_ndcg_at_5_std": -0.391935,
        "nauc_ndcg_at_5_diff1": 0.257152,
        "nauc_ndcg_at_10_max": 0.115563,
        "nauc_ndcg_at_10_std": -0.380428,
        "nauc_ndcg_at_10_diff1": 0.239458,
        "nauc_ndcg_at_20_max": 0.122827,
        "nauc_ndcg_at_20_std": -0.385348,
        "nauc_ndcg_at_20_diff1": 0.238755,
        "nauc_ndcg_at_100_max": 0.122019,
        "nauc_ndcg_at_100_std": -0.375318,
        "nauc_ndcg_at_100_diff1": 0.249541,
        "nauc_ndcg_at_1000_max": 0.123951,
        "nauc_ndcg_at_1000_std": -0.385327,
        "nauc_ndcg_at_1000_diff1": 0.262612,
        "nauc_map_at_1_max": 0.101483,
        "nauc_map_at_1_std": -0.412258,
        "nauc_map_at_1_diff1": 0.401603,
        "nauc_map_at_3_max": 0.131758,
        "nauc_map_at_3_std": -0.421087,
        "nauc_map_at_3_diff1": 0.299034,
        "nauc_map_at_5_max": 0.122523,
        "nauc_map_at_5_std": -0.406006,
        "nauc_map_at_5_diff1": 0.292161,
        "nauc_map_at_10_max": 0.121121,
        "nauc_map_at_10_std": -0.400681,
        "nauc_map_at_10_diff1": 0.28373,
        "nauc_map_at_20_max": 0.123213,
        "nauc_map_at_20_std": -0.402883,
        "nauc_map_at_20_diff1": 0.284644,
        "nauc_map_at_100_max": 0.123336,
        "nauc_map_at_100_std": -0.400898,
        "nauc_map_at_100_diff1": 0.286208,
        "nauc_map_at_1000_max": 0.123434,
        "nauc_map_at_1000_std": -0.401248,
        "nauc_map_at_1000_diff1": 0.286642,
        "nauc_recall_at_1_max": 0.101483,
        "nauc_recall_at_1_std": -0.412258,
        "nauc_recall_at_1_diff1": 0.401603,
        "nauc_recall_at_3_max": 0.153072,
        "nauc_recall_at_3_std": -0.419462,
        "nauc_recall_at_3_diff1": 0.196177,
        "nauc_recall_at_5_max": 0.122432,
        "nauc_recall_at_5_std": -0.343189,
        "nauc_recall_at_5_diff1": 0.147049,
        "nauc_recall_at_10_max": 0.082557,
        "nauc_recall_at_10_std": -0.292993,
        "nauc_recall_at_10_diff1": 0.055571,
        "nauc_recall_at_20_max": 0.110723,
        "nauc_recall_at_20_std": -0.309447,
        "nauc_recall_at_20_diff1": -0.005313,
        "nauc_recall_at_100_max": 0.077762,
        "nauc_recall_at_100_std": -0.0967,
        "nauc_recall_at_100_diff1": -0.107281,
        "nauc_recall_at_1000_max": NaN,
        "nauc_recall_at_1000_std": NaN,
        "nauc_recall_at_1000_diff1": NaN,
        "nauc_precision_at_1_max": 0.1038,
        "nauc_precision_at_1_std": -0.39467,
        "nauc_precision_at_1_diff1": 0.387301,
        "nauc_precision_at_3_max": 0.15656,
        "nauc_precision_at_3_std": -0.362832,
        "nauc_precision_at_3_diff1": 0.128339,
        "nauc_precision_at_5_max": 0.114797,
        "nauc_precision_at_5_std": -0.277775,
        "nauc_precision_at_5_diff1": 0.074514,
        "nauc_precision_at_10_max": 0.098907,
        "nauc_precision_at_10_std": -0.163078,
        "nauc_precision_at_10_diff1": -0.047156,
        "nauc_precision_at_20_max": 0.108821,
        "nauc_precision_at_20_std": -0.083188,
        "nauc_precision_at_20_diff1": -0.102482,
        "nauc_precision_at_100_max": 0.076604,
        "nauc_precision_at_100_std": 0.116295,
        "nauc_precision_at_100_diff1": -0.143608,
        "nauc_precision_at_1000_max": 0.056633,
        "nauc_precision_at_1000_std": 0.177241,
        "nauc_precision_at_1000_diff1": -0.139646,
        "nauc_mrr_at_1_max": 0.40069,
        "nauc_mrr_at_1_std": -0.089106,
        "nauc_mrr_at_1_diff1": -0.044403,
        "nauc_mrr_at_3_max": 0.369006,
        "nauc_mrr_at_3_std": -0.102451,
        "nauc_mrr_at_3_diff1": -0.024481,
        "nauc_mrr_at_5_max": 0.354869,
        "nauc_mrr_at_5_std": -0.108,
        "nauc_mrr_at_5_diff1": -0.019034,
        "nauc_mrr_at_10_max": 0.34902,
        "nauc_mrr_at_10_std": -0.110879,
        "nauc_mrr_at_10_diff1": -0.022558,
        "nauc_mrr_at_20_max": 0.349804,
        "nauc_mrr_at_20_std": -0.11106,
        "nauc_mrr_at_20_diff1": -0.023885,
        "nauc_mrr_at_100_max": 0.350882,
        "nauc_mrr_at_100_std": -0.109805,
        "nauc_mrr_at_100_diff1": -0.024033,
        "nauc_mrr_at_1000_max": 0.351283,
        "nauc_mrr_at_1000_std": -0.109865,
        "nauc_mrr_at_1000_diff1": -0.023966,
        "main_score": 0.50991,
        "hf_subset": "korean",
        "languages": [
          "kor-Kore"
        ]
      }
    ]
  },
  "evaluation_time": 1283.1360924243927,
  "kg_co2_emissions": null
}