{
  "dataset_revision": "d67138e705d963e346253a80e59676ddb418810a",
  "task_name": "MultiLongDocRetrieval",
  "mteb_version": "1.38.1",
  "scores": {
    "test": [
      {
        "ndcg_at_1": 0.51,
        "ndcg_at_3": 0.58178,
        "ndcg_at_5": 0.58781,
        "ndcg_at_10": 0.60096,
        "ndcg_at_20": 0.61153,
        "ndcg_at_100": 0.63135,
        "ndcg_at_1000": 0.65142,
        "map_at_1": 0.51,
        "map_at_3": 0.565,
        "map_at_5": 0.56825,
        "map_at_10": 0.57382,
        "map_at_20": 0.57696,
        "map_at_100": 0.57948,
        "map_at_1000": 0.58011,
        "recall_at_1": 0.51,
        "recall_at_3": 0.63,
        "recall_at_5": 0.645,
        "recall_at_10": 0.685,
        "recall_at_20": 0.725,
        "recall_at_100": 0.835,
        "recall_at_1000": 1.0,
        "precision_at_1": 0.51,
        "precision_at_3": 0.21,
        "precision_at_5": 0.129,
        "precision_at_10": 0.0685,
        "precision_at_20": 0.03625,
        "precision_at_100": 0.00835,
        "precision_at_1000": 0.001,
        "mrr_at_1": 0.515,
        "mrr_at_3": 0.5675,
        "mrr_at_5": 0.57075,
        "mrr_at_10": 0.576319,
        "mrr_at_20": 0.579495,
        "mrr_at_100": 0.582109,
        "mrr_at_1000": 0.582697,
        "nauc_ndcg_at_1_max": 0.499165,
        "nauc_ndcg_at_1_std": 0.385095,
        "nauc_ndcg_at_1_diff1": 0.695576,
        "nauc_ndcg_at_3_max": 0.480595,
        "nauc_ndcg_at_3_std": 0.362007,
        "nauc_ndcg_at_3_diff1": 0.675153,
        "nauc_ndcg_at_5_max": 0.473758,
        "nauc_ndcg_at_5_std": 0.356323,
        "nauc_ndcg_at_5_diff1": 0.667125,
        "nauc_ndcg_at_10_max": 0.47921,
        "nauc_ndcg_at_10_std": 0.36111,
        "nauc_ndcg_at_10_diff1": 0.655528,
        "nauc_ndcg_at_20_max": 0.467347,
        "nauc_ndcg_at_20_std": 0.347734,
        "nauc_ndcg_at_20_diff1": 0.646967,
        "nauc_ndcg_at_100_max": 0.462639,
        "nauc_ndcg_at_100_std": 0.342917,
        "nauc_ndcg_at_100_diff1": 0.648873,
        "nauc_ndcg_at_1000_max": 0.471221,
        "nauc_ndcg_at_1000_std": 0.353382,
        "nauc_ndcg_at_1000_diff1": 0.657901,
        "nauc_map_at_1_max": 0.499165,
        "nauc_map_at_1_std": 0.385095,
        "nauc_map_at_1_diff1": 0.695576,
        "nauc_map_at_3_max": 0.485255,
        "nauc_map_at_3_std": 0.367859,
        "nauc_map_at_3_diff1": 0.679617,
        "nauc_map_at_5_max": 0.481529,
        "nauc_map_at_5_std": 0.364692,
        "nauc_map_at_5_diff1": 0.675336,
        "nauc_map_at_10_max": 0.484034,
        "nauc_map_at_10_std": 0.367023,
        "nauc_map_at_10_diff1": 0.671202,
        "nauc_map_at_20_max": 0.480685,
        "nauc_map_at_20_std": 0.36329,
        "nauc_map_at_20_diff1": 0.668804,
        "nauc_map_at_100_max": 0.480184,
        "nauc_map_at_100_std": 0.36295,
        "nauc_map_at_100_diff1": 0.669099,
        "nauc_map_at_1000_max": 0.480303,
        "nauc_map_at_1000_std": 0.363169,
        "nauc_map_at_1000_diff1": 0.6693,
        "nauc_recall_at_1_max": 0.499165,
        "nauc_recall_at_1_std": 0.385095,
        "nauc_recall_at_1_diff1": 0.695576,
        "nauc_recall_at_3_max": 0.465974,
        "nauc_recall_at_3_std": 0.34362,
        "nauc_recall_at_3_diff1": 0.661449,
        "nauc_recall_at_5_max": 0.447778,
        "nauc_recall_at_5_std": 0.328683,
        "nauc_recall_at_5_diff1": 0.639724,
        "nauc_recall_at_10_max": 0.463305,
        "nauc_recall_at_10_std": 0.341182,
        "nauc_recall_at_10_diff1": 0.593755,
        "nauc_recall_at_20_max": 0.406061,
        "nauc_recall_at_20_std": 0.276042,
        "nauc_recall_at_20_diff1": 0.547485,
        "nauc_recall_at_100_max": 0.326999,
        "nauc_recall_at_100_std": 0.185634,
        "nauc_recall_at_100_diff1": 0.514125,
        "nauc_recall_at_1000_max": NaN,
        "nauc_recall_at_1000_std": NaN,
        "nauc_recall_at_1000_diff1": NaN,
        "nauc_precision_at_1_max": 0.499165,
        "nauc_precision_at_1_std": 0.385095,
        "nauc_precision_at_1_diff1": 0.695576,
        "nauc_precision_at_3_max": 0.465974,
        "nauc_precision_at_3_std": 0.34362,
        "nauc_precision_at_3_diff1": 0.661449,
        "nauc_precision_at_5_max": 0.447778,
        "nauc_precision_at_5_std": 0.328683,
        "nauc_precision_at_5_diff1": 0.639724,
        "nauc_precision_at_10_max": 0.463305,
        "nauc_precision_at_10_std": 0.341182,
        "nauc_precision_at_10_diff1": 0.593755,
        "nauc_precision_at_20_max": 0.406061,
        "nauc_precision_at_20_std": 0.276042,
        "nauc_precision_at_20_diff1": 0.547485,
        "nauc_precision_at_100_max": 0.326999,
        "nauc_precision_at_100_std": 0.185634,
        "nauc_precision_at_100_diff1": 0.514125,
        "nauc_precision_at_1000_max": 1.0,
        "nauc_precision_at_1000_std": 1.0,
        "nauc_precision_at_1000_diff1": 1.0,
        "nauc_mrr_at_1_max": 0.489158,
        "nauc_mrr_at_1_std": 0.374495,
        "nauc_mrr_at_1_diff1": 0.684693,
        "nauc_mrr_at_3_max": 0.479892,
        "nauc_mrr_at_3_std": 0.362172,
        "nauc_mrr_at_3_diff1": 0.673783,
        "nauc_mrr_at_5_max": 0.476126,
        "nauc_mrr_at_5_std": 0.358964,
        "nauc_mrr_at_5_diff1": 0.669458,
        "nauc_mrr_at_10_max": 0.478586,
        "nauc_mrr_at_10_std": 0.361247,
        "nauc_mrr_at_10_diff1": 0.665256,
        "nauc_mrr_at_20_max": 0.475147,
        "nauc_mrr_at_20_std": 0.357411,
        "nauc_mrr_at_20_diff1": 0.662803,
        "nauc_mrr_at_100_max": 0.474458,
        "nauc_mrr_at_100_std": 0.356853,
        "nauc_mrr_at_100_diff1": 0.662963,
        "nauc_mrr_at_1000_max": 0.474652,
        "nauc_mrr_at_1000_std": 0.357163,
        "nauc_mrr_at_1000_diff1": 0.663217,
        "main_score": 0.60096,
        "hf_subset": "ko",
        "languages": [
          "kor-Hang"
        ]
      }
    ]
  },
  "evaluation_time": 44481.48666334152,
  "kg_co2_emissions": null
}