{
  "dataset_revision": "main",
  "task_name": "PublicHealthQA",
  "mteb_version": "1.38.1",
  "scores": {
    "test": [
      {
        "ndcg_at_1": 0.67532,
        "ndcg_at_3": 0.78324,
        "ndcg_at_5": 0.79385,
        "ndcg_at_10": 0.81825,
        "ndcg_at_20": 0.82454,
        "ndcg_at_100": 0.82703,
        "ndcg_at_1000": 0.82703,
        "map_at_1": 0.67532,
        "map_at_3": 0.75758,
        "map_at_5": 0.76342,
        "map_at_10": 0.77302,
        "map_at_20": 0.77459,
        "map_at_100": 0.77495,
        "map_at_1000": 0.77495,
        "recall_at_1": 0.67532,
        "recall_at_3": 0.85714,
        "recall_at_5": 0.88312,
        "recall_at_10": 0.96104,
        "recall_at_20": 0.98701,
        "recall_at_100": 1.0,
        "recall_at_1000": 1.0,
        "precision_at_1": 0.67532,
        "precision_at_3": 0.28571,
        "precision_at_5": 0.17662,
        "precision_at_10": 0.0961,
        "precision_at_20": 0.04935,
        "precision_at_100": 0.01,
        "precision_at_1000": 0.001,
        "mrr_at_1": 0.701299,
        "mrr_at_3": 0.772727,
        "mrr_at_5": 0.778571,
        "mrr_at_10": 0.786869,
        "mrr_at_20": 0.789625,
        "mrr_at_100": 0.789967,
        "mrr_at_1000": 0.789967,
        "nauc_ndcg_at_1_max": 0.315368,
        "nauc_ndcg_at_1_std": -0.135398,
        "nauc_ndcg_at_1_diff1": 0.31616,
        "nauc_ndcg_at_3_max": 0.346952,
        "nauc_ndcg_at_3_std": -0.089839,
        "nauc_ndcg_at_3_diff1": 0.293649,
        "nauc_ndcg_at_5_max": 0.318223,
        "nauc_ndcg_at_5_std": -0.124159,
        "nauc_ndcg_at_5_diff1": 0.282979,
        "nauc_ndcg_at_10_max": 0.311487,
        "nauc_ndcg_at_10_std": -0.181235,
        "nauc_ndcg_at_10_diff1": 0.300046,
        "nauc_ndcg_at_20_max": 0.314287,
        "nauc_ndcg_at_20_std": -0.129399,
        "nauc_ndcg_at_20_diff1": 0.29362,
        "nauc_ndcg_at_100_max": 0.30757,
        "nauc_ndcg_at_100_std": -0.143415,
        "nauc_ndcg_at_100_diff1": 0.30119,
        "nauc_ndcg_at_1000_max": 0.30757,
        "nauc_ndcg_at_1000_std": -0.143415,
        "nauc_ndcg_at_1000_diff1": 0.30119,
        "nauc_map_at_1_max": 0.315368,
        "nauc_map_at_1_std": -0.135398,
        "nauc_map_at_1_diff1": 0.31616,
        "nauc_map_at_3_max": 0.325493,
        "nauc_map_at_3_std": -0.11287,
        "nauc_map_at_3_diff1": 0.307552,
        "nauc_map_at_5_max": 0.310819,
        "nauc_map_at_5_std": -0.130797,
        "nauc_map_at_5_diff1": 0.302197,
        "nauc_map_at_10_max": 0.306367,
        "nauc_map_at_10_std": -0.151117,
        "nauc_map_at_10_diff1": 0.306468,
        "nauc_map_at_20_max": 0.306856,
        "nauc_map_at_20_std": -0.14066,
        "nauc_map_at_20_diff1": 0.305242,
        "nauc_map_at_100_max": 0.306092,
        "nauc_map_at_100_std": -0.142247,
        "nauc_map_at_100_diff1": 0.30611,
        "nauc_map_at_1000_max": 0.306092,
        "nauc_map_at_1000_std": -0.142247,
        "nauc_map_at_1000_diff1": 0.30611,
        "nauc_recall_at_1_max": 0.315368,
        "nauc_recall_at_1_std": -0.135398,
        "nauc_recall_at_1_diff1": 0.31616,
        "nauc_recall_at_3_max": 0.449975,
        "nauc_recall_at_3_std": 0.018437,
        "nauc_recall_at_3_diff1": 0.227303,
        "nauc_recall_at_5_max": 0.358697,
        "nauc_recall_at_5_std": -0.09007,
        "nauc_recall_at_5_diff1": 0.176189,
        "nauc_recall_at_10_max": 0.402052,
        "nauc_recall_at_10_std": -0.724102,
        "nauc_recall_at_10_diff1": 0.248727,
        "nauc_recall_at_20_max": 0.722603,
        "nauc_recall_at_20_std": 0.722603,
        "nauc_recall_at_20_diff1": -0.166582,
        "nauc_recall_at_100_max": NaN,
        "nauc_recall_at_100_std": NaN,
        "nauc_recall_at_100_diff1": NaN,
        "nauc_recall_at_1000_max": NaN,
        "nauc_recall_at_1000_std": NaN,
        "nauc_recall_at_1000_diff1": NaN,
        "nauc_precision_at_1_max": 0.315368,
        "nauc_precision_at_1_std": -0.135398,
        "nauc_precision_at_1_diff1": 0.31616,
        "nauc_precision_at_3_max": 0.449975,
        "nauc_precision_at_3_std": 0.018437,
        "nauc_precision_at_3_diff1": 0.227303,
        "nauc_precision_at_5_max": 0.358697,
        "nauc_precision_at_5_std": -0.09007,
        "nauc_precision_at_5_diff1": 0.176189,
        "nauc_precision_at_10_max": 0.402052,
        "nauc_precision_at_10_std": -0.724102,
        "nauc_precision_at_10_diff1": 0.248727,
        "nauc_precision_at_20_max": 0.722603,
        "nauc_precision_at_20_std": 0.722603,
        "nauc_precision_at_20_diff1": -0.166582,
        "nauc_precision_at_100_max": 1.0,
        "nauc_precision_at_100_std": 1.0,
        "nauc_precision_at_100_diff1": 1.0,
        "nauc_precision_at_1000_max": NaN,
        "nauc_precision_at_1000_std": NaN,
        "nauc_precision_at_1000_diff1": NaN,
        "nauc_mrr_at_1_max": 0.428504,
        "nauc_mrr_at_1_std": -0.027617,
        "nauc_mrr_at_1_diff1": 0.233128,
        "nauc_mrr_at_3_max": 0.418975,
        "nauc_mrr_at_3_std": -0.026393,
        "nauc_mrr_at_3_diff1": 0.246825,
        "nauc_mrr_at_5_max": 0.406021,
        "nauc_mrr_at_5_std": -0.042929,
        "nauc_mrr_at_5_diff1": 0.239671,
        "nauc_mrr_at_10_max": 0.405715,
        "nauc_mrr_at_10_std": -0.055705,
        "nauc_mrr_at_10_diff1": 0.231481,
        "nauc_mrr_at_20_max": 0.407363,
        "nauc_mrr_at_20_std": -0.047788,
        "nauc_mrr_at_20_diff1": 0.23835,
        "nauc_mrr_at_100_max": 0.406787,
        "nauc_mrr_at_100_std": -0.049193,
        "nauc_mrr_at_100_diff1": 0.239089,
        "nauc_mrr_at_1000_max": 0.406787,
        "nauc_mrr_at_1000_std": -0.049193,
        "nauc_mrr_at_1000_diff1": 0.239089,
        "main_score": 0.81825,
        "hf_subset": "korean",
        "languages": [
          "kor-Hang"
        ]
      }
    ]
  },
  "evaluation_time": 32.85756540298462,
  "kg_co2_emissions": null
}