{
  "dataset_revision": "c99d599f0a6ab9b85b065da6f9d94f9cf731679f",
  "task_name": "XPQARetrieval",
  "mteb_version": "1.38.1",
  "scores": {
    "test": [
      {
        "ndcg_at_1": 0.29052,
        "ndcg_at_3": 0.31906,
        "ndcg_at_5": 0.34376,
        "ndcg_at_10": 0.37227,
        "ndcg_at_20": 0.397,
        "ndcg_at_100": 0.45252,
        "ndcg_at_1000": 0.4754,
        "map_at_1": 0.20092,
        "map_at_3": 0.288,
        "map_at_5": 0.30753,
        "map_at_10": 0.32122,
        "map_at_20": 0.32893,
        "map_at_100": 0.338,
        "map_at_1000": 0.33916,
        "recall_at_1": 0.20092,
        "recall_at_3": 0.34317,
        "recall_at_5": 0.40647,
        "recall_at_10": 0.48364,
        "recall_at_20": 0.57041,
        "recall_at_100": 0.83588,
        "recall_at_1000": 1.0,
        "precision_at_1": 0.29052,
        "precision_at_3": 0.18298,
        "precision_at_5": 0.12905,
        "precision_at_10": 0.07676,
        "precision_at_20": 0.04541,
        "precision_at_100": 0.01339,
        "precision_at_1000": 0.00156,
        "mrr_at_1": 0.33945,
        "mrr_at_3": 0.374873,
        "mrr_at_5": 0.385882,
        "mrr_at_10": 0.396564,
        "mrr_at_20": 0.402773,
        "mrr_at_100": 0.408884,
        "mrr_at_1000": 0.40953,
        "nauc_ndcg_at_1_max": 0.199227,
        "nauc_ndcg_at_1_std": -0.075995,
        "nauc_ndcg_at_1_diff1": 0.362178,
        "nauc_ndcg_at_3_max": 0.186527,
        "nauc_ndcg_at_3_std": -0.057312,
        "nauc_ndcg_at_3_diff1": 0.295064,
        "nauc_ndcg_at_5_max": 0.184999,
        "nauc_ndcg_at_5_std": -0.051206,
        "nauc_ndcg_at_5_diff1": 0.281466,
        "nauc_ndcg_at_10_max": 0.187221,
        "nauc_ndcg_at_10_std": -0.041932,
        "nauc_ndcg_at_10_diff1": 0.281848,
        "nauc_ndcg_at_20_max": 0.188691,
        "nauc_ndcg_at_20_std": -0.041026,
        "nauc_ndcg_at_20_diff1": 0.285619,
        "nauc_ndcg_at_100_max": 0.197031,
        "nauc_ndcg_at_100_std": -0.023052,
        "nauc_ndcg_at_100_diff1": 0.282758,
        "nauc_ndcg_at_1000_max": 0.193997,
        "nauc_ndcg_at_1000_std": -0.036386,
        "nauc_ndcg_at_1000_diff1": 0.289527,
        "nauc_map_at_1_max": 0.139913,
        "nauc_map_at_1_std": -0.095716,
        "nauc_map_at_1_diff1": 0.406243,
        "nauc_map_at_3_max": 0.183316,
        "nauc_map_at_3_std": -0.063037,
        "nauc_map_at_3_diff1": 0.300142,
        "nauc_map_at_5_max": 0.185458,
        "nauc_map_at_5_std": -0.05567,
        "nauc_map_at_5_diff1": 0.288436,
        "nauc_map_at_10_max": 0.186995,
        "nauc_map_at_10_std": -0.051376,
        "nauc_map_at_10_diff1": 0.288549,
        "nauc_map_at_20_max": 0.187294,
        "nauc_map_at_20_std": -0.051248,
        "nauc_map_at_20_diff1": 0.289503,
        "nauc_map_at_100_max": 0.188292,
        "nauc_map_at_100_std": -0.048765,
        "nauc_map_at_100_diff1": 0.288886,
        "nauc_map_at_1000_max": 0.188363,
        "nauc_map_at_1000_std": -0.049055,
        "nauc_map_at_1000_diff1": 0.289076,
        "nauc_recall_at_1_max": 0.139913,
        "nauc_recall_at_1_std": -0.095716,
        "nauc_recall_at_1_diff1": 0.406243,
        "nauc_recall_at_3_max": 0.175952,
        "nauc_recall_at_3_std": -0.04191,
        "nauc_recall_at_3_diff1": 0.254588,
        "nauc_recall_at_5_max": 0.173749,
        "nauc_recall_at_5_std": -0.031939,
        "nauc_recall_at_5_diff1": 0.219455,
        "nauc_recall_at_10_max": 0.175486,
        "nauc_recall_at_10_std": -0.008404,
        "nauc_recall_at_10_diff1": 0.220639,
        "nauc_recall_at_20_max": 0.174131,
        "nauc_recall_at_20_std": -0.007111,
        "nauc_recall_at_20_diff1": 0.231924,
        "nauc_recall_at_100_max": 0.238208,
        "nauc_recall_at_100_std": 0.176073,
        "nauc_recall_at_100_diff1": 0.173571,
        "nauc_recall_at_1000_max": NaN,
        "nauc_recall_at_1000_std": NaN,
        "nauc_recall_at_1000_diff1": NaN,
        "nauc_precision_at_1_max": 0.199227,
        "nauc_precision_at_1_std": -0.075995,
        "nauc_precision_at_1_diff1": 0.362178,
        "nauc_precision_at_3_max": 0.211461,
        "nauc_precision_at_3_std": -0.009369,
        "nauc_precision_at_3_diff1": 0.144738,
        "nauc_precision_at_5_max": 0.205715,
        "nauc_precision_at_5_std": 0.011817,
        "nauc_precision_at_5_diff1": 0.107728,
        "nauc_precision_at_10_max": 0.205672,
        "nauc_precision_at_10_std": 0.034165,
        "nauc_precision_at_10_diff1": 0.092982,
        "nauc_precision_at_20_max": 0.199187,
        "nauc_precision_at_20_std": 0.047182,
        "nauc_precision_at_20_diff1": 0.078641,
        "nauc_precision_at_100_max": 0.184744,
        "nauc_precision_at_100_std": 0.126933,
        "nauc_precision_at_100_diff1": -0.014134,
        "nauc_precision_at_1000_max": 0.144611,
        "nauc_precision_at_1000_std": 0.105951,
        "nauc_precision_at_1000_diff1": -0.065932,
        "nauc_mrr_at_1_max": 0.34533,
        "nauc_mrr_at_1_std": 0.076897,
        "nauc_mrr_at_1_diff1": 0.231781,
        "nauc_mrr_at_3_max": 0.30691,
        "nauc_mrr_at_3_std": 0.056707,
        "nauc_mrr_at_3_diff1": 0.244064,
        "nauc_mrr_at_5_max": 0.29791,
        "nauc_mrr_at_5_std": 0.052234,
        "nauc_mrr_at_5_diff1": 0.240988,
        "nauc_mrr_at_10_max": 0.295491,
        "nauc_mrr_at_10_std": 0.052955,
        "nauc_mrr_at_10_diff1": 0.241869,
        "nauc_mrr_at_20_max": 0.297008,
        "nauc_mrr_at_20_std": 0.053806,
        "nauc_mrr_at_20_diff1": 0.242962,
        "nauc_mrr_at_100_max": 0.298056,
        "nauc_mrr_at_100_std": 0.056162,
        "nauc_mrr_at_100_diff1": 0.241253,
        "nauc_mrr_at_1000_max": 0.298115,
        "nauc_mrr_at_1000_std": 0.055858,
        "nauc_mrr_at_1000_diff1": 0.241441,
        "main_score": 0.37227,
        "hf_subset": "kor-kor",
        "languages": [
          "kor-Hang",
          "kor-Hang"
        ]
      },
      {
        "ndcg_at_1": 0.25076,
        "ndcg_at_3": 0.237,
        "ndcg_at_5": 0.25017,
        "ndcg_at_10": 0.27738,
        "ndcg_at_20": 0.29787,
        "ndcg_at_100": 0.34207,
        "ndcg_at_1000": 0.3705,
        "map_at_1": 0.13976,
        "map_at_3": 0.19406,
        "map_at_5": 0.21158,
        "map_at_10": 0.22425,
        "map_at_20": 0.23076,
        "map_at_100": 0.23718,
        "map_at_1000": 0.23859,
        "recall_at_1": 0.13976,
        "recall_at_3": 0.22495,
        "recall_at_5": 0.27627,
        "recall_at_10": 0.34817,
        "recall_at_20": 0.41659,
        "recall_at_100": 0.62928,
        "recall_at_1000": 0.82342,
        "precision_at_1": 0.25076,
        "precision_at_3": 0.14934,
        "precision_at_5": 0.11101,
        "precision_at_10": 0.06881,
        "precision_at_20": 0.04106,
        "precision_at_100": 0.01199,
        "precision_at_1000": 0.00152,
        "mrr_at_1": 0.247706,
        "mrr_at_3": 0.287717,
        "mrr_at_5": 0.298496,
        "mrr_at_10": 0.310118,
        "mrr_at_20": 0.315319,
        "mrr_at_100": 0.320337,
        "mrr_at_1000": 0.321203,
        "nauc_ndcg_at_1_max": 0.067644,
        "nauc_ndcg_at_1_std": -0.124086,
        "nauc_ndcg_at_1_diff1": 0.409708,
        "nauc_ndcg_at_3_max": 0.060941,
        "nauc_ndcg_at_3_std": -0.108681,
        "nauc_ndcg_at_3_diff1": 0.362151,
        "nauc_ndcg_at_5_max": 0.057437,
        "nauc_ndcg_at_5_std": -0.101465,
        "nauc_ndcg_at_5_diff1": 0.347554,
        "nauc_ndcg_at_10_max": 0.080199,
        "nauc_ndcg_at_10_std": -0.077449,
        "nauc_ndcg_at_10_diff1": 0.34024,
        "nauc_ndcg_at_20_max": 0.086328,
        "nauc_ndcg_at_20_std": -0.064374,
        "nauc_ndcg_at_20_diff1": 0.33608,
        "nauc_ndcg_at_100_max": 0.102653,
        "nauc_ndcg_at_100_std": -0.04332,
        "nauc_ndcg_at_100_diff1": 0.323475,
        "nauc_ndcg_at_1000_max": 0.097165,
        "nauc_ndcg_at_1000_std": -0.048478,
        "nauc_ndcg_at_1000_diff1": 0.336034,
        "nauc_map_at_1_max": 0.015933,
        "nauc_map_at_1_std": -0.142385,