{
  "timestamp": "20241230_161419",
  "datatype_name": "AutoRAG",
  "qa_path": "/retriever-simple-benchmark/data/AutoRAG/qa_v4.parquet",
  "corpus_path": "/retriever-simple-benchmark/data/AutoRAG/ocr_corpus_v3.parquet",
  "model_type": "cross-encoder",
  "model_name": "upskyy/ko-reranker-8k",
  "model_class": "huggingface",
  "use_fp16": true,
  "metrics": {
    "accuracy": {
      "1": 0.868421052631579,
      "3": 0.956140350877193,
      "5": 0.9649122807017544,
      "10": 0.9824561403508771
    },
    "f1": {
      "1": 0.868421052631579,
      "3": 0.4780701754385965,
      "5": 0.32163742690058467,
      "10": 0.1786283891547052
    },
    "recall": {
      "1": 0.868421052631579,
      "3": 0.956140350877193,
      "5": 0.9649122807017544,
      "10": 0.9824561403508771
    },
    "precision": {
      "1": 0.868421052631579,
      "3": 0.3187134502923975,
      "5": 0.19298245614035048,
      "10": 0.09824561403508751
    }
  },
  "inference_times": {
    "total_inference_time_sec": 338.30535769462585,
    "avg_inference_time_per_query_sec": 2.967590856970402
  }
}