{
  "dataset_revision": "fd7df84ac089bbec763b1c6bb1b56e985df5cc5c",
  "task_name": "AutoRAGRetrieval",
  "mteb_version": "1.38.27",
  "scores": {
    "test": [
      {
        "ndcg_at_1": 0.83333,
        "ndcg_at_3": 0.91593,
        "ndcg_at_5": 0.91933,
        "ndcg_at_10": 0.92186,
        "ndcg_at_20": 0.92186,
        "ndcg_at_100": 0.92186,
        "ndcg_at_1000": 0.92186,
        "map_at_1": 0.83333,
        "map_at_3": 0.89327,
        "map_at_5": 0.89503,
        "map_at_10": 0.89591,
        "map_at_20": 0.89591,
        "map_at_100": 0.89591,
        "map_at_1000": 0.89591,
        "recall_at_1": 0.83333,
        "recall_at_3": 0.98246,
        "recall_at_5": 0.99123,
        "recall_at_10": 1.0,
        "recall_at_20": 1.0,
        "recall_at_100": 1.0,
        "recall_at_1000": 1.0,
        "precision_at_1": 0.83333,
        "precision_at_3": 0.32749,
        "precision_at_5": 0.19825,
        "precision_at_10": 0.1,
        "precision_at_20": 0.05,
        "precision_at_100": 0.01,
        "precision_at_1000": 0.001,
        "mrr_at_1": 0.815789,
        "mrr_at_3": 0.891813,
        "mrr_at_5": 0.896199,
        "mrr_at_10": 0.896199,
        "mrr_at_20": 0.896199,
        "mrr_at_100": 0.896199,
        "mrr_at_1000": 0.896199,
        "nauc_ndcg_at_1_max": -0.023306,
        "nauc_ndcg_at_1_std": -1.022088,
        "nauc_ndcg_at_1_diff1": 0.882076,
        "nauc_ndcg_at_3_max": 0.039091,
        "nauc_ndcg_at_3_std": -1.16086,
        "nauc_ndcg_at_3_diff1": 0.885139,
        "nauc_ndcg_at_5_max": 0.009036,
        "nauc_ndcg_at_5_std": -1.134659,
        "nauc_ndcg_at_5_diff1": 0.880087,
        "nauc_ndcg_at_10_max": 0.015097,
        "nauc_ndcg_at_10_std": -1.113526,
        "nauc_ndcg_at_10_diff1": 0.880437,
        "nauc_ndcg_at_20_max": 0.015097,
        "nauc_ndcg_at_20_std": -1.113526,
        "nauc_ndcg_at_20_diff1": 0.880437,
        "nauc_ndcg_at_100_max": 0.015097,
        "nauc_ndcg_at_100_std": -1.113526,
        "nauc_ndcg_at_100_diff1": 0.880437,
        "nauc_ndcg_at_1000_max": 0.015097,
        "nauc_ndcg_at_1000_std": -1.113526,
        "nauc_ndcg_at_1000_diff1": 0.880437,
        "nauc_map_at_1_max": -0.023306,
        "nauc_map_at_1_std": -1.022088,
        "nauc_map_at_1_diff1": 0.882076,
        "nauc_map_at_3_max": 0.023796,
        "nauc_map_at_3_std": -1.123318,
        "nauc_map_at_3_diff1": 0.882401,
        "nauc_map_at_5_max": 0.011565,
        "nauc_map_at_5_std": -1.112232,
        "nauc_map_at_5_diff1": 0.880343,
        "nauc_map_at_10_max": 0.013163,
        "nauc_map_at_10_std": -1.106543,
        "nauc_map_at_10_diff1": 0.880436,
        "nauc_map_at_20_max": 0.013163,
        "nauc_map_at_20_std": -1.106543,
        "nauc_map_at_20_diff1": 0.880436,
        "nauc_map_at_100_max": 0.013163,
        "nauc_map_at_100_std": -1.106543,
        "nauc_map_at_100_diff1": 0.880436,
        "nauc_map_at_1000_max": 0.013163,
        "nauc_map_at_1000_std": -1.106543,
        "nauc_map_at_1000_diff1": 0.880436,
        "nauc_recall_at_1_max": -0.023306,
        "nauc_recall_at_1_std": -1.022088,
        "nauc_recall_at_1_diff1": 0.882076,
        "nauc_recall_at_3_max": 0.27654,
        "nauc_recall_at_3_std": -1.756536,
        "nauc_recall_at_3_diff1": 0.934894,
        "nauc_recall_at_5_max": -0.169326,
        "nauc_recall_at_5_std": -1.756536,
        "nauc_recall_at_5_diff1": 0.869789,
        "nauc_recall_at_10_max": NaN,
        "nauc_recall_at_10_std": NaN,
        "nauc_recall_at_10_diff1": NaN,
        "nauc_recall_at_20_max": NaN,
        "nauc_recall_at_20_std": NaN,
        "nauc_recall_at_20_diff1": NaN,
        "nauc_recall_at_100_max": NaN,
        "nauc_recall_at_100_std": NaN,
        "nauc_recall_at_100_diff1": NaN,
        "nauc_recall_at_1000_max": NaN,
        "nauc_recall_at_1000_std": NaN,
        "nauc_recall_at_1000_diff1": NaN,
        "nauc_precision_at_1_max": -0.023306,
        "nauc_precision_at_1_std": -1.022088,
        "nauc_precision_at_1_diff1": 0.882076,
        "nauc_precision_at_3_max": 0.27654,
        "nauc_precision_at_3_std": -1.756536,
        "nauc_precision_at_3_diff1": 0.934894,
        "nauc_precision_at_5_max": -0.169326,
        "nauc_precision_at_5_std": -1.756536,
        "nauc_precision_at_5_diff1": 0.869789,
        "nauc_precision_at_10_max": 1.0,
        "nauc_precision_at_10_std": 1.0,
        "nauc_precision_at_10_diff1": 1.0,
        "nauc_precision_at_20_max": 1.0,
        "nauc_precision_at_20_std": 1.0,
        "nauc_precision_at_20_diff1": 1.0,
        "nauc_precision_at_100_max": 1.0,
        "nauc_precision_at_100_std": 1.0,
        "nauc_precision_at_100_diff1": 1.0,
        "nauc_precision_at_1000_max": 1.0,
        "nauc_precision_at_1000_std": 1.0,
        "nauc_precision_at_1000_diff1": 1.0,
        "nauc_mrr_at_1_max": 0.170074,
        "nauc_mrr_at_1_std": -0.913715,
        "nauc_mrr_at_1_diff1": 0.905711,
        "nauc_mrr_at_3_max": 0.201677,
        "nauc_mrr_at_3_std": -0.977537,
        "nauc_mrr_at_3_diff1": 0.901563,
        "nauc_mrr_at_5_max": 0.185889,
        "nauc_mrr_at_5_std": -0.942705,
        "nauc_mrr_at_5_diff1": 0.897162,
        "nauc_mrr_at_10_max": 0.185889,
        "nauc_mrr_at_10_std": -0.942705,
        "nauc_mrr_at_10_diff1": 0.897162,
        "nauc_mrr_at_20_max": 0.185889,
        "nauc_mrr_at_20_std": -0.942705,
        "nauc_mrr_at_20_diff1": 0.897162,
        "nauc_mrr_at_100_max": 0.185889,
        "nauc_mrr_at_100_std": -0.942705,
        "nauc_mrr_at_100_diff1": 0.897162,
        "nauc_mrr_at_1000_max": 0.185889,
        "nauc_mrr_at_1000_std": -0.942705,
        "nauc_mrr_at_1000_diff1": 0.897162,
        "main_score": 0.92186,
        "hf_subset": "default",
        "languages": [
          "kor-Hang"
        ]
      }
    ]
  },
  "evaluation_time": 366.226957321167,
  "kg_co2_emissions": null
}