{
  "dataset_revision": "75b399394a9803252cfec289d103de462763db7c",
  "task_name": "BelebeleRetrieval",
  "mteb_version": "1.38.27",
  "scores": {
    "test": [
      {
        "ndcg_at_1": 0.93,
        "ndcg_at_3": 0.94639,
        "ndcg_at_5": 0.94863,
        "ndcg_at_10": 0.95086,
        "ndcg_at_20": 0.95145,
        "ndcg_at_100": 0.95217,
        "ndcg_at_1000": 0.95521,
        "map_at_1": 0.93,
        "map_at_3": 0.94278,
        "map_at_5": 0.944,
        "map_at_10": 0.94496,
        "map_at_20": 0.94514,
        "map_at_100": 0.94528,
        "map_at_1000": 0.94536,
        "recall_at_1": 0.93,
        "recall_at_3": 0.95667,
        "recall_at_5": 0.96222,
        "recall_at_10": 0.96889,
        "recall_at_20": 0.97111,
        "recall_at_100": 0.97444,
        "recall_at_1000": 1.0,
        "precision_at_1": 0.93,
        "precision_at_3": 0.31889,
        "precision_at_5": 0.19244,
        "precision_at_10": 0.09689,
        "precision_at_20": 0.04856,
        "precision_at_100": 0.00974,
        "precision_at_1000": 0.001,
        "mrr_at_1": 0.93,
        "mrr_at_3": 0.942778,
        "mrr_at_5": 0.943833,
        "mrr_at_10": 0.944817,
        "mrr_at_20": 0.945038,
        "mrr_at_100": 0.945159,
        "mrr_at_1000": 0.945242,
        "nauc_ndcg_at_1_max": 0.852919,
        "nauc_ndcg_at_1_std": 0.645614,
        "nauc_ndcg_at_1_diff1": 0.903369,
        "nauc_ndcg_at_3_max": 0.882837,
        "nauc_ndcg_at_3_std": 0.695988,
        "nauc_ndcg_at_3_diff1": 0.92274,
        "nauc_ndcg_at_5_max": 0.880037,
        "nauc_ndcg_at_5_std": 0.685016,
        "nauc_ndcg_at_5_diff1": 0.921685,
        "nauc_ndcg_at_10_max": 0.880731,
        "nauc_ndcg_at_10_std": 0.691857,
        "nauc_ndcg_at_10_diff1": 0.921,
        "nauc_ndcg_at_20_max": 0.880922,
        "nauc_ndcg_at_20_std": 0.704197,
        "nauc_ndcg_at_20_diff1": 0.920815,
        "nauc_ndcg_at_100_max": 0.879135,
        "nauc_ndcg_at_100_std": 0.699756,
        "nauc_ndcg_at_100_diff1": 0.919626,
        "nauc_ndcg_at_1000_max": 0.877266,
        "nauc_ndcg_at_1000_std": 0.690973,
        "nauc_ndcg_at_1000_diff1": 0.918835,
        "nauc_map_at_1_max": 0.852919,
        "nauc_map_at_1_std": 0.645614,
        "nauc_map_at_1_diff1": 0.903369,
        "nauc_map_at_3_max": 0.875512,
        "nauc_map_at_3_std": 0.683975,
        "nauc_map_at_3_diff1": 0.917946,
        "nauc_map_at_5_max": 0.873897,
        "nauc_map_at_5_std": 0.67818,
        "nauc_map_at_5_diff1": 0.917257,
        "nauc_map_at_10_max": 0.873899,
        "nauc_map_at_10_std": 0.679385,
        "nauc_map_at_10_diff1": 0.916808,
        "nauc_map_at_20_max": 0.873906,
        "nauc_map_at_20_std": 0.682343,
        "nauc_map_at_20_diff1": 0.916736,
        "nauc_map_at_100_max": 0.873586,
        "nauc_map_at_100_std": 0.681536,
        "nauc_map_at_100_diff1": 0.916525,
        "nauc_map_at_1000_max": 0.873552,
        "nauc_map_at_1000_std": 0.681305,
        "nauc_map_at_1000_diff1": 0.916532,
        "nauc_recall_at_1_max": 0.852919,
        "nauc_recall_at_1_std": 0.645614,
        "nauc_recall_at_1_diff1": 0.903369,
        "nauc_recall_at_3_max": 0.909933,
        "nauc_recall_at_3_std": 0.740214,
        "nauc_recall_at_3_diff1": 0.940506,
        "nauc_recall_at_5_max": 0.904858,
        "nauc_recall_at_5_std": 0.71018,
        "nauc_recall_at_5_diff1": 0.939927,
        "nauc_recall_at_10_max": 0.914983,
        "nauc_recall_at_10_std": 0.760521,
        "nauc_recall_at_10_diff1": 0.941643,
        "nauc_recall_at_20_max": 0.919127,
        "nauc_recall_at_20_std": 0.847483,
        "nauc_recall_at_20_diff1": 0.942182,
        "nauc_recall_at_100_max": 0.908578,
        "nauc_recall_at_100_std": 0.827589,
        "nauc_recall_at_100_diff1": 0.934641,
        "nauc_recall_at_1000_max": NaN,
        "nauc_recall_at_1000_std": NaN,
        "nauc_recall_at_1000_diff1": NaN,
        "nauc_precision_at_1_max": 0.852919,
        "nauc_precision_at_1_std": 0.645614,
        "nauc_precision_at_1_diff1": 0.903369,
        "nauc_precision_at_3_max": 0.909933,
        "nauc_precision_at_3_std": 0.740214,
        "nauc_precision_at_3_diff1": 0.940506,
        "nauc_precision_at_5_max": 0.904858,
        "nauc_precision_at_5_std": 0.71018,
        "nauc_precision_at_5_diff1": 0.939927,
        "nauc_precision_at_10_max": 0.914983,
        "nauc_precision_at_10_std": 0.760521,
        "nauc_precision_at_10_diff1": 0.941643,
        "nauc_precision_at_20_max": 0.919127,
        "nauc_precision_at_20_std": 0.847483,
        "nauc_precision_at_20_diff1": 0.942182,
        "nauc_precision_at_100_max": 0.908578,
        "nauc_precision_at_100_std": 0.827589,
        "nauc_precision_at_100_diff1": 0.934641,
        "nauc_precision_at_1000_max": NaN,
        "nauc_precision_at_1000_std": NaN,
        "nauc_precision_at_1000_diff1": NaN,
        "nauc_mrr_at_1_max": 0.852919,
        "nauc_mrr_at_1_std": 0.645614,
        "nauc_mrr_at_1_diff1": 0.903369,
        "nauc_mrr_at_3_max": 0.875512,
        "nauc_mrr_at_3_std": 0.683975,
        "nauc_mrr_at_3_diff1": 0.917946,
        "nauc_mrr_at_5_max": 0.873172,
        "nauc_mrr_at_5_std": 0.678036,
        "nauc_mrr_at_5_diff1": 0.916404,
        "nauc_mrr_at_10_max": 0.874049,
        "nauc_mrr_at_10_std": 0.680051,
        "nauc_mrr_at_10_diff1": 0.916843,
        "nauc_mrr_at_20_max": 0.873945,
        "nauc_mrr_at_20_std": 0.682725,
        "nauc_mrr_at_20_diff1": 0.916698,
        "nauc_mrr_at_100_max": 0.873666,
        "nauc_mrr_at_100_std": 0.682024,
        "nauc_mrr_at_100_diff1": 0.916514,
        "nauc_mrr_at_1000_max": 0.873634,
        "nauc_mrr_at_1000_std": 0.681796,
        "nauc_mrr_at_1000_diff1": 0.916522,
        "main_score": 0.95086,
        "hf_subset": "kor_Hang-kor_Hang",
        "languages": [
          "kor-Hang",
          "kor-Hang"
        ]
      },
      {
        "ndcg_at_1": 0.85667,
        "ndcg_at_3": 0.88089,
        "ndcg_at_5": 0.88457,
        "ndcg_at_10": 0.88951,
        "ndcg_at_20": 0.89264,
        "ndcg_at_100": 0.89653,
        "ndcg_at_1000": 0.9019,
        "map_at_1": 0.85667,
        "map_at_3": 0.87537,
        "map_at_5": 0.87743,
        "map_at_10": 0.87941,
        "map_at_20": 0.88029,
        "map_at_100": 0.88081,
        "map_at_1000": 0.88095,
        "recall_at_1": 0.85667,
        "recall_at_3": 0.89667,
        "recall_at_5": 0.90556,
        "recall_at_10": 0.92111,
        "recall_at_20": 0.93333,
        "recall_at_100": 0.95444,
        "recall_at_1000": 1.0,
        "precision_at_1": 0.85667,
        "precision_at_3": 0.29889,
        "precision_at_5": 0.18111,
        "precision_at_10": 0.09211,
        "precision_at_20": 0.04667,
        "precision_at_100": 0.00954,
        "precision_at_1000": 0.001,
        "mrr_at_1": 0.858889,
        "mrr_at_3": 0.877593,
        "mrr_at_5": 0.879093,
        "mrr_at_10": 0.880913,
        "mrr_at_20": 0.881895,
        "mrr_at_100": 0.882433,
        "mrr_at_1000": 0.882573,
        "nauc_ndcg_at_1_max": 0.734798,
        "nauc_ndcg_at_1_std": 0.682443,
        "nauc_ndcg_at_1_diff1": 0.785251,
        "nauc_ndcg_at_3_max": 0.750551,
        "nauc_ndcg_at_3_std": 0.696995,
        "nauc_ndcg_at_3_diff1": 0.803386,
        "nauc_ndcg_at_5_max": 0.747742,
        "nauc_ndcg_at_5_std": 0.698492,
        "nauc_ndcg_at_5_diff1": 0.799516,
        "nauc_ndcg_at_10_max": 0.7502,
        "nauc_ndcg_at_10_std": 0.698701,
        "nauc_ndcg_at_10_diff1": 0.803261,
        "nauc_ndcg_at_20_max": 0.751549,
        "nauc_ndcg_at_20_std": 0.698516,
        "nauc_ndcg_at_20_diff1": 0.805492,
        "nauc_ndcg_at_100_max": 0.754806,
        "nauc_ndcg_at_100_std": 0.702526,
        "nauc_ndcg_at_100_diff1": 0.807086,
        "nauc_ndcg_at_1000_max": 0.750912,
        "nauc_ndcg_at_1000_std": 0.698811,
        "nauc_ndcg_at_1000_diff1": 0.803325,
        "nauc_map_at_1_max": 0.734798,
        "nauc_map_at_1_std": 0.682443,
        "nauc_map_at_1_diff1": 0.785251,