{
  "dataset_revision": "75b399394a9803252cfec289d103de462763db7c",
  "task_name": "BelebeleRetrieval",
  "mteb_version": "1.38.30",
  "scores": {
    "test": [
      {
        "ndcg_at_1": 0.94,
        "ndcg_at_3": 0.95835,
        "ndcg_at_5": 0.95968,
        "ndcg_at_10": 0.96069,
        "ndcg_at_20": 0.96126,
        "ndcg_at_100": 0.96525,
        "ndcg_at_1000": 0.96525,
        "map_at_1": 0.94,
        "map_at_3": 0.95426,
        "map_at_5": 0.95498,
        "map_at_10": 0.95535,
        "map_at_20": 0.95551,
        "map_at_100": 0.95608,
        "map_at_1000": 0.95608,
        "recall_at_1": 0.94,
        "recall_at_3": 0.97,
        "recall_at_5": 0.97333,
        "recall_at_10": 0.97667,
        "recall_at_20": 0.97889,
        "recall_at_100": 1.0,
        "recall_at_1000": 1.0,
        "precision_at_1": 0.94,
        "precision_at_3": 0.32333,
        "precision_at_5": 0.19467,
        "precision_at_10": 0.09767,
        "precision_at_20": 0.04894,
        "precision_at_100": 0.01,
        "precision_at_1000": 0.001,
        "mrr_at_1": 0.94,
        "mrr_at_3": 0.95463,
        "mrr_at_5": 0.955296,
        "mrr_at_10": 0.955546,
        "mrr_at_20": 0.955879,
        "mrr_at_100": 0.956339,
        "mrr_at_1000": 0.956339,
        "nauc_ndcg_at_1_max": 0.846258,
        "nauc_ndcg_at_1_std": 0.692482,
        "nauc_ndcg_at_1_diff1": 0.894137,
        "nauc_ndcg_at_3_max": 0.880679,
        "nauc_ndcg_at_3_std": 0.767578,
        "nauc_ndcg_at_3_diff1": 0.916221,
        "nauc_ndcg_at_5_max": 0.882642,
        "nauc_ndcg_at_5_std": 0.765787,
        "nauc_ndcg_at_5_diff1": 0.917795,
        "nauc_ndcg_at_10_max": 0.880706,
        "nauc_ndcg_at_10_std": 0.76086,
        "nauc_ndcg_at_10_diff1": 0.916759,
        "nauc_ndcg_at_20_max": 0.880873,
        "nauc_ndcg_at_20_std": 0.759273,
        "nauc_ndcg_at_20_diff1": 0.91843,
        "nauc_ndcg_at_100_max": 0.875033,
        "nauc_ndcg_at_100_std": 0.750728,
        "nauc_ndcg_at_100_diff1": 0.913279,
        "nauc_ndcg_at_1000_max": 0.875033,
        "nauc_ndcg_at_1000_std": 0.750728,
        "nauc_ndcg_at_1000_diff1": 0.913279,
        "nauc_map_at_1_max": 0.846258,
        "nauc_map_at_1_std": 0.692482,
        "nauc_map_at_1_diff1": 0.894137,
        "nauc_map_at_3_max": 0.872039,
        "nauc_map_at_3_std": 0.748557,
        "nauc_map_at_3_diff1": 0.910721,
        "nauc_map_at_5_max": 0.872728,
        "nauc_map_at_5_std": 0.747265,
        "nauc_map_at_5_diff1": 0.911306,
        "nauc_map_at_10_max": 0.871989,
        "nauc_map_at_10_std": 0.745477,
        "nauc_map_at_10_diff1": 0.910889,
        "nauc_map_at_20_max": 0.871999,
        "nauc_map_at_20_std": 0.745033,
        "nauc_map_at_20_diff1": 0.911231,
        "nauc_map_at_100_max": 0.871244,
        "nauc_map_at_100_std": 0.743889,
        "nauc_map_at_100_diff1": 0.910581,
        "nauc_map_at_1000_max": 0.871244,
        "nauc_map_at_1000_std": 0.743889,
        "nauc_map_at_1000_diff1": 0.910581,
        "nauc_recall_at_1_max": 0.846258,
        "nauc_recall_at_1_std": 0.692482,
        "nauc_recall_at_1_diff1": 0.894137,
        "nauc_recall_at_3_max": 0.91728,
        "nauc_recall_at_3_std": 0.84829,
        "nauc_recall_at_3_diff1": 0.939482,
        "nauc_recall_at_5_max": 0.930089,
        "nauc_recall_at_5_std": 0.852474,
        "nauc_recall_at_5_diff1": 0.948938,
        "nauc_recall_at_10_max": 0.926326,
        "nauc_recall_at_10_std": 0.837624,
        "nauc_recall_at_10_diff1": 0.947868,
        "nauc_recall_at_20_max": 0.932331,
        "nauc_recall_at_20_std": 0.834292,
        "nauc_recall_at_20_diff1": 0.96388,
        "nauc_recall_at_100_max": NaN,
        "nauc_recall_at_100_std": NaN,
        "nauc_recall_at_100_diff1": NaN,
        "nauc_recall_at_1000_max": NaN,
        "nauc_recall_at_1000_std": NaN,
        "nauc_recall_at_1000_diff1": NaN,
        "nauc_precision_at_1_max": 0.846258,
        "nauc_precision_at_1_std": 0.692482,
        "nauc_precision_at_1_diff1": 0.894137,
        "nauc_precision_at_3_max": 0.91728,
        "nauc_precision_at_3_std": 0.84829,
        "nauc_precision_at_3_diff1": 0.939482,
        "nauc_precision_at_5_max": 0.930089,
        "nauc_precision_at_5_std": 0.852474,
        "nauc_precision_at_5_diff1": 0.948938,
        "nauc_precision_at_10_max": 0.926326,
        "nauc_precision_at_10_std": 0.837624,
        "nauc_precision_at_10_diff1": 0.947868,
        "nauc_precision_at_20_max": 0.932331,
        "nauc_precision_at_20_std": 0.834292,
        "nauc_precision_at_20_diff1": 0.96388,
        "nauc_precision_at_100_max": 1.0,
        "nauc_precision_at_100_std": 1.0,
        "nauc_precision_at_100_diff1": 1.0,
        "nauc_precision_at_1000_max": NaN,
        "nauc_precision_at_1000_std": NaN,
        "nauc_precision_at_1000_diff1": NaN,
        "nauc_mrr_at_1_max": 0.846258,
        "nauc_mrr_at_1_std": 0.692482,
        "nauc_mrr_at_1_diff1": 0.894137,
        "nauc_mrr_at_3_max": 0.870994,
        "nauc_mrr_at_3_std": 0.746504,
        "nauc_mrr_at_3_diff1": 0.909993,
        "nauc_mrr_at_5_max": 0.871832,
        "nauc_mrr_at_5_std": 0.745486,
        "nauc_mrr_at_5_diff1": 0.910681,
        "nauc_mrr_at_10_max": 0.871438,
        "nauc_mrr_at_10_std": 0.744381,
        "nauc_mrr_at_10_diff1": 0.910505,
        "nauc_mrr_at_20_max": 0.87096,
        "nauc_mrr_at_20_std": 0.742944,
        "nauc_mrr_at_20_diff1": 0.910541,
        "nauc_mrr_at_100_max": 0.87059,
        "nauc_mrr_at_100_std": 0.742621,
        "nauc_mrr_at_100_diff1": 0.910139,
        "nauc_mrr_at_1000_max": 0.87059,
        "nauc_mrr_at_1000_std": 0.742621,
        "nauc_mrr_at_1000_diff1": 0.910139,
        "main_score": 0.96069,
        "hf_subset": "kor_Hang-kor_Hang",
        "languages": [
          "kor-Hang",
          "kor-Hang"
        ]
      },
      {
        "ndcg_at_1": 0.09778,
        "ndcg_at_3": 0.09918,
        "ndcg_at_5": 0.09918,
        "ndcg_at_10": 0.09918,
        "ndcg_at_20": 0.09918,
        "ndcg_at_100": 0.09978,
        "ndcg_at_1000": 0.09978,
        "map_at_1": 0.09778,
        "map_at_3": 0.09889,
        "map_at_5": 0.09889,
        "map_at_10": 0.09889,
        "map_at_20": 0.09889,
        "map_at_100": 0.09896,
        "map_at_1000": 0.09896,
        "recall_at_1": 0.09778,
        "recall_at_3": 0.1,
        "recall_at_5": 0.1,
        "recall_at_10": 0.1,
        "recall_at_20": 0.1,
        "recall_at_100": 0.10333,
        "recall_at_1000": 0.10333,
        "precision_at_1": 0.09778,
        "precision_at_3": 0.03333,
        "precision_at_5": 0.02,
        "precision_at_10": 0.01,
        "precision_at_20": 0.005,
        "precision_at_100": 0.00103,
        "precision_at_1000": 0.0001,
        "mrr_at_1": 0.097778,
        "mrr_at_3": 0.098889,
        "mrr_at_5": 0.098889,
        "mrr_at_10": 0.098889,
        "mrr_at_20": 0.098889,
        "mrr_at_100": 0.098962,
        "mrr_at_1000": 0.098962,
        "nauc_ndcg_at_1_max": 0.915482,
        "nauc_ndcg_at_1_std": 0.906518,
        "nauc_ndcg_at_1_diff1": 0.927007,
        "nauc_ndcg_at_3_max": 0.911897,
        "nauc_ndcg_at_3_std": 0.90306,
        "nauc_ndcg_at_3_diff1": 0.921666,
        "nauc_ndcg_at_5_max": 0.911897,
        "nauc_ndcg_at_5_std": 0.90306,
        "nauc_ndcg_at_5_diff1": 0.921666,
        "nauc_ndcg_at_10_max": 0.911897,
        "nauc_ndcg_at_10_std": 0.90306,
        "nauc_ndcg_at_10_diff1": 0.921666,
        "nauc_ndcg_at_20_max": 0.911897,
        "nauc_ndcg_at_20_std": 0.90306,
        "nauc_ndcg_at_20_diff1": 0.921666,
        "nauc_ndcg_at_100_max": 0.906419,
        "nauc_ndcg_at_100_std": 0.897159,
        "nauc_ndcg_at_100_diff1": 0.916317,
        "nauc_ndcg_at_1000_max": 0.906419,
        "nauc_ndcg_at_1000_std": 0.897159,
        "nauc_ndcg_at_1000_diff1": 0.916317,
        "nauc_map_at_1_max": 0.915482,
        "nauc_map_at_1_std": 0.906518,
        "nauc_map_at_1_diff1": 0.927007,
        "nauc_map_at_3_max": 0.912633,