{
  "dataset_revision": "d243889a3eb6654029dbd7e7f9319ae31d58f97c",
  "task_name": "Ko-StrategyQA",
  "mteb_version": "1.38.30",
  "scores": {
    "dev": [
      {
        "ndcg_at_1": 0.76351,
        "ndcg_at_3": 0.76684,
        "ndcg_at_5": 0.79854,
        "ndcg_at_10": 0.81428,
        "ndcg_at_20": 0.82375,
        "ndcg_at_100": 0.84658,
        "ndcg_at_1000": 0.84658,
        "map_at_1": 0.49146,
        "map_at_3": 0.72647,
        "map_at_5": 0.75806,
        "map_at_10": 0.76826,
        "map_at_20": 0.77203,
        "map_at_100": 0.7774,
        "map_at_1000": 0.7774,
        "recall_at_1": 0.49146,
        "recall_at_3": 0.77584,
        "recall_at_5": 0.84118,
        "recall_at_10": 0.87799,
        "recall_at_20": 0.90567,
        "recall_at_100": 1.0,
        "recall_at_1000": 1.0,
        "precision_at_1": 0.76351,
        "precision_at_3": 0.46115,
        "precision_at_5": 0.30912,
        "precision_at_10": 0.16453,
        "precision_at_20": 0.08615,
        "precision_at_100": 0.01934,
        "precision_at_1000": 0.00193,
        "mrr_at_1": 0.815878,
        "mrr_at_3": 0.848536,
        "mrr_at_5": 0.854026,
        "mrr_at_10": 0.856912,
        "mrr_at_20": 0.858611,
        "mrr_at_100": 0.860041,
        "mrr_at_1000": 0.860041,
        "nauc_ndcg_at_1_max": 0.455725,
        "nauc_ndcg_at_1_std": 0.1324,
        "nauc_ndcg_at_1_diff1": 0.55338,
        "nauc_ndcg_at_3_max": 0.581537,
        "nauc_ndcg_at_3_std": 0.29911,
        "nauc_ndcg_at_3_diff1": 0.449606,
        "nauc_ndcg_at_5_max": 0.640814,
        "nauc_ndcg_at_5_std": 0.40398,
        "nauc_ndcg_at_5_diff1": 0.465927,
        "nauc_ndcg_at_10_max": 0.640751,
        "nauc_ndcg_at_10_std": 0.418769,
        "nauc_ndcg_at_10_diff1": 0.47542,
        "nauc_ndcg_at_20_max": 0.627596,
        "nauc_ndcg_at_20_std": 0.405183,
        "nauc_ndcg_at_20_diff1": 0.472051,
        "nauc_ndcg_at_100_max": 0.586035,
        "nauc_ndcg_at_100_std": 0.332784,
        "nauc_ndcg_at_100_diff1": 0.478799,
        "nauc_ndcg_at_1000_max": 0.586035,
        "nauc_ndcg_at_1000_std": 0.332784,
        "nauc_ndcg_at_1000_diff1": 0.478799,
        "nauc_map_at_1_max": 0.235393,
        "nauc_map_at_1_std": -0.123841,
        "nauc_map_at_1_diff1": 0.606757,
        "nauc_map_at_3_max": 0.548342,
        "nauc_map_at_3_std": 0.222189,
        "nauc_map_at_3_diff1": 0.436819,
        "nauc_map_at_5_max": 0.589297,
        "nauc_map_at_5_std": 0.307935,
        "nauc_map_at_5_diff1": 0.447976,
        "nauc_map_at_10_max": 0.590227,
        "nauc_map_at_10_std": 0.318211,
        "nauc_map_at_10_diff1": 0.455459,
        "nauc_map_at_20_max": 0.586306,
        "nauc_map_at_20_std": 0.315032,
        "nauc_map_at_20_diff1": 0.454226,
        "nauc_map_at_100_max": 0.578096,
        "nauc_map_at_100_std": 0.301321,
        "nauc_map_at_100_diff1": 0.455508,
        "nauc_map_at_1000_max": 0.578096,
        "nauc_map_at_1000_std": 0.301321,
        "nauc_map_at_1000_diff1": 0.455508,
        "nauc_recall_at_1_max": 0.235393,
        "nauc_recall_at_1_std": -0.123841,
        "nauc_recall_at_1_diff1": 0.606757,
        "nauc_recall_at_3_max": 0.653821,
        "nauc_recall_at_3_std": 0.410499,
        "nauc_recall_at_3_diff1": 0.381106,
        "nauc_recall_at_5_max": 0.806511,
        "nauc_recall_at_5_std": 0.683019,
        "nauc_recall_at_5_diff1": 0.404254,
        "nauc_recall_at_10_max": 0.851664,
        "nauc_recall_at_10_std": 0.799081,
        "nauc_recall_at_10_diff1": 0.431904,
        "nauc_recall_at_20_max": 0.848695,
        "nauc_recall_at_20_std": 0.834525,
        "nauc_recall_at_20_diff1": 0.411192,
        "nauc_recall_at_100_max": NaN,
        "nauc_recall_at_100_std": NaN,
        "nauc_recall_at_100_diff1": NaN,
        "nauc_recall_at_1000_max": NaN,
        "nauc_recall_at_1000_std": NaN,
        "nauc_recall_at_1000_diff1": NaN,
        "nauc_precision_at_1_max": 0.455725,
        "nauc_precision_at_1_std": 0.1324,
        "nauc_precision_at_1_diff1": 0.55338,
        "nauc_precision_at_3_max": 0.343244,
        "nauc_precision_at_3_std": 0.423685,
        "nauc_precision_at_3_diff1": -0.126367,
        "nauc_precision_at_5_max": 0.270782,
        "nauc_precision_at_5_std": 0.46533,
        "nauc_precision_at_5_diff1": -0.172366,
        "nauc_precision_at_10_max": 0.184787,
        "nauc_precision_at_10_std": 0.429012,
        "nauc_precision_at_10_diff1": -0.20956,
        "nauc_precision_at_20_max": 0.091809,
        "nauc_precision_at_20_std": 0.353808,
        "nauc_precision_at_20_diff1": -0.262695,
        "nauc_precision_at_100_max": -0.166498,
        "nauc_precision_at_100_std": 0.103199,
        "nauc_precision_at_100_diff1": -0.378917,
        "nauc_precision_at_1000_max": -0.166498,
        "nauc_precision_at_1000_std": 0.103199,
        "nauc_precision_at_1000_diff1": -0.378917,
        "nauc_mrr_at_1_max": 0.678255,
        "nauc_mrr_at_1_std": 0.500413,
        "nauc_mrr_at_1_diff1": 0.399489,
        "nauc_mrr_at_3_max": 0.731254,
        "nauc_mrr_at_3_std": 0.59635,
        "nauc_mrr_at_3_diff1": 0.43602,
        "nauc_mrr_at_5_max": 0.735543,
        "nauc_mrr_at_5_std": 0.601158,
        "nauc_mrr_at_5_diff1": 0.443664,
        "nauc_mrr_at_10_max": 0.732932,
        "nauc_mrr_at_10_std": 0.599552,
        "nauc_mrr_at_10_diff1": 0.439618,
        "nauc_mrr_at_20_max": 0.730093,
        "nauc_mrr_at_20_std": 0.594894,
        "nauc_mrr_at_20_diff1": 0.438122,
        "nauc_mrr_at_100_max": 0.728834,
        "nauc_mrr_at_100_std": 0.591679,
        "nauc_mrr_at_100_diff1": 0.437244,
        "nauc_mrr_at_1000_max": 0.728834,
        "nauc_mrr_at_1000_std": 0.591679,
        "nauc_mrr_at_1000_diff1": 0.437244,
        "main_score": 0.81428,
        "hf_subset": "default",
        "languages": [
          "kor-Hang"
        ]
      }
    ]
  },
  "evaluation_time": 81.15766286849976,
  "kg_co2_emissions": null
}