{
  "dataset_revision": "d243889a3eb6654029dbd7e7f9319ae31d58f97c",
  "task_name": "Ko-StrategyQA",
  "mteb_version": "1.38.27",
  "scores": {
    "dev": [
      {
        "ndcg_at_1": 0.78378,
        "ndcg_at_3": 0.78357,
        "ndcg_at_5": 0.80465,
        "ndcg_at_10": 0.81106,
        "ndcg_at_20": 0.8142,
        "ndcg_at_100": 0.8171,
        "ndcg_at_1000": 0.83511,
        "map_at_1": 0.50548,
        "map_at_3": 0.74875,
        "map_at_5": 0.77258,
        "map_at_10": 0.77767,
        "map_at_20": 0.77896,
        "map_at_100": 0.77939,
        "map_at_1000": 0.77984,
        "recall_at_1": 0.50548,
        "recall_at_3": 0.79046,
        "recall_at_5": 0.8338,
        "recall_at_10": 0.84875,
        "recall_at_20": 0.85861,
        "recall_at_100": 0.87152,
        "recall_at_1000": 1.0,
        "precision_at_1": 0.78378,
        "precision_at_3": 0.47072,
        "precision_at_5": 0.30642,
        "precision_at_10": 0.15726,
        "precision_at_20": 0.07973,
        "precision_at_100": 0.01623,
        "precision_at_1000": 0.00193,
        "mrr_at_1": 0.8125,
        "mrr_at_3": 0.843187,
        "mrr_at_5": 0.845045,
        "mrr_at_10": 0.845444,
        "mrr_at_20": 0.845941,
        "mrr_at_100": 0.846383,
        "mrr_at_1000": 0.846607,
        "nauc_ndcg_at_1_max": 0.632898,
        "nauc_ndcg_at_1_std": 0.334564,
        "nauc_ndcg_at_1_diff1": 0.55085,
        "nauc_ndcg_at_3_max": 0.741769,
        "nauc_ndcg_at_3_std": 0.515967,
        "nauc_ndcg_at_3_diff1": 0.444736,
        "nauc_ndcg_at_5_max": 0.778575,
        "nauc_ndcg_at_5_std": 0.597234,
        "nauc_ndcg_at_5_diff1": 0.459931,
        "nauc_ndcg_at_10_max": 0.783363,
        "nauc_ndcg_at_10_std": 0.612372,
        "nauc_ndcg_at_10_diff1": 0.466542,
        "nauc_ndcg_at_20_max": 0.781254,
        "nauc_ndcg_at_20_std": 0.612413,
        "nauc_ndcg_at_20_diff1": 0.466745,
        "nauc_ndcg_at_100_max": 0.777567,
        "nauc_ndcg_at_100_std": 0.606379,
        "nauc_ndcg_at_100_diff1": 0.465974,
        "nauc_ndcg_at_1000_max": 0.7621,
        "nauc_ndcg_at_1000_std": 0.573444,
        "nauc_ndcg_at_1000_diff1": 0.469489,
        "nauc_map_at_1_max": 0.307004,
        "nauc_map_at_1_std": -0.094557,
        "nauc_map_at_1_diff1": 0.651022,
        "nauc_map_at_3_max": 0.703169,
        "nauc_map_at_3_std": 0.431978,
        "nauc_map_at_3_diff1": 0.423856,
        "nauc_map_at_5_max": 0.734785,
        "nauc_map_at_5_std": 0.512075,
        "nauc_map_at_5_diff1": 0.434366,
        "nauc_map_at_10_max": 0.737844,
        "nauc_map_at_10_std": 0.520729,
        "nauc_map_at_10_diff1": 0.440766,
        "nauc_map_at_20_max": 0.737262,
        "nauc_map_at_20_std": 0.52131,
        "nauc_map_at_20_diff1": 0.440838,
        "nauc_map_at_100_max": 0.736634,
        "nauc_map_at_100_std": 0.520318,
        "nauc_map_at_100_diff1": 0.440683,
        "nauc_map_at_1000_max": 0.736237,
        "nauc_map_at_1000_std": 0.519494,
        "nauc_map_at_1000_diff1": 0.440755,
        "nauc_recall_at_1_max": 0.307004,
        "nauc_recall_at_1_std": -0.094557,
        "nauc_recall_at_1_diff1": 0.651022,
        "nauc_recall_at_3_max": 0.788761,
        "nauc_recall_at_3_std": 0.609024,
        "nauc_recall_at_3_diff1": 0.385921,
        "nauc_recall_at_5_max": 0.884188,
        "nauc_recall_at_5_std": 0.814364,
        "nauc_recall_at_5_diff1": 0.420316,
        "nauc_recall_at_10_max": 0.90233,
        "nauc_recall_at_10_std": 0.86846,
        "nauc_recall_at_10_diff1": 0.436798,
        "nauc_recall_at_20_max": 0.903946,
        "nauc_recall_at_20_std": 0.884584,
        "nauc_recall_at_20_diff1": 0.437485,
        "nauc_recall_at_100_max": 0.894818,
        "nauc_recall_at_100_std": 0.874894,
        "nauc_recall_at_100_diff1": 0.430756,
        "nauc_recall_at_1000_max": NaN,
        "nauc_recall_at_1000_std": NaN,
        "nauc_recall_at_1000_diff1": NaN,
        "nauc_precision_at_1_max": 0.632898,
        "nauc_precision_at_1_std": 0.334564,
        "nauc_precision_at_1_diff1": 0.55085,
        "nauc_precision_at_3_max": 0.403115,
        "nauc_precision_at_3_std": 0.589314,
        "nauc_precision_at_3_diff1": -0.202109,
        "nauc_precision_at_5_max": 0.313564,
        "nauc_precision_at_5_std": 0.583828,
        "nauc_precision_at_5_diff1": -0.219144,
        "nauc_precision_at_10_max": 0.275995,
        "nauc_precision_at_10_std": 0.560473,
        "nauc_precision_at_10_diff1": -0.219101,
        "nauc_precision_at_20_max": 0.253756,
        "nauc_precision_at_20_std": 0.546727,
        "nauc_precision_at_20_diff1": -0.229528,
        "nauc_precision_at_100_max": 0.219214,
        "nauc_precision_at_100_std": 0.515652,
        "nauc_precision_at_100_diff1": -0.249719,
        "nauc_precision_at_1000_max": -0.162622,
        "nauc_precision_at_1000_std": 0.145743,
        "nauc_precision_at_1000_diff1": -0.430151,
        "nauc_mrr_at_1_max": 0.807815,
        "nauc_mrr_at_1_std": 0.593666,
        "nauc_mrr_at_1_diff1": 0.468098,
        "nauc_mrr_at_3_max": 0.855951,
        "nauc_mrr_at_3_std": 0.703146,
        "nauc_mrr_at_3_diff1": 0.495182,
        "nauc_mrr_at_5_max": 0.858041,
        "nauc_mrr_at_5_std": 0.712969,
        "nauc_mrr_at_5_diff1": 0.499339,
        "nauc_mrr_at_10_max": 0.857541,
        "nauc_mrr_at_10_std": 0.712127,
        "nauc_mrr_at_10_diff1": 0.499081,
        "nauc_mrr_at_20_max": 0.856805,
        "nauc_mrr_at_20_std": 0.710964,
        "nauc_mrr_at_20_diff1": 0.498454,
        "nauc_mrr_at_100_max": 0.85649,
        "nauc_mrr_at_100_std": 0.710291,
        "nauc_mrr_at_100_diff1": 0.498266,
        "nauc_mrr_at_1000_max": 0.8564,
        "nauc_mrr_at_1000_std": 0.709965,
        "nauc_mrr_at_1000_diff1": 0.498228,
        "main_score": 0.81106,
        "hf_subset": "default",
        "languages": [
          "kor-Hang"
        ]
      }
    ]
  },
  "evaluation_time": 2575.56565451622,
  "kg_co2_emissions": null
}