{
  "dataset_revision": "main",
  "task_name": "MIRACLRetrieval",
  "mteb_version": "1.38.27",
  "scores": {
    "dev": [
      {
        "ndcg_at_1": 0.48826,
        "ndcg_at_3": 0.58243,
        "ndcg_at_5": 0.61259,
        "ndcg_at_10": 0.66674,
        "ndcg_at_20": 0.69685,
        "ndcg_at_100": 0.71572,
        "ndcg_at_1000": 0.71726,
        "map_at_1": 0.29324,
        "map_at_3": 0.45958,
        "map_at_5": 0.50815,
        "map_at_10": 0.55731,
        "map_at_20": 0.5766,
        "map_at_100": 0.58363,
        "map_at_1000": 0.58374,
        "recall_at_1": 0.29324,
        "recall_at_3": 0.59795,
        "recall_at_5": 0.7006,
        "recall_at_10": 0.84555,
        "recall_at_20": 0.92582,
        "recall_at_100": 0.99048,
        "recall_at_1000": 1.0,
        "precision_at_1": 0.48826,
        "precision_at_3": 0.37089,
        "precision_at_5": 0.29296,
        "precision_at_10": 0.19718,
        "precision_at_20": 0.11385,
        "precision_at_100": 0.02545,
        "precision_at_1000": 0.00257,
        "mrr_at_1": 0.629108,
        "mrr_at_3": 0.738654,
        "mrr_at_5": 0.74734,
        "mrr_at_10": 0.75318,
        "mrr_at_20": 0.754141,
        "mrr_at_100": 0.754813,
        "mrr_at_1000": 0.754844,
        "nauc_ndcg_at_1_max": -0.061695,
        "nauc_ndcg_at_1_std": -0.185768,
        "nauc_ndcg_at_1_diff1": 0.205418,
        "nauc_ndcg_at_3_max": -0.025732,
        "nauc_ndcg_at_3_std": -0.384007,
        "nauc_ndcg_at_3_diff1": 0.218936,
        "nauc_ndcg_at_5_max": 0.002316,
        "nauc_ndcg_at_5_std": -0.406911,
        "nauc_ndcg_at_5_diff1": 0.22773,
        "nauc_ndcg_at_10_max": 0.036862,
        "nauc_ndcg_at_10_std": -0.332089,
        "nauc_ndcg_at_10_diff1": 0.237105,
        "nauc_ndcg_at_20_max": 0.040008,
        "nauc_ndcg_at_20_std": -0.257567,
        "nauc_ndcg_at_20_diff1": 0.203544,
        "nauc_ndcg_at_100_max": 0.024355,
        "nauc_ndcg_at_100_std": -0.230757,
        "nauc_ndcg_at_100_diff1": 0.181956,
        "nauc_ndcg_at_1000_max": 0.019339,
        "nauc_ndcg_at_1000_std": -0.233405,
        "nauc_ndcg_at_1000_diff1": 0.188356,
        "nauc_map_at_1_max": 0.003334,
        "nauc_map_at_1_std": -0.429938,
        "nauc_map_at_1_diff1": 0.472264,
        "nauc_map_at_3_max": -0.008843,
        "nauc_map_at_3_std": -0.527273,
        "nauc_map_at_3_diff1": 0.353355,
        "nauc_map_at_5_max": -0.003128,
        "nauc_map_at_5_std": -0.491479,
        "nauc_map_at_5_diff1": 0.31684,
        "nauc_map_at_10_max": 0.012689,
        "nauc_map_at_10_std": -0.399251,
        "nauc_map_at_10_diff1": 0.288847,
        "nauc_map_at_20_max": 0.013858,
        "nauc_map_at_20_std": -0.35678,
        "nauc_map_at_20_diff1": 0.269802,
        "nauc_map_at_100_max": 0.010323,
        "nauc_map_at_100_std": -0.343776,
        "nauc_map_at_100_diff1": 0.261384,
        "nauc_map_at_1000_max": 0.010077,
        "nauc_map_at_1000_std": -0.343848,
        "nauc_map_at_1000_diff1": 0.261615,
        "nauc_recall_at_1_max": 0.003334,
        "nauc_recall_at_1_std": -0.429938,
        "nauc_recall_at_1_diff1": 0.472264,
        "nauc_recall_at_3_max": -0.001992,
        "nauc_recall_at_3_std": -0.611537,
        "nauc_recall_at_3_diff1": 0.270674,
        "nauc_recall_at_5_max": 0.056096,
        "nauc_recall_at_5_std": -0.593791,
        "nauc_recall_at_5_diff1": 0.210583,
        "nauc_recall_at_10_max": 0.170881,
        "nauc_recall_at_10_std": -0.451216,
        "nauc_recall_at_10_diff1": 0.268579,
        "nauc_recall_at_20_max": 0.274229,
        "nauc_recall_at_20_std": -0.160381,
        "nauc_recall_at_20_diff1": 0.101703,
        "nauc_recall_at_100_max": 0.674952,
        "nauc_recall_at_100_std": 0.248503,
        "nauc_recall_at_100_diff1": -0.763764,
        "nauc_recall_at_1000_max": NaN,
        "nauc_recall_at_1000_std": NaN,
        "nauc_recall_at_1000_diff1": NaN,
        "nauc_precision_at_1_max": -0.061695,
        "nauc_precision_at_1_std": -0.185768,
        "nauc_precision_at_1_diff1": 0.205418,
        "nauc_precision_at_3_max": -0.034641,
        "nauc_precision_at_3_std": 0.077822,
        "nauc_precision_at_3_diff1": -0.247872,
        "nauc_precision_at_5_max": -0.007114,
        "nauc_precision_at_5_std": 0.30277,
        "nauc_precision_at_5_diff1": -0.343511,
        "nauc_precision_at_10_max": 0.036487,
        "nauc_precision_at_10_std": 0.556928,
        "nauc_precision_at_10_diff1": -0.363982,
        "nauc_precision_at_20_max": 0.03639,
        "nauc_precision_at_20_std": 0.618226,
        "nauc_precision_at_20_diff1": -0.373407,
        "nauc_precision_at_100_max": 0.012831,
        "nauc_precision_at_100_std": 0.639871,
        "nauc_precision_at_100_diff1": -0.380225,
        "nauc_precision_at_1000_max": 0.006221,
        "nauc_precision_at_1000_std": 0.639794,
        "nauc_precision_at_1000_diff1": -0.377994,
        "nauc_mrr_at_1_max": 0.018842,
        "nauc_mrr_at_1_std": -0.000796,
        "nauc_mrr_at_1_diff1": 0.035644,
        "nauc_mrr_at_3_max": 0.043115,
        "nauc_mrr_at_3_std": 0.001606,
        "nauc_mrr_at_3_diff1": -0.026358,
        "nauc_mrr_at_5_max": 0.072798,
        "nauc_mrr_at_5_std": 0.024816,
        "nauc_mrr_at_5_diff1": -0.031902,
        "nauc_mrr_at_10_max": 0.067444,
        "nauc_mrr_at_10_std": 0.019324,
        "nauc_mrr_at_10_diff1": -0.016158,
        "nauc_mrr_at_20_max": 0.06572,
        "nauc_mrr_at_20_std": 0.020639,
        "nauc_mrr_at_20_diff1": -0.019666,
        "nauc_mrr_at_100_max": 0.062945,
        "nauc_mrr_at_100_std": 0.018818,
        "nauc_mrr_at_100_diff1": -0.02044,
        "nauc_mrr_at_1000_max": 0.062805,
        "nauc_mrr_at_1000_std": 0.018671,
        "nauc_mrr_at_1000_diff1": -0.020182,
        "main_score": 0.66674,
        "hf_subset": "ko",
        "languages": [
          "kor-Kore"
        ]
      }
    ]
  },
  "evaluation_time": 746.0093531608582,
  "kg_co2_emissions": null
}