{
  "dataset_revision": "fc24a3ce8f09746410daee3d5cd823ff7a0675b7",
  "task_name": "MrTidyRetrieval",
  "mteb_version": "1.38.27",
  "scores": {
    "test": [
      {
        "ndcg_at_1": 0.40855,
        "ndcg_at_3": 0.55644,
        "ndcg_at_5": 0.60814,
        "ndcg_at_10": 0.6333,
        "ndcg_at_20": 0.64619,
        "ndcg_at_100": 0.65561,
        "ndcg_at_1000": 0.66212,
        "map_at_1": 0.36936,
        "map_at_3": 0.51201,
        "map_at_5": 0.5433,
        "map_at_10": 0.55538,
        "map_at_20": 0.55943,
        "map_at_100": 0.56114,
        "map_at_1000": 0.56133,
        "recall_at_1": 0.36936,
        "recall_at_3": 0.66192,
        "recall_at_5": 0.78187,
        "recall_at_10": 0.85313,
        "recall_at_20": 0.90024,
        "recall_at_100": 0.94537,
        "recall_at_1000": 1.0,
        "precision_at_1": 0.40855,
        "precision_at_3": 0.25178,
        "precision_at_5": 0.17957,
        "precision_at_10": 0.09929,
        "precision_at_20": 0.05261,
        "precision_at_100": 0.01112,
        "precision_at_1000": 0.00117,
        "mrr_at_1": 0.700713,
        "mrr_at_3": 0.731987,
        "mrr_at_5": 0.743151,
        "mrr_at_10": 0.74893,
        "mrr_at_20": 0.752123,
        "mrr_at_100": 0.753341,
        "mrr_at_1000": 0.753512,
        "nauc_ndcg_at_1_max": 0.011462,
        "nauc_ndcg_at_1_std": -0.370184,
        "nauc_ndcg_at_1_diff1": 0.369537,
        "nauc_ndcg_at_3_max": 0.012765,
        "nauc_ndcg_at_3_std": -0.324442,
        "nauc_ndcg_at_3_diff1": 0.163325,
        "nauc_ndcg_at_5_max": 0.066147,
        "nauc_ndcg_at_5_std": -0.268548,
        "nauc_ndcg_at_5_diff1": 0.118418,
        "nauc_ndcg_at_10_max": 0.075337,
        "nauc_ndcg_at_10_std": -0.262202,
        "nauc_ndcg_at_10_diff1": 0.133504,
        "nauc_ndcg_at_20_max": 0.067744,
        "nauc_ndcg_at_20_std": -0.272321,
        "nauc_ndcg_at_20_diff1": 0.145073,
        "nauc_ndcg_at_100_max": 0.062859,
        "nauc_ndcg_at_100_std": -0.274027,
        "nauc_ndcg_at_100_diff1": 0.159312,
        "nauc_ndcg_at_1000_max": 0.05668,
        "nauc_ndcg_at_1000_std": -0.286462,
        "nauc_ndcg_at_1000_diff1": 0.173773,
        "nauc_map_at_1_max": 0.01679,
        "nauc_map_at_1_std": -0.37586,
        "nauc_map_at_1_diff1": 0.377338,
        "nauc_map_at_3_max": 0.013672,
        "nauc_map_at_3_std": -0.336687,
        "nauc_map_at_3_diff1": 0.209283,
        "nauc_map_at_5_max": 0.044188,
        "nauc_map_at_5_std": -0.308255,
        "nauc_map_at_5_diff1": 0.187595,
        "nauc_map_at_10_max": 0.048698,
        "nauc_map_at_10_std": -0.305941,
        "nauc_map_at_10_diff1": 0.194172,
        "nauc_map_at_20_max": 0.046836,
        "nauc_map_at_20_std": -0.30838,
        "nauc_map_at_20_diff1": 0.197347,
        "nauc_map_at_100_max": 0.046085,
        "nauc_map_at_100_std": -0.308716,
        "nauc_map_at_100_diff1": 0.199809,
        "nauc_map_at_1000_max": 0.04597,
        "nauc_map_at_1000_std": -0.308932,
        "nauc_map_at_1000_diff1": 0.200141,
        "nauc_recall_at_1_max": 0.01679,
        "nauc_recall_at_1_std": -0.37586,
        "nauc_recall_at_1_diff1": 0.377338,
        "nauc_recall_at_3_max": 0.004883,
        "nauc_recall_at_3_std": -0.277508,
        "nauc_recall_at_3_diff1": -0.002707,
        "nauc_recall_at_5_max": 0.170965,
        "nauc_recall_at_5_std": -0.08013,
        "nauc_recall_at_5_diff1": -0.213118,
        "nauc_recall_at_10_max": 0.255648,
        "nauc_recall_at_10_std": 0.017082,
        "nauc_recall_at_10_diff1": -0.262786,
        "nauc_recall_at_20_max": 0.253192,
        "nauc_recall_at_20_std": 0.024857,
        "nauc_recall_at_20_diff1": -0.305601,
        "nauc_recall_at_100_max": 0.297311,
        "nauc_recall_at_100_std": 0.200451,
        "nauc_recall_at_100_diff1": -0.366248,
        "nauc_recall_at_1000_max": NaN,
        "nauc_recall_at_1000_std": NaN,
        "nauc_recall_at_1000_diff1": NaN,
        "nauc_precision_at_1_max": 0.011462,
        "nauc_precision_at_1_std": -0.370184,
        "nauc_precision_at_1_diff1": 0.369537,
        "nauc_precision_at_3_max": 0.020643,
        "nauc_precision_at_3_std": -0.155786,
        "nauc_precision_at_3_diff1": -0.077227,
        "nauc_precision_at_5_max": 0.145098,
        "nauc_precision_at_5_std": 0.035963,
        "nauc_precision_at_5_diff1": -0.217949,
        "nauc_precision_at_10_max": 0.176373,
        "nauc_precision_at_10_std": 0.11795,
        "nauc_precision_at_10_diff1": -0.211082,
        "nauc_precision_at_20_max": 0.157983,
        "nauc_precision_at_20_std": 0.14772,
        "nauc_precision_at_20_diff1": -0.209384,
        "nauc_precision_at_100_max": 0.119684,
        "nauc_precision_at_100_std": 0.20135,
        "nauc_precision_at_100_diff1": -0.166624,
        "nauc_precision_at_1000_max": 0.072858,
        "nauc_precision_at_1000_std": 0.190989,
        "nauc_precision_at_1000_diff1": -0.118673,
        "nauc_mrr_at_1_max": 0.35595,
        "nauc_mrr_at_1_std": 0.225749,
        "nauc_mrr_at_1_diff1": -0.304348,
        "nauc_mrr_at_3_max": 0.309475,
        "nauc_mrr_at_3_std": 0.187887,
        "nauc_mrr_at_3_diff1": -0.285593,
        "nauc_mrr_at_5_max": 0.326964,
        "nauc_mrr_at_5_std": 0.191532,
        "nauc_mrr_at_5_diff1": -0.292614,
        "nauc_mrr_at_10_max": 0.323432,
        "nauc_mrr_at_10_std": 0.185857,
        "nauc_mrr_at_10_diff1": -0.286453,
        "nauc_mrr_at_20_max": 0.323054,
        "nauc_mrr_at_20_std": 0.186531,
        "nauc_mrr_at_20_diff1": -0.289073,
        "nauc_mrr_at_100_max": 0.324016,
        "nauc_mrr_at_100_std": 0.188128,
        "nauc_mrr_at_100_diff1": -0.289506,
        "nauc_mrr_at_1000_max": 0.324169,
        "nauc_mrr_at_1000_std": 0.188346,
        "nauc_mrr_at_1000_diff1": -0.289648,
        "main_score": 0.6333,
        "hf_subset": "korean",
        "languages": [
          "kor-Kore"
        ]
      }
    ]
  },
  "evaluation_time": 1531.1852385997772,
  "kg_co2_emissions": null
}