{
  "dataset_revision": "fc24a3ce8f09746410daee3d5cd823ff7a0675b7",
  "task_name": "MrTidyRetrieval",
  "mteb_version": "1.38.30",
  "scores": {
    "test": [
      {
        "ndcg_at_1": 0.46318,
        "ndcg_at_3": 0.62857,
        "ndcg_at_5": 0.66858,
        "ndcg_at_10": 0.69744,
        "ndcg_at_20": 0.70565,
        "ndcg_at_100": 0.71488,
        "ndcg_at_1000": 0.71488,
        "map_at_1": 0.41726,
        "map_at_3": 0.58069,
        "map_at_5": 0.60581,
        "map_at_10": 0.61895,
        "map_at_20": 0.62143,
        "map_at_100": 0.62299,
        "map_at_1000": 0.62299,
        "recall_at_1": 0.41726,
        "recall_at_3": 0.74584,
        "recall_at_5": 0.83808,
        "recall_at_10": 0.9232,
        "recall_at_20": 0.95408,
        "recall_at_100": 1.0,
        "recall_at_1000": 1.0,
        "precision_at_1": 0.46318,
        "precision_at_3": 0.28662,
        "precision_at_5": 0.19477,
        "precision_at_10": 0.1076,
        "precision_at_20": 0.0557,
        "precision_at_100": 0.01169,
        "precision_at_1000": 0.00117,
        "mrr_at_1": 0.726841,
        "mrr_at_3": 0.774347,
        "mrr_at_5": 0.782779,
        "mrr_at_10": 0.790655,
        "mrr_at_20": 0.792242,
        "mrr_at_100": 0.793429,
        "mrr_at_1000": 0.793429,
        "nauc_ndcg_at_1_max": 0.025865,
        "nauc_ndcg_at_1_std": -0.458525,
        "nauc_ndcg_at_1_diff1": 0.49349,
        "nauc_ndcg_at_3_max": -0.00319,
        "nauc_ndcg_at_3_std": -0.501982,
        "nauc_ndcg_at_3_diff1": 0.39659,
        "nauc_ndcg_at_5_max": 0.044437,
        "nauc_ndcg_at_5_std": -0.440627,
        "nauc_ndcg_at_5_diff1": 0.371012,
        "nauc_ndcg_at_10_max": 0.079689,
        "nauc_ndcg_at_10_std": -0.402705,
        "nauc_ndcg_at_10_diff1": 0.376689,
        "nauc_ndcg_at_20_max": 0.069368,
        "nauc_ndcg_at_20_std": -0.41037,
        "nauc_ndcg_at_20_diff1": 0.383494,
        "nauc_ndcg_at_100_max": 0.048171,
        "nauc_ndcg_at_100_std": -0.436066,
        "nauc_ndcg_at_100_diff1": 0.398592,
        "nauc_ndcg_at_1000_max": 0.048171,
        "nauc_ndcg_at_1000_std": -0.436066,
        "nauc_ndcg_at_1000_diff1": 0.398592,
        "nauc_map_at_1_max": 0.029355,
        "nauc_map_at_1_std": -0.442918,
        "nauc_map_at_1_diff1": 0.491629,
        "nauc_map_at_3_max": 0.001536,
        "nauc_map_at_3_std": -0.494663,
        "nauc_map_at_3_diff1": 0.415913,
        "nauc_map_at_5_max": 0.03013,
        "nauc_map_at_5_std": -0.462633,
        "nauc_map_at_5_diff1": 0.404452,
        "nauc_map_at_10_max": 0.041874,
        "nauc_map_at_10_std": -0.446718,
        "nauc_map_at_10_diff1": 0.406763,
        "nauc_map_at_20_max": 0.040172,
        "nauc_map_at_20_std": -0.448636,
        "nauc_map_at_20_diff1": 0.40852,
        "nauc_map_at_100_max": 0.037535,
        "nauc_map_at_100_std": -0.451611,
        "nauc_map_at_100_diff1": 0.410039,
        "nauc_map_at_1000_max": 0.037535,
        "nauc_map_at_1000_std": -0.451611,
        "nauc_map_at_1000_diff1": 0.410039,
        "nauc_recall_at_1_max": 0.029355,
        "nauc_recall_at_1_std": -0.442918,
        "nauc_recall_at_1_diff1": 0.491629,
        "nauc_recall_at_3_max": -0.037066,
        "nauc_recall_at_3_std": -0.536622,
        "nauc_recall_at_3_diff1": 0.315929,
        "nauc_recall_at_5_max": 0.121873,
        "nauc_recall_at_5_std": -0.324918,
        "nauc_recall_at_5_diff1": 0.181392,
        "nauc_recall_at_10_max": 0.484768,
        "nauc_recall_at_10_std": 0.068933,
        "nauc_recall_at_10_diff1": 0.062798,
        "nauc_recall_at_20_max": 0.555822,
        "nauc_recall_at_20_std": 0.219213,
        "nauc_recall_at_20_diff1": -0.011498,
        "nauc_recall_at_100_max": NaN,
        "nauc_recall_at_100_std": NaN,
        "nauc_recall_at_100_diff1": NaN,
        "nauc_recall_at_1000_max": NaN,
        "nauc_recall_at_1000_std": NaN,
        "nauc_recall_at_1000_diff1": NaN,
        "nauc_precision_at_1_max": 0.025865,
        "nauc_precision_at_1_std": -0.458525,
        "nauc_precision_at_1_diff1": 0.49349,
        "nauc_precision_at_3_max": 0.007036,
        "nauc_precision_at_3_std": -0.346552,
        "nauc_precision_at_3_diff1": 0.169732,
        "nauc_precision_at_5_max": 0.097321,
        "nauc_precision_at_5_std": -0.12291,
        "nauc_precision_at_5_diff1": 0.032043,
        "nauc_precision_at_10_max": 0.194176,
        "nauc_precision_at_10_std": 0.109304,
        "nauc_precision_at_10_diff1": -0.065411,
        "nauc_precision_at_20_max": 0.173746,
        "nauc_precision_at_20_std": 0.149844,
        "nauc_precision_at_20_diff1": -0.091374,
        "nauc_precision_at_100_max": 0.074917,
        "nauc_precision_at_100_std": 0.139821,
        "nauc_precision_at_100_diff1": -0.11196,
        "nauc_precision_at_1000_max": 0.074917,
        "nauc_precision_at_1000_std": 0.139821,
        "nauc_precision_at_1000_diff1": -0.11196,
        "nauc_mrr_at_1_max": 0.359307,
        "nauc_mrr_at_1_std": 0.17316,
        "nauc_mrr_at_1_diff1": -0.10739,
        "nauc_mrr_at_3_max": 0.299841,
        "nauc_mrr_at_3_std": 0.096694,
        "nauc_mrr_at_3_diff1": -0.0369,
        "nauc_mrr_at_5_max": 0.318137,
        "nauc_mrr_at_5_std": 0.110831,
        "nauc_mrr_at_5_diff1": -0.048763,
        "nauc_mrr_at_10_max": 0.33055,
        "nauc_mrr_at_10_std": 0.11676,
        "nauc_mrr_at_10_diff1": -0.054487,
        "nauc_mrr_at_20_max": 0.329227,
        "nauc_mrr_at_20_std": 0.120953,
        "nauc_mrr_at_20_diff1": -0.056052,
        "nauc_mrr_at_100_max": 0.328055,
        "nauc_mrr_at_100_std": 0.119877,
        "nauc_mrr_at_100_diff1": -0.056412,
        "nauc_mrr_at_1000_max": 0.328055,
        "nauc_mrr_at_1000_std": 0.119877,
        "nauc_mrr_at_1000_diff1": -0.056412,
        "main_score": 0.69744,
        "hf_subset": "korean",
        "languages": [
          "kor-Kore"
        ]
      }
    ]
  },
  "evaluation_time": 30.3915274143219,
  "kg_co2_emissions": null
}