{
  "dataset_revision": "d67138e705d963e346253a80e59676ddb418810a",
  "task_name": "MultiLongDocRetrieval",
  "mteb_version": "1.38.30",
  "scores": {
    "test": [
      {
        "ndcg_at_1": 0.455,
        "ndcg_at_3": 0.53744,
        "ndcg_at_5": 0.56218,
        "ndcg_at_10": 0.59807,
        "ndcg_at_20": 0.62484,
        "ndcg_at_100": 0.65039,
        "ndcg_at_1000": 0.65039,
        "map_at_1": 0.455,
        "map_at_3": 0.5175,
        "map_at_5": 0.53125,
        "map_at_10": 0.54627,
        "map_at_20": 0.55373,
        "map_at_100": 0.55772,
        "map_at_1000": 0.55772,
        "recall_at_1": 0.455,
        "recall_at_3": 0.595,
        "recall_at_5": 0.655,
        "recall_at_10": 0.765,
        "recall_at_20": 0.87,
        "recall_at_100": 1.0,
        "recall_at_1000": 1.0,
        "precision_at_1": 0.455,
        "precision_at_3": 0.19833,
        "precision_at_5": 0.131,
        "precision_at_10": 0.0765,
        "precision_at_20": 0.0435,
        "precision_at_100": 0.01,
        "precision_at_1000": 0.001,
        "mrr_at_1": 0.48,
        "mrr_at_3": 0.535,
        "mrr_at_5": 0.54875,
        "mrr_at_10": 0.562599,
        "mrr_at_20": 0.569669,
        "mrr_at_100": 0.573669,
        "mrr_at_1000": 0.573669,
        "nauc_ndcg_at_1_max": 0.306722,
        "nauc_ndcg_at_1_std": -0.092171,
        "nauc_ndcg_at_1_diff1": 0.470449,
        "nauc_ndcg_at_3_max": 0.307504,
        "nauc_ndcg_at_3_std": -0.075171,
        "nauc_ndcg_at_3_diff1": 0.466156,
        "nauc_ndcg_at_5_max": 0.301411,
        "nauc_ndcg_at_5_std": -0.083628,
        "nauc_ndcg_at_5_diff1": 0.471394,
        "nauc_ndcg_at_10_max": 0.294636,
        "nauc_ndcg_at_10_std": -0.095575,
        "nauc_ndcg_at_10_diff1": 0.468406,
        "nauc_ndcg_at_20_max": 0.295292,
        "nauc_ndcg_at_20_std": -0.10851,
        "nauc_ndcg_at_20_diff1": 0.472353,
        "nauc_ndcg_at_100_max": 0.299241,
        "nauc_ndcg_at_100_std": -0.090782,
        "nauc_ndcg_at_100_diff1": 0.467092,
        "nauc_ndcg_at_1000_max": 0.299241,
        "nauc_ndcg_at_1000_std": -0.090782,
        "nauc_ndcg_at_1000_diff1": 0.467092,
        "nauc_map_at_1_max": 0.306722,
        "nauc_map_at_1_std": -0.092171,
        "nauc_map_at_1_diff1": 0.470449,
        "nauc_map_at_3_max": 0.304721,
        "nauc_map_at_3_std": -0.080496,
        "nauc_map_at_3_diff1": 0.465822,
        "nauc_map_at_5_max": 0.301108,
        "nauc_map_at_5_std": -0.084866,
        "nauc_map_at_5_diff1": 0.46825,
        "nauc_map_at_10_max": 0.300101,
        "nauc_map_at_10_std": -0.087304,
        "nauc_map_at_10_diff1": 0.466063,
        "nauc_map_at_20_max": 0.299734,
        "nauc_map_at_20_std": -0.090422,
        "nauc_map_at_20_diff1": 0.466981,
        "nauc_map_at_100_max": 0.30036,
        "nauc_map_at_100_std": -0.088102,
        "nauc_map_at_100_diff1": 0.466302,
        "nauc_map_at_1000_max": 0.30036,
        "nauc_map_at_1000_std": -0.088102,
        "nauc_map_at_1000_diff1": 0.466302,
        "nauc_recall_at_1_max": 0.306722,
        "nauc_recall_at_1_std": -0.092171,
        "nauc_recall_at_1_diff1": 0.470449,
        "nauc_recall_at_3_max": 0.31725,
        "nauc_recall_at_3_std": -0.058261,
        "nauc_recall_at_3_diff1": 0.467818,
        "nauc_recall_at_5_max": 0.303099,
        "nauc_recall_at_5_std": -0.080787,
        "nauc_recall_at_5_diff1": 0.484105,
        "nauc_recall_at_10_max": 0.261833,
        "nauc_recall_at_10_std": -0.148566,
        "nauc_recall_at_10_diff1": 0.482922,
        "nauc_recall_at_20_max": 0.257035,
        "nauc_recall_at_20_std": -0.29162,
        "nauc_recall_at_20_diff1": 0.526235,
        "nauc_recall_at_100_max": NaN,
        "nauc_recall_at_100_std": NaN,
        "nauc_recall_at_100_diff1": NaN,
        "nauc_recall_at_1000_max": NaN,
        "nauc_recall_at_1000_std": NaN,
        "nauc_recall_at_1000_diff1": NaN,
        "nauc_precision_at_1_max": 0.306722,
        "nauc_precision_at_1_std": -0.092171,
        "nauc_precision_at_1_diff1": 0.470449,
        "nauc_precision_at_3_max": 0.31725,
        "nauc_precision_at_3_std": -0.058261,
        "nauc_precision_at_3_diff1": 0.467818,
        "nauc_precision_at_5_max": 0.303099,
        "nauc_precision_at_5_std": -0.080787,
        "nauc_precision_at_5_diff1": 0.484105,
        "nauc_precision_at_10_max": 0.261833,
        "nauc_precision_at_10_std": -0.148566,
        "nauc_precision_at_10_diff1": 0.482922,
        "nauc_precision_at_20_max": 0.257035,
        "nauc_precision_at_20_std": -0.29162,
        "nauc_precision_at_20_diff1": 0.526235,
        "nauc_precision_at_100_max": 1.0,
        "nauc_precision_at_100_std": 1.0,
        "nauc_precision_at_100_diff1": 1.0,
        "nauc_precision_at_1000_max": 1.0,
        "nauc_precision_at_1000_std": 1.0,
        "nauc_precision_at_1000_diff1": 1.0,
        "nauc_mrr_at_1_max": 0.354875,
        "nauc_mrr_at_1_std": 0.021978,
        "nauc_mrr_at_1_diff1": 0.403686,
        "nauc_mrr_at_3_max": 0.344776,
        "nauc_mrr_at_3_std": 0.000701,
        "nauc_mrr_at_3_diff1": 0.418684,
        "nauc_mrr_at_5_max": 0.34228,
        "nauc_mrr_at_5_std": -0.001892,
        "nauc_mrr_at_5_diff1": 0.420392,
        "nauc_mrr_at_10_max": 0.335842,
        "nauc_mrr_at_10_std": -0.01078,
        "nauc_mrr_at_10_diff1": 0.42036,
        "nauc_mrr_at_20_max": 0.337281,
        "nauc_mrr_at_20_std": -0.011293,
        "nauc_mrr_at_20_diff1": 0.420809,
        "nauc_mrr_at_100_max": 0.338364,
        "nauc_mrr_at_100_std": -0.007992,
        "nauc_mrr_at_100_diff1": 0.419558,
        "nauc_mrr_at_1000_max": 0.338364,
        "nauc_mrr_at_1000_std": -0.007992,
        "nauc_mrr_at_1000_diff1": 0.419558,
        "main_score": 0.59807,
        "hf_subset": "ko",
        "languages": [
          "kor-Hang"
        ]
      }
    ]
  },
  "evaluation_time": 1404.3722653388977,
  "kg_co2_emissions": null
}