{
  "dataset_revision": "d67138e705d963e346253a80e59676ddb418810a",
  "task_name": "MultiLongDocRetrieval",
  "mteb_version": "1.38.27",
  "scores": {
    "test": [
      {
        "ndcg_at_1": 0.275,
        "ndcg_at_3": 0.32536,
        "ndcg_at_5": 0.33828,
        "ndcg_at_10": 0.35989,
        "ndcg_at_20": 0.37254,
        "ndcg_at_100": 0.40263,
        "ndcg_at_1000": 0.44093,
        "map_at_1": 0.275,
        "map_at_3": 0.31333,
        "map_at_5": 0.32083,
        "map_at_10": 0.33011,
        "map_at_20": 0.33357,
        "map_at_100": 0.33719,
        "map_at_1000": 0.33825,
        "recall_at_1": 0.275,
        "recall_at_3": 0.36,
        "recall_at_5": 0.39,
        "recall_at_10": 0.455,
        "recall_at_20": 0.505,
        "recall_at_100": 0.675,
        "recall_at_1000": 1.0,
        "precision_at_1": 0.275,
        "precision_at_3": 0.12,
        "precision_at_5": 0.078,
        "precision_at_10": 0.0455,
        "precision_at_20": 0.02525,
        "precision_at_100": 0.00675,
        "precision_at_1000": 0.001,
        "mrr_at_1": 0.375,
        "mrr_at_3": 0.3975,
        "mrr_at_5": 0.40475,
        "mrr_at_10": 0.410423,
        "mrr_at_20": 0.412514,
        "mrr_at_100": 0.415781,
        "mrr_at_1000": 0.41684,
        "nauc_ndcg_at_1_max": 0.02065,
        "nauc_ndcg_at_1_std": -0.490665,
        "nauc_ndcg_at_1_diff1": 0.518104,
        "nauc_ndcg_at_3_max": 0.008122,
        "nauc_ndcg_at_3_std": -0.501108,
        "nauc_ndcg_at_3_diff1": 0.443024,
        "nauc_ndcg_at_5_max": 0.008243,
        "nauc_ndcg_at_5_std": -0.502114,
        "nauc_ndcg_at_5_diff1": 0.415852,
        "nauc_ndcg_at_10_max": 0.007737,
        "nauc_ndcg_at_10_std": -0.501672,
        "nauc_ndcg_at_10_diff1": 0.393648,
        "nauc_ndcg_at_20_max": 0.011072,
        "nauc_ndcg_at_20_std": -0.497087,
        "nauc_ndcg_at_20_diff1": 0.393337,
        "nauc_ndcg_at_100_max": 0.013774,
        "nauc_ndcg_at_100_std": -0.509062,
        "nauc_ndcg_at_100_diff1": 0.395082,
        "nauc_ndcg_at_1000_max": 0.011932,
        "nauc_ndcg_at_1000_std": -0.503405,
        "nauc_ndcg_at_1000_diff1": 0.412808,
        "nauc_map_at_1_max": 0.02065,
        "nauc_map_at_1_std": -0.490665,
        "nauc_map_at_1_diff1": 0.518104,
        "nauc_map_at_3_max": 0.013052,
        "nauc_map_at_3_std": -0.498147,
        "nauc_map_at_3_diff1": 0.460291,
        "nauc_map_at_5_max": 0.013105,
        "nauc_map_at_5_std": -0.498749,
        "nauc_map_at_5_diff1": 0.444258,
        "nauc_map_at_10_max": 0.013367,
        "nauc_map_at_10_std": -0.498091,
        "nauc_map_at_10_diff1": 0.43424,
        "nauc_map_at_20_max": 0.014179,
        "nauc_map_at_20_std": -0.496947,
        "nauc_map_at_20_diff1": 0.43402,
        "nauc_map_at_100_max": 0.014579,
        "nauc_map_at_100_std": -0.498,
        "nauc_map_at_100_diff1": 0.434818,
        "nauc_map_at_1000_max": 0.014376,
        "nauc_map_at_1000_std": -0.49807,
        "nauc_map_at_1000_diff1": 0.435447,
        "nauc_recall_at_1_max": 0.02065,
        "nauc_recall_at_1_std": -0.490665,
        "nauc_recall_at_1_diff1": 0.518104,
        "nauc_recall_at_3_max": -0.00639,
        "nauc_recall_at_3_std": -0.509552,
        "nauc_recall_at_3_diff1": 0.395095,
        "nauc_recall_at_5_max": -0.005911,
        "nauc_recall_at_5_std": -0.511686,
        "nauc_recall_at_5_diff1": 0.334866,
        "nauc_recall_at_10_max": -0.009976,
        "nauc_recall_at_10_std": -0.512996,
        "nauc_recall_at_10_diff1": 0.271062,
        "nauc_recall_at_20_max": 0.003502,
        "nauc_recall_at_20_std": -0.494325,
        "nauc_recall_at_20_diff1": 0.268688,
        "nauc_recall_at_100_max": 0.014972,
        "nauc_recall_at_100_std": -0.584969,
        "nauc_recall_at_100_diff1": 0.241033,
        "nauc_recall_at_1000_max": NaN,
        "nauc_recall_at_1000_std": NaN,
        "nauc_recall_at_1000_diff1": NaN,
        "nauc_precision_at_1_max": 0.02065,
        "nauc_precision_at_1_std": -0.490665,
        "nauc_precision_at_1_diff1": 0.518104,
        "nauc_precision_at_3_max": -0.00639,
        "nauc_precision_at_3_std": -0.509552,
        "nauc_precision_at_3_diff1": 0.395095,
        "nauc_precision_at_5_max": -0.005911,
        "nauc_precision_at_5_std": -0.511686,
        "nauc_precision_at_5_diff1": 0.334866,
        "nauc_precision_at_10_max": -0.009976,
        "nauc_precision_at_10_std": -0.512996,
        "nauc_precision_at_10_diff1": 0.271062,
        "nauc_precision_at_20_max": 0.003502,
        "nauc_precision_at_20_std": -0.494325,
        "nauc_precision_at_20_diff1": 0.268688,
        "nauc_precision_at_100_max": 0.014972,
        "nauc_precision_at_100_std": -0.584969,
        "nauc_precision_at_100_diff1": 0.241033,
        "nauc_precision_at_1000_max": 1.0,
        "nauc_precision_at_1000_std": 1.0,
        "nauc_precision_at_1000_diff1": 1.0,
        "nauc_mrr_at_1_max": 0.075115,
        "nauc_mrr_at_1_std": -0.230067,
        "nauc_mrr_at_1_diff1": 0.2434,
        "nauc_mrr_at_3_max": 0.056142,
        "nauc_mrr_at_3_std": -0.266159,
        "nauc_mrr_at_3_diff1": 0.239594,
        "nauc_mrr_at_5_max": 0.060636,
        "nauc_mrr_at_5_std": -0.269304,
        "nauc_mrr_at_5_diff1": 0.227927,
        "nauc_mrr_at_10_max": 0.055358,
        "nauc_mrr_at_10_std": -0.274912,
        "nauc_mrr_at_10_diff1": 0.226184,
        "nauc_mrr_at_20_max": 0.05539,
        "nauc_mrr_at_20_std": -0.279006,
        "nauc_mrr_at_20_diff1": 0.229062,
        "nauc_mrr_at_100_max": 0.055975,
        "nauc_mrr_at_100_std": -0.280399,
        "nauc_mrr_at_100_diff1": 0.229933,
        "nauc_mrr_at_1000_max": 0.055869,
        "nauc_mrr_at_1000_std": -0.279981,
        "nauc_mrr_at_1000_diff1": 0.230081,
        "main_score": 0.35989,
        "hf_subset": "ko",
        "languages": [
          "kor-Hang"
        ]
      }
    ]
  },
  "evaluation_time": 34884.98173856735,
  "kg_co2_emissions": null
}