{
  "dataset_revision": "main",
  "task_name": "PublicHealthQA",
  "mteb_version": "1.38.30",
  "scores": {
    "test": [
      {
        "ndcg_at_1": 0.38961,
        "ndcg_at_3": 0.49752,
        "ndcg_at_5": 0.50871,
        "ndcg_at_10": 0.51709,
        "ndcg_at_20": 0.52368,
        "ndcg_at_100": 0.52368,
        "ndcg_at_1000": 0.52368,
        "map_at_1": 0.38961,
        "map_at_3": 0.47186,
        "map_at_5": 0.47835,
        "map_at_10": 0.48182,
        "map_at_20": 0.48363,
        "map_at_100": 0.48363,
        "map_at_1000": 0.48363,
        "recall_at_1": 0.38961,
        "recall_at_3": 0.57143,
        "recall_at_5": 0.5974,
        "recall_at_10": 0.62338,
        "recall_at_20": 0.64935,
        "recall_at_100": 0.64935,
        "recall_at_1000": 0.64935,
        "precision_at_1": 0.38961,
        "precision_at_3": 0.19048,
        "precision_at_5": 0.11948,
        "precision_at_10": 0.06234,
        "precision_at_20": 0.03247,
        "precision_at_100": 0.00649,
        "precision_at_1000": 0.00065,
        "mrr_at_1": 0.441558,
        "mrr_at_3": 0.497835,
        "mrr_at_5": 0.504329,
        "mrr_at_10": 0.507937,
        "mrr_at_20": 0.509747,
        "mrr_at_100": 0.509747,
        "mrr_at_1000": 0.509747,
        "nauc_ndcg_at_1_max": 0.359521,
        "nauc_ndcg_at_1_std": -0.036856,
        "nauc_ndcg_at_1_diff1": 0.348459,
        "nauc_ndcg_at_3_max": 0.42336,
        "nauc_ndcg_at_3_std": 0.099219,
        "nauc_ndcg_at_3_diff1": 0.225338,
        "nauc_ndcg_at_5_max": 0.429088,
        "nauc_ndcg_at_5_std": 0.123257,
        "nauc_ndcg_at_5_diff1": 0.241452,
        "nauc_ndcg_at_10_max": 0.420267,
        "nauc_ndcg_at_10_std": 0.122968,
        "nauc_ndcg_at_10_diff1": 0.235669,
        "nauc_ndcg_at_20_max": 0.419683,
        "nauc_ndcg_at_20_std": 0.138888,
        "nauc_ndcg_at_20_diff1": 0.229502,
        "nauc_ndcg_at_100_max": 0.419683,
        "nauc_ndcg_at_100_std": 0.138888,
        "nauc_ndcg_at_100_diff1": 0.229502,
        "nauc_ndcg_at_1000_max": 0.419683,
        "nauc_ndcg_at_1000_std": 0.138888,
        "nauc_ndcg_at_1000_diff1": 0.229502,
        "nauc_map_at_1_max": 0.359521,
        "nauc_map_at_1_std": -0.036856,
        "nauc_map_at_1_diff1": 0.348459,
        "nauc_map_at_3_max": 0.411032,
        "nauc_map_at_3_std": 0.068778,
        "nauc_map_at_3_diff1": 0.253118,
        "nauc_map_at_5_max": 0.414207,
        "nauc_map_at_5_std": 0.082247,
        "nauc_map_at_5_diff1": 0.262475,
        "nauc_map_at_10_max": 0.410959,
        "nauc_map_at_10_std": 0.08296,
        "nauc_map_at_10_diff1": 0.259952,
        "nauc_map_at_20_max": 0.410938,
        "nauc_map_at_20_std": 0.087438,
        "nauc_map_at_20_diff1": 0.258178,
        "nauc_map_at_100_max": 0.410938,
        "nauc_map_at_100_std": 0.087438,
        "nauc_map_at_100_diff1": 0.258178,
        "nauc_map_at_1000_max": 0.410938,
        "nauc_map_at_1000_std": 0.087438,
        "nauc_map_at_1000_diff1": 0.258178,
        "nauc_recall_at_1_max": 0.359521,
        "nauc_recall_at_1_std": -0.036856,
        "nauc_recall_at_1_diff1": 0.348459,
        "nauc_recall_at_3_max": 0.459525,
        "nauc_recall_at_3_std": 0.190895,
        "nauc_recall_at_3_diff1": 0.14156,
        "nauc_recall_at_5_max": 0.474747,
        "nauc_recall_at_5_std": 0.253004,
        "nauc_recall_at_5_diff1": 0.178916,
        "nauc_recall_at_10_max": 0.444571,
        "nauc_recall_at_10_std": 0.251817,
        "nauc_recall_at_10_diff1": 0.158134,
        "nauc_recall_at_20_max": 0.441732,
        "nauc_recall_at_20_std": 0.326635,
        "nauc_recall_at_20_diff1": 0.128338,
        "nauc_recall_at_100_max": 0.441732,
        "nauc_recall_at_100_std": 0.326635,
        "nauc_recall_at_100_diff1": 0.128338,
        "nauc_recall_at_1000_max": 0.441732,
        "nauc_recall_at_1000_std": 0.326635,
        "nauc_recall_at_1000_diff1": 0.128338,
        "nauc_precision_at_1_max": 0.359521,
        "nauc_precision_at_1_std": -0.036856,
        "nauc_precision_at_1_diff1": 0.348459,
        "nauc_precision_at_3_max": 0.459525,
        "nauc_precision_at_3_std": 0.190895,
        "nauc_precision_at_3_diff1": 0.14156,
        "nauc_precision_at_5_max": 0.474747,
        "nauc_precision_at_5_std": 0.253004,
        "nauc_precision_at_5_diff1": 0.178916,
        "nauc_precision_at_10_max": 0.444571,
        "nauc_precision_at_10_std": 0.251817,
        "nauc_precision_at_10_diff1": 0.158134,
        "nauc_precision_at_20_max": 0.441732,
        "nauc_precision_at_20_std": 0.326635,
        "nauc_precision_at_20_diff1": 0.128338,
        "nauc_precision_at_100_max": 0.441732,
        "nauc_precision_at_100_std": 0.326635,
        "nauc_precision_at_100_diff1": 0.128338,
        "nauc_precision_at_1000_max": 0.441732,
        "nauc_precision_at_1000_std": 0.326635,
        "nauc_precision_at_1000_diff1": 0.128338,
        "nauc_mrr_at_1_max": 0.472286,
        "nauc_mrr_at_1_std": 0.116897,
        "nauc_mrr_at_1_diff1": 0.210113,
        "nauc_mrr_at_3_max": 0.469686,
        "nauc_mrr_at_3_std": 0.148893,
        "nauc_mrr_at_3_diff1": 0.18103,
        "nauc_mrr_at_5_max": 0.473274,
        "nauc_mrr_at_5_std": 0.162962,
        "nauc_mrr_at_5_diff1": 0.189933,
        "nauc_mrr_at_10_max": 0.470088,
        "nauc_mrr_at_10_std": 0.163804,
        "nauc_mrr_at_10_diff1": 0.18698,
        "nauc_mrr_at_20_max": 0.470243,
        "nauc_mrr_at_20_std": 0.168541,
        "nauc_mrr_at_20_diff1": 0.184982,
        "nauc_mrr_at_100_max": 0.470243,
        "nauc_mrr_at_100_std": 0.168541,
        "nauc_mrr_at_100_diff1": 0.184982,
        "nauc_mrr_at_1000_max": 0.470243,
        "nauc_mrr_at_1000_std": 0.168541,
        "nauc_mrr_at_1000_diff1": 0.184982,
        "main_score": 0.51709,
        "hf_subset": "korean",
        "languages": [
          "kor-Hang"
        ]
      }
    ]
  },
  "evaluation_time": 11.32619047164917,
  "kg_co2_emissions": null
}