{
  "dataset_revision": "main",
  "task_name": "PublicHealthQA",
  "mteb_version": "1.38.27",
  "scores": {
    "test": [
      {
        "ndcg_at_1": 0.66234,
        "ndcg_at_3": 0.76376,
        "ndcg_at_5": 0.78054,
        "ndcg_at_10": 0.79359,
        "ndcg_at_20": 0.81336,
        "ndcg_at_100": 0.81612,
        "ndcg_at_1000": 0.81612,
        "map_at_1": 0.66234,
        "map_at_3": 0.74026,
        "map_at_5": 0.75,
        "map_at_10": 0.75564,
        "map_at_20": 0.76111,
        "map_at_100": 0.76163,
        "map_at_1000": 0.76163,
        "recall_at_1": 0.66234,
        "recall_at_3": 0.83117,
        "recall_at_5": 0.87013,
        "recall_at_10": 0.90909,
        "recall_at_20": 0.98701,
        "recall_at_100": 1.0,
        "recall_at_1000": 1.0,
        "precision_at_1": 0.66234,
        "precision_at_3": 0.27706,
        "precision_at_5": 0.17403,
        "precision_at_10": 0.09091,
        "precision_at_20": 0.04935,
        "precision_at_100": 0.01,
        "precision_at_1000": 0.001,
        "mrr_at_1": 0.675325,
        "mrr_at_3": 0.755411,
        "mrr_at_5": 0.758658,
        "mrr_at_10": 0.764301,
        "mrr_at_20": 0.769812,
        "mrr_at_100": 0.770332,
        "mrr_at_1000": 0.770332,
        "nauc_ndcg_at_1_max": 0.061319,
        "nauc_ndcg_at_1_std": -0.395898,
        "nauc_ndcg_at_1_diff1": 0.328669,
        "nauc_ndcg_at_3_max": 0.103662,
        "nauc_ndcg_at_3_std": -0.360798,
        "nauc_ndcg_at_3_diff1": 0.256023,
        "nauc_ndcg_at_5_max": 0.118711,
        "nauc_ndcg_at_5_std": -0.337844,
        "nauc_ndcg_at_5_diff1": 0.254952,
        "nauc_ndcg_at_10_max": 0.134473,
        "nauc_ndcg_at_10_std": -0.300708,
        "nauc_ndcg_at_10_diff1": 0.252723,
        "nauc_ndcg_at_20_max": 0.128235,
        "nauc_ndcg_at_20_std": -0.322324,
        "nauc_ndcg_at_20_diff1": 0.262938,
        "nauc_ndcg_at_100_max": 0.113135,
        "nauc_ndcg_at_100_std": -0.337517,
        "nauc_ndcg_at_100_diff1": 0.270378,
        "nauc_ndcg_at_1000_max": 0.113135,
        "nauc_ndcg_at_1000_std": -0.337517,
        "nauc_ndcg_at_1000_diff1": 0.270378,
        "nauc_map_at_1_max": 0.061319,
        "nauc_map_at_1_std": -0.395898,
        "nauc_map_at_1_diff1": 0.328669,
        "nauc_map_at_3_max": 0.093857,
        "nauc_map_at_3_std": -0.367256,
        "nauc_map_at_3_diff1": 0.274864,
        "nauc_map_at_5_max": 0.101288,
        "nauc_map_at_5_std": -0.35559,
        "nauc_map_at_5_diff1": 0.275044,
        "nauc_map_at_10_max": 0.107716,
        "nauc_map_at_10_std": -0.340537,
        "nauc_map_at_10_diff1": 0.274158,
        "nauc_map_at_20_max": 0.106883,
        "nauc_map_at_20_std": -0.345378,
        "nauc_map_at_20_diff1": 0.2764,
        "nauc_map_at_100_max": 0.104627,
        "nauc_map_at_100_std": -0.347652,
        "nauc_map_at_100_diff1": 0.277518,
        "nauc_map_at_1000_max": 0.104627,
        "nauc_map_at_1000_std": -0.347652,
        "nauc_map_at_1000_diff1": 0.277518,
        "nauc_recall_at_1_max": 0.061319,
        "nauc_recall_at_1_std": -0.395898,
        "nauc_recall_at_1_diff1": 0.328669,
        "nauc_recall_at_3_max": 0.14176,
        "nauc_recall_at_3_std": -0.33696,
        "nauc_recall_at_3_diff1": 0.181303,
        "nauc_recall_at_5_max": 0.205539,
        "nauc_recall_at_5_std": -0.248849,
        "nauc_recall_at_5_diff1": 0.157493,
        "nauc_recall_at_10_max": 0.321942,
        "nauc_recall_at_10_std": -0.011869,
        "nauc_recall_at_10_diff1": 0.112486,
        "nauc_recall_at_20_max": 1.0,
        "nauc_recall_at_20_std": 0.554847,
        "nauc_recall_at_20_diff1": -0.166582,
        "nauc_recall_at_100_max": NaN,
        "nauc_recall_at_100_std": NaN,
        "nauc_recall_at_100_diff1": NaN,
        "nauc_recall_at_1000_max": NaN,
        "nauc_recall_at_1000_std": NaN,
        "nauc_recall_at_1000_diff1": NaN,
        "nauc_precision_at_1_max": 0.061319,
        "nauc_precision_at_1_std": -0.395898,
        "nauc_precision_at_1_diff1": 0.328669,
        "nauc_precision_at_3_max": 0.14176,
        "nauc_precision_at_3_std": -0.33696,
        "nauc_precision_at_3_diff1": 0.181303,
        "nauc_precision_at_5_max": 0.205539,
        "nauc_precision_at_5_std": -0.248849,
        "nauc_precision_at_5_diff1": 0.157493,
        "nauc_precision_at_10_max": 0.321942,
        "nauc_precision_at_10_std": -0.011869,
        "nauc_precision_at_10_diff1": 0.112486,
        "nauc_precision_at_20_max": 1.0,
        "nauc_precision_at_20_std": 0.554847,
        "nauc_precision_at_20_diff1": -0.166582,
        "nauc_precision_at_100_max": 1.0,
        "nauc_precision_at_100_std": 1.0,
        "nauc_precision_at_100_diff1": 1.0,
        "nauc_precision_at_1000_max": NaN,
        "nauc_precision_at_1000_std": NaN,
        "nauc_precision_at_1000_diff1": NaN,
        "nauc_mrr_at_1_max": 0.14546,
        "nauc_mrr_at_1_std": -0.281122,
        "nauc_mrr_at_1_diff1": 0.295941,
        "nauc_mrr_at_3_max": 0.16179,
        "nauc_mrr_at_3_std": -0.260367,
        "nauc_mrr_at_3_diff1": 0.225022,
        "nauc_mrr_at_5_max": 0.155425,
        "nauc_mrr_at_5_std": -0.272368,
        "nauc_mrr_at_5_diff1": 0.245915,
        "nauc_mrr_at_10_max": 0.163367,
        "nauc_mrr_at_10_std": -0.254851,
        "nauc_mrr_at_10_diff1": 0.244283,
        "nauc_mrr_at_20_max": 0.163851,
        "nauc_mrr_at_20_std": -0.257755,
        "nauc_mrr_at_20_diff1": 0.245798,
        "nauc_mrr_at_100_max": 0.161681,
        "nauc_mrr_at_100_std": -0.259864,
        "nauc_mrr_at_100_diff1": 0.246868,
        "nauc_mrr_at_1000_max": 0.161681,
        "nauc_mrr_at_1000_std": -0.259864,
        "nauc_mrr_at_1000_diff1": 0.246868,
        "main_score": 0.79359,
        "hf_subset": "korean",
        "languages": [
          "kor-Hang"
        ]
      }
    ]
  },
  "evaluation_time": 16.90761160850525,
  "kg_co2_emissions": null
}