{
  "dataset_revision": "c99d599f0a6ab9b85b065da6f9d94f9cf731679f",
  "task_name": "XPQARetrieval",
  "mteb_version": "1.38.30",
  "scores": {
    "test": [
      {
        "ndcg_at_1": 0.35321,
        "ndcg_at_3": 0.40082,
        "ndcg_at_5": 0.43415,
        "ndcg_at_10": 0.47155,
        "ndcg_at_20": 0.50503,
        "ndcg_at_100": 0.56242,
        "ndcg_at_1000": 0.56242,
        "map_at_1": 0.25456,
        "map_at_3": 0.36572,
        "map_at_5": 0.3925,
        "map_at_10": 0.41058,
        "map_at_20": 0.42143,
        "map_at_100": 0.43234,
        "map_at_1000": 0.43234,
        "recall_at_1": 0.25456,
        "recall_at_3": 0.43349,
        "recall_at_5": 0.51529,
        "recall_at_10": 0.61789,
        "recall_at_20": 0.73581,
        "recall_at_100": 1.0,
        "recall_at_1000": 1.0,
        "precision_at_1": 0.35321,
        "precision_at_3": 0.22528,
        "precision_at_5": 0.16269,
        "precision_at_10": 0.0974,
        "precision_at_20": 0.05826,
        "precision_at_100": 0.01564,
        "precision_at_1000": 0.00156,
        "mrr_at_1": 0.383792,
        "mrr_at_3": 0.438328,
        "mrr_at_5": 0.453236,
        "mrr_at_10": 0.466265,
        "mrr_at_20": 0.474348,
        "mrr_at_100": 0.481099,
        "mrr_at_1000": 0.481099,
        "nauc_ndcg_at_1_max": 0.135813,
        "nauc_ndcg_at_1_std": -0.162628,
        "nauc_ndcg_at_1_diff1": 0.42158,
        "nauc_ndcg_at_3_max": 0.097151,
        "nauc_ndcg_at_3_std": -0.200207,
        "nauc_ndcg_at_3_diff1": 0.400778,
        "nauc_ndcg_at_5_max": 0.096388,
        "nauc_ndcg_at_5_std": -0.211355,
        "nauc_ndcg_at_5_diff1": 0.392047,
        "nauc_ndcg_at_10_max": 0.096975,
        "nauc_ndcg_at_10_std": -0.206459,
        "nauc_ndcg_at_10_diff1": 0.408877,
        "nauc_ndcg_at_20_max": 0.120968,
        "nauc_ndcg_at_20_std": -0.173383,
        "nauc_ndcg_at_20_diff1": 0.399355,
        "nauc_ndcg_at_100_max": 0.117953,
        "nauc_ndcg_at_100_std": -0.177471,
        "nauc_ndcg_at_100_diff1": 0.392434,
        "nauc_ndcg_at_1000_max": 0.117953,
        "nauc_ndcg_at_1000_std": -0.177471,
        "nauc_ndcg_at_1000_diff1": 0.392434,
        "nauc_map_at_1_max": 0.057162,
        "nauc_map_at_1_std": -0.20092,
        "nauc_map_at_1_diff1": 0.456313,
        "nauc_map_at_3_max": 0.098711,
        "nauc_map_at_3_std": -0.19041,
        "nauc_map_at_3_diff1": 0.400409,
        "nauc_map_at_5_max": 0.100536,
        "nauc_map_at_5_std": -0.196914,
        "nauc_map_at_5_diff1": 0.390973,
        "nauc_map_at_10_max": 0.101996,
        "nauc_map_at_10_std": -0.194021,
        "nauc_map_at_10_diff1": 0.399627,
        "nauc_map_at_20_max": 0.110685,
        "nauc_map_at_20_std": -0.18382,
        "nauc_map_at_20_diff1": 0.396578,
        "nauc_map_at_100_max": 0.110694,
        "nauc_map_at_100_std": -0.182781,
        "nauc_map_at_100_diff1": 0.393922,
        "nauc_map_at_1000_max": 0.110694,
        "nauc_map_at_1000_std": -0.182781,
        "nauc_map_at_1000_diff1": 0.393922,
        "nauc_recall_at_1_max": 0.057162,
        "nauc_recall_at_1_std": -0.20092,
        "nauc_recall_at_1_diff1": 0.456313,
        "nauc_recall_at_3_max": 0.068108,
        "nauc_recall_at_3_std": -0.220571,
        "nauc_recall_at_3_diff1": 0.389487,
        "nauc_recall_at_5_max": 0.072647,
        "nauc_recall_at_5_std": -0.241188,
        "nauc_recall_at_5_diff1": 0.371372,
        "nauc_recall_at_10_max": 0.063597,
        "nauc_recall_at_10_std": -0.237538,
        "nauc_recall_at_10_diff1": 0.423052,
        "nauc_recall_at_20_max": 0.147059,
        "nauc_recall_at_20_std": -0.109054,
        "nauc_recall_at_20_diff1": 0.391102,
        "nauc_recall_at_100_max": NaN,
        "nauc_recall_at_100_std": NaN,
        "nauc_recall_at_100_diff1": NaN,
        "nauc_recall_at_1000_max": NaN,
        "nauc_recall_at_1000_std": NaN,
        "nauc_recall_at_1000_diff1": NaN,
        "nauc_precision_at_1_max": 0.135813,
        "nauc_precision_at_1_std": -0.162628,
        "nauc_precision_at_1_diff1": 0.42158,
        "nauc_precision_at_3_max": 0.143133,
        "nauc_precision_at_3_std": -0.103884,
        "nauc_precision_at_3_diff1": 0.227265,
        "nauc_precision_at_5_max": 0.13366,
        "nauc_precision_at_5_std": -0.101531,
        "nauc_precision_at_5_diff1": 0.17506,
        "nauc_precision_at_10_max": 0.130921,
        "nauc_precision_at_10_std": -0.066864,
        "nauc_precision_at_10_diff1": 0.171955,
        "nauc_precision_at_20_max": 0.195958,
        "nauc_precision_at_20_std": 0.066854,
        "nauc_precision_at_20_diff1": 0.080243,
        "nauc_precision_at_100_max": 0.170556,
        "nauc_precision_at_100_std": 0.167478,
        "nauc_precision_at_100_diff1": -0.120833,
        "nauc_precision_at_1000_max": 0.170556,
        "nauc_precision_at_1000_std": 0.167478,
        "nauc_precision_at_1000_diff1": -0.120833,
        "nauc_mrr_at_1_max": 0.223726,
        "nauc_mrr_at_1_std": -0.05476,
        "nauc_mrr_at_1_diff1": 0.337801,
        "nauc_mrr_at_3_max": 0.18144,
        "nauc_mrr_at_3_std": -0.110065,
        "nauc_mrr_at_3_diff1": 0.350228,
        "nauc_mrr_at_5_max": 0.181818,
        "nauc_mrr_at_5_std": -0.116322,
        "nauc_mrr_at_5_diff1": 0.351564,
        "nauc_mrr_at_10_max": 0.181421,
        "nauc_mrr_at_10_std": -0.113705,
        "nauc_mrr_at_10_diff1": 0.354917,
        "nauc_mrr_at_20_max": 0.18555,
        "nauc_mrr_at_20_std": -0.107166,
        "nauc_mrr_at_20_diff1": 0.351488,
        "nauc_mrr_at_100_max": 0.185823,
        "nauc_mrr_at_100_std": -0.107128,
        "nauc_mrr_at_100_diff1": 0.350557,
        "nauc_mrr_at_1000_max": 0.185823,
        "nauc_mrr_at_1000_std": -0.107128,
        "nauc_mrr_at_1000_diff1": 0.350557,
        "main_score": 0.47155,
        "hf_subset": "kor-kor",
        "languages": [
          "kor-Hang",
          "kor-Hang"
        ]
      },
      {
        "ndcg_at_1": 0.05352,
        "ndcg_at_3": 0.03946,
        "ndcg_at_5": 0.03827,
        "ndcg_at_10": 0.03937,
        "ndcg_at_20": 0.03976,
        "ndcg_at_100": 0.04232,
        "ndcg_at_1000": 0.04232,
        "map_at_1": 0.02638,
        "map_at_3": 0.03078,
        "map_at_5": 0.03116,
        "map_at_10": 0.0316,
        "map_at_20": 0.03171,
        "map_at_100": 0.03204,
        "map_at_1000": 0.03204,
        "recall_at_1": 0.02638,
        "recall_at_3": 0.03509,
        "recall_at_5": 0.03662,
        "recall_at_10": 0.03891,
        "recall_at_20": 0.04044,
        "recall_at_100": 0.05306,
        "recall_at_1000": 0.05306,
        "precision_at_1": 0.05352,
        "precision_at_3": 0.02294,
        "precision_at_5": 0.01407,
        "precision_at_10": 0.00765,
        "precision_at_20": 0.0039,
        "precision_at_100": 0.00096,
        "precision_at_1000": 0.0001,
        "mrr_at_1": 0.053517,
        "mrr_at_3": 0.058614,
        "mrr_at_5": 0.058919,
        "mrr_at_10": 0.059684,
        "mrr_at_20": 0.059786,
        "mrr_at_100": 0.060197,
        "mrr_at_1000": 0.060197,
        "nauc_ndcg_at_1_max": 0.438523,
        "nauc_ndcg_at_1_std": 0.443338,
        "nauc_ndcg_at_1_diff1": 0.489026,
        "nauc_ndcg_at_3_max": 0.435629,
        "nauc_ndcg_at_3_std": 0.442159,
        "nauc_ndcg_at_3_diff1": 0.461943,
        "nauc_ndcg_at_5_max": 0.421195,
        "nauc_ndcg_at_5_std": 0.424331,
        "nauc_ndcg_at_5_diff1": 0.450124,
        "nauc_ndcg_at_10_max": 0.424901,
        "nauc_ndcg_at_10_std": 0.42795,
        "nauc_ndcg_at_10_diff1": 0.446361,
        "nauc_ndcg_at_20_max": 0.416639,
        "nauc_ndcg_at_20_std": 0.419658,
        "nauc_ndcg_at_20_diff1": 0.437888,
        "nauc_ndcg_at_100_max": 0.40192,
        "nauc_ndcg_at_100_std": 0.405233,
        "nauc_ndcg_at_100_diff1": 0.40979,
        "nauc_ndcg_at_1000_max": 0.40192,
        "nauc_ndcg_at_1000_std": 0.405233,
        "nauc_ndcg_at_1000_diff1": 0.40979,
        "nauc_map_at_1_max": 0.438007,
        "nauc_map_at_1_std": 0.447776,