{
  "dataset_revision": "c99d599f0a6ab9b85b065da6f9d94f9cf731679f",
  "task_name": "XPQARetrieval",
  "mteb_version": "1.38.27",
  "scores": {
    "test": [
      {
        "ndcg_at_1": 0.32416,
        "ndcg_at_3": 0.34323,
        "ndcg_at_5": 0.36645,
        "ndcg_at_10": 0.39433,
        "ndcg_at_20": 0.41931,
        "ndcg_at_100": 0.45992,
        "ndcg_at_1000": 0.48723,
        "map_at_1": 0.22793,
        "map_at_3": 0.31357,
        "map_at_5": 0.33206,
        "map_at_10": 0.34604,
        "map_at_20": 0.35401,
        "map_at_100": 0.36072,
        "map_at_1000": 0.36151,
        "recall_at_1": 0.22793,
        "recall_at_3": 0.36343,
        "recall_at_5": 0.42176,
        "recall_at_10": 0.49727,
        "recall_at_20": 0.58504,
        "recall_at_100": 0.7776,
        "recall_at_1000": 1.0,
        "precision_at_1": 0.32416,
        "precision_at_3": 0.19062,
        "precision_at_5": 0.13425,
        "precision_at_10": 0.07936,
        "precision_at_20": 0.04648,
        "precision_at_100": 0.01245,
        "precision_at_1000": 0.00156,
        "mrr_at_1": 0.321101,
        "mrr_at_3": 0.364679,
        "mrr_at_5": 0.377905,
        "mrr_at_10": 0.387905,
        "mrr_at_20": 0.393854,
        "mrr_at_100": 0.398492,
        "mrr_at_1000": 0.398918,
        "nauc_ndcg_at_1_max": 0.205815,
        "nauc_ndcg_at_1_std": -0.121783,
        "nauc_ndcg_at_1_diff1": 0.431922,
        "nauc_ndcg_at_3_max": 0.183994,
        "nauc_ndcg_at_3_std": -0.117628,
        "nauc_ndcg_at_3_diff1": 0.380794,
        "nauc_ndcg_at_5_max": 0.189745,
        "nauc_ndcg_at_5_std": -0.115643,
        "nauc_ndcg_at_5_diff1": 0.384713,
        "nauc_ndcg_at_10_max": 0.193632,
        "nauc_ndcg_at_10_std": -0.110716,
        "nauc_ndcg_at_10_diff1": 0.378872,
        "nauc_ndcg_at_20_max": 0.200297,
        "nauc_ndcg_at_20_std": -0.100834,
        "nauc_ndcg_at_20_diff1": 0.383172,
        "nauc_ndcg_at_100_max": 0.227103,
        "nauc_ndcg_at_100_std": -0.054536,
        "nauc_ndcg_at_100_diff1": 0.3725,
        "nauc_ndcg_at_1000_max": 0.216661,
        "nauc_ndcg_at_1000_std": -0.077973,
        "nauc_ndcg_at_1000_diff1": 0.377984,
        "nauc_map_at_1_max": 0.135927,
        "nauc_map_at_1_std": -0.152399,
        "nauc_map_at_1_diff1": 0.476623,
        "nauc_map_at_3_max": 0.182298,
        "nauc_map_at_3_std": -0.114649,
        "nauc_map_at_3_diff1": 0.386428,
        "nauc_map_at_5_max": 0.187414,
        "nauc_map_at_5_std": -0.111424,
        "nauc_map_at_5_diff1": 0.385534,
        "nauc_map_at_10_max": 0.191185,
        "nauc_map_at_10_std": -0.1089,
        "nauc_map_at_10_diff1": 0.382113,
        "nauc_map_at_20_max": 0.193284,
        "nauc_map_at_20_std": -0.106659,
        "nauc_map_at_20_diff1": 0.383392,
        "nauc_map_at_100_max": 0.197246,
        "nauc_map_at_100_std": -0.099602,
        "nauc_map_at_100_diff1": 0.381887,
        "nauc_map_at_1000_max": 0.197674,
        "nauc_map_at_1000_std": -0.099308,
        "nauc_map_at_1000_diff1": 0.381862,
        "nauc_recall_at_1_max": 0.135927,
        "nauc_recall_at_1_std": -0.152399,
        "nauc_recall_at_1_diff1": 0.476623,
        "nauc_recall_at_3_max": 0.160941,
        "nauc_recall_at_3_std": -0.120228,
        "nauc_recall_at_3_diff1": 0.350919,
        "nauc_recall_at_5_max": 0.17999,
        "nauc_recall_at_5_std": -0.110784,
        "nauc_recall_at_5_diff1": 0.355255,
        "nauc_recall_at_10_max": 0.181962,
        "nauc_recall_at_10_std": -0.101347,
        "nauc_recall_at_10_diff1": 0.343949,
        "nauc_recall_at_20_max": 0.196521,
        "nauc_recall_at_20_std": -0.06783,
        "nauc_recall_at_20_diff1": 0.360952,
        "nauc_recall_at_100_max": 0.371116,
        "nauc_recall_at_100_std": 0.265267,
        "nauc_recall_at_100_diff1": 0.279925,
        "nauc_recall_at_1000_max": NaN,
        "nauc_recall_at_1000_std": NaN,
        "nauc_recall_at_1000_diff1": NaN,
        "nauc_precision_at_1_max": 0.205815,
        "nauc_precision_at_1_std": -0.121783,
        "nauc_precision_at_1_diff1": 0.431922,
        "nauc_precision_at_3_max": 0.217781,
        "nauc_precision_at_3_std": -0.040278,
        "nauc_precision_at_3_diff1": 0.204503,
        "nauc_precision_at_5_max": 0.212158,
        "nauc_precision_at_5_std": -0.028941,
        "nauc_precision_at_5_diff1": 0.193391,
        "nauc_precision_at_10_max": 0.213028,
        "nauc_precision_at_10_std": -0.013101,
        "nauc_precision_at_10_diff1": 0.162518,
        "nauc_precision_at_20_max": 0.231376,
        "nauc_precision_at_20_std": 0.030179,
        "nauc_precision_at_20_diff1": 0.139227,
        "nauc_precision_at_100_max": 0.297865,
        "nauc_precision_at_100_std": 0.224774,
        "nauc_precision_at_100_diff1": 0.007489,
        "nauc_precision_at_1000_max": 0.192851,
        "nauc_precision_at_1000_std": 0.146338,
        "nauc_precision_at_1000_diff1": -0.106492,
        "nauc_mrr_at_1_max": 0.18747,
        "nauc_mrr_at_1_std": -0.133044,
        "nauc_mrr_at_1_diff1": 0.441331,
        "nauc_mrr_at_3_max": 0.194361,
        "nauc_mrr_at_3_std": -0.126744,
        "nauc_mrr_at_3_diff1": 0.404024,
        "nauc_mrr_at_5_max": 0.199836,
        "nauc_mrr_at_5_std": -0.120291,
        "nauc_mrr_at_5_diff1": 0.404378,
        "nauc_mrr_at_10_max": 0.20031,
        "nauc_mrr_at_10_std": -0.118882,
        "nauc_mrr_at_10_diff1": 0.40278,
        "nauc_mrr_at_20_max": 0.201867,
        "nauc_mrr_at_20_std": -0.115394,
        "nauc_mrr_at_20_diff1": 0.403668,
        "nauc_mrr_at_100_max": 0.20434,
        "nauc_mrr_at_100_std": -0.111171,
        "nauc_mrr_at_100_diff1": 0.403066,
        "nauc_mrr_at_1000_max": 0.204079,
        "nauc_mrr_at_1000_std": -0.11159,
        "nauc_mrr_at_1000_diff1": 0.403224,
        "main_score": 0.39433,
        "hf_subset": "kor-kor",
        "languages": [
          "kor-Hang",
          "kor-Hang"
        ]
      },
      {
        "ndcg_at_1": 0.31193,
        "ndcg_at_3": 0.29553,
        "ndcg_at_5": 0.31277,
        "ndcg_at_10": 0.33928,
        "ndcg_at_20": 0.35743,
        "ndcg_at_100": 0.38282,
        "ndcg_at_1000": 0.41784,
        "map_at_1": 0.17342,
        "map_at_3": 0.24545,
        "map_at_5": 0.2706,
        "map_at_10": 0.28434,
        "map_at_20": 0.29001,
        "map_at_100": 0.29424,
        "map_at_1000": 0.29521,
        "recall_at_1": 0.17342,
        "recall_at_3": 0.27877,
        "recall_at_5": 0.3449,
        "recall_at_10": 0.41124,
        "recall_at_20": 0.4696,
        "recall_at_100": 0.58486,
        "recall_at_1000": 0.86119,
        "precision_at_1": 0.31193,
        "precision_at_3": 0.19419,
        "precision_at_5": 0.14465,
        "precision_at_10": 0.0867,
        "precision_at_20": 0.04962,
        "precision_at_100": 0.01229,
        "precision_at_1000": 0.00168,
        "mrr_at_1": 0.307339,
        "mrr_at_3": 0.346075,
        "mrr_at_5": 0.35739,
        "mrr_at_10": 0.367442,
        "mrr_at_20": 0.372716,
        "mrr_at_100": 0.375149,
        "mrr_at_1000": 0.375728,
        "nauc_ndcg_at_1_max": 0.116143,
        "nauc_ndcg_at_1_std": 0.02121,
        "nauc_ndcg_at_1_diff1": 0.322653,
        "nauc_ndcg_at_3_max": 0.101441,
        "nauc_ndcg_at_3_std": 0.002687,
        "nauc_ndcg_at_3_diff1": 0.327422,
        "nauc_ndcg_at_5_max": 0.098617,
        "nauc_ndcg_at_5_std": 0.002751,
        "nauc_ndcg_at_5_diff1": 0.330586,
        "nauc_ndcg_at_10_max": 0.09148,
        "nauc_ndcg_at_10_std": -0.001976,
        "nauc_ndcg_at_10_diff1": 0.323769,
        "nauc_ndcg_at_20_max": 0.11005,
        "nauc_ndcg_at_20_std": 0.019534,
        "nauc_ndcg_at_20_diff1": 0.331984,
        "nauc_ndcg_at_100_max": 0.150543,
        "nauc_ndcg_at_100_std": 0.069924,
        "nauc_ndcg_at_100_diff1": 0.333224,
        "nauc_ndcg_at_1000_max": 0.132209,
        "nauc_ndcg_at_1000_std": 0.046194,
        "nauc_ndcg_at_1000_diff1": 0.330117,
        "nauc_map_at_1_max": 0.020656,